Loaded config: normal_gnn_l1_bal_single
Recommendations (np.float64(520483.4680976486), np.float64(867472.4468294143))
LOAD shared Policy
Prepared to train 400 iterations
Training Iteration 0
Collecting Episode 0
Collecting Episode 10
Collecting Episode 20
Collecting Episode 30
Finish Collecting Episodes in 44.07 seconds
avg value loss 20110609.458767362
Iteration 1/400 - Average Reward: -3.357136380056747
{'AREA': np.float64(88721.85022896975), 'weighted_R_M': 2.673696965771847, 'weighted_R_T': 0.4519381473461787, 'weighted_R_P': -0.33590443929036456, 'cost_balance': np.float64(6.14686706701637), 'R_T_ratio': 9.6879728209308e-06, 'R_P_ratio': -1.5041535537521325e-05}
Training Iteration 1
Collecting Episode 0
Collecting Episode 10
Collecting Episode 20
Collecting Episode 30
Finish Collecting Episodes in 43.85 seconds
avg value loss 677166.2673611111
Iteration 2/400 - Average Reward: -0.03285722299996349
{'AREA': np.float64(179194.1222651412), 'weighted_R_M': -0.3610197828476076, 'weighted_R_T': 0.4931253774298562, 'weighted_R_P': 3.6131184895833335, 'cost_balance': np.float64(3.7780813078957567), 'R_T_ratio': 1.056396742573567e-05, 'R_P_ratio': 0.0001603227929069405}
Training Iteration 2
Collecting Episode 0
Collecting Episode 10
Collecting Episode 20
Collecting Episode 30
Finish Collecting Episodes in 43.70 seconds
avg value loss 479886.3359375
Iteration 3/400 - Average Reward: -0.03986358739590893
{'AREA': np.float64(181092.26298772288), 'weighted_R_M': 1.1886625613470743, 'weighted_R_T': 0.14671951532363892, 'weighted_R_P': 2.340304904513889, 'cost_balance': np.float64(3.715550565329981), 'R_T_ratio': 3.1325608316479236e-06, 'R_P_ratio': 0.00010401136173938797}
Training Iteration 3
Collecting Episode 0
Collecting Episode 10
Collecting Episode 20
Collecting Episode 30
Finish Collecting Episodes in 43.70 seconds
avg value loss 474812.90473090275
Iteration 4/400 - Average Reward: 0.6429470853698958
{'AREA': np.float64(170183.68338768094), 'weighted_R_M': 6.0400962088177845, 'weighted_R_T': 0.4843214634391997, 'weighted_R_P': -1.9366446601019964, 'cost_balance': np.float64(3.944825940192739), 'R_T_ratio': 1.0371590388928862e-05, 'R_P_ratio': -8.695587822856361e-05}
Training Iteration 4
Collecting Episode 0
Collecting Episode 10
Collecting Episode 20
Collecting Episode 30
Finish Collecting Episodes in 43.71 seconds
avg value loss 411524.96343315975
Iteration 5/400 - Average Reward: -1.3781766556462065
{'AREA': np.float64(176061.27525764733), 'weighted_R_M': 2.6383887680467524, 'weighted_R_T': 0.4101323154237535, 'weighted_R_P': -0.5058398776584201, 'cost_balance': np.float64(3.9208578594181684), 'R_T_ratio': 8.783911102064027e-06, 'R_P_ratio': -2.2726175861406376e-05}
Training Iteration 5
Collecting Episode 0
Collecting Episode 10
Collecting Episode 20
Collecting Episode 30
Finish Collecting Episodes in 43.80 seconds
avg value loss 349148.0212673611
Iteration 6/400 - Average Reward: -0.8929982372792438
{'AREA': np.float64(171800.7178121362), 'weighted_R_M': 2.2648341761213384, 'weighted_R_T': 0.6820476700862249, 'weighted_R_P': -0.022132025824652776, 'cost_balance': np.float64(3.817748059895208), 'R_T_ratio': 1.4611878953130208e-05, 'R_P_ratio': -1.0895590669721432e-06}
Training Iteration 6
Collecting Episode 0
Collecting Episode 10
Collecting Episode 20
Collecting Episode 30
Finish Collecting Episodes in 43.71 seconds
avg value loss 291783.4831271701
Iteration 7/400 - Average Reward: -2.5636627476455436
{'AREA': np.float64(182073.25686820594), 'weighted_R_M': -1.6643645268820062, 'weighted_R_T': 0.1392455581161711, 'weighted_R_P': 2.6806988186306424, 'cost_balance': np.float64(3.7192425987803057), 'R_T_ratio': 2.9705913856290265e-06, 'R_P_ratio': 0.00011913382389404832}
Training Iteration 7
Collecting Episode 0
Collecting Episode 10
Collecting Episode 20
Collecting Episode 30
Finish Collecting Episodes in 43.71 seconds
avg value loss 244002.6953125
Iteration 8/400 - Average Reward: -1.754780619030094
{'AREA': np.float64(173858.5770618993), 'weighted_R_M': -1.8914302355366697, 'weighted_R_T': 0.6019810438156128, 'weighted_R_P': 3.329832288953993, 'cost_balance': np.float64(3.795163720638467), 'R_T_ratio': 1.2906619867053548e-05, 'R_P_ratio': 0.000147814228962558}
Training Iteration 8
Collecting Episode 0
Collecting Episode 10
Collecting Episode 20
Collecting Episode 30
Finish Collecting Episodes in 43.72 seconds
avg value loss 196382.05208333334
Iteration 9/400 - Average Reward: 0.24196573794405493
{'AREA': np.float64(179054.24470490092), 'weighted_R_M': 1.4368639095017797, 'weighted_R_T': 0.6590651224056879, 'weighted_R_P': 1.8061294555664062, 'cost_balance': np.float64(3.660092760197007), 'R_T_ratio': 1.4126545407888713e-05, 'R_P_ratio': 8.029974335405397e-05}
Training Iteration 9
Collecting Episode 0
Collecting Episode 10
Collecting Episode 20
Collecting Episode 30
Finish Collecting Episodes in 43.71 seconds
avg value loss 166756.46495225694
Iteration 10/400 - Average Reward: 0.4634375871780018
{'AREA': np.float64(174759.12509831192), 'weighted_R_M': 1.7334089329406197, 'weighted_R_T': 0.7761625813113319, 'weighted_R_P': 1.7381863064236112, 'cost_balance': np.float64(3.7843202311784756), 'R_T_ratio': 1.6647045301832535e-05, 'R_P_ratio': 7.726032579268171e-05}
Training Iteration 10
Collecting Episode 0
Collecting Episode 10
Collecting Episode 20
Collecting Episode 30
Finish Collecting Episodes in 43.82 seconds
avg value loss 146285.11848958334
Iteration 11/400 - Average Reward: 0.2173683600138045
{'AREA': np.float64(177580.87642325685), 'weighted_R_M': 3.73358641349316, 'weighted_R_T': 0.6695886469549603, 'weighted_R_P': -0.3969302707248264, 'cost_balance': np.float64(3.788876412414868), 'R_T_ratio': 1.4343576237067316e-05, 'R_P_ratio': -1.787565106830474e-05}
Training Iteration 11
Collecting Episode 0
Collecting Episode 10
Collecting Episode 20
Collecting Episode 30
Finish Collecting Episodes in 43.70 seconds
avg value loss 118457.11154513889
Iteration 12/400 - Average Reward: 0.38885573617234415
{'AREA': np.float64(176993.3213508034), 'weighted_R_M': 4.294925104702189, 'weighted_R_T': 0.6664072473843893, 'weighted_R_P': -0.8238677978515625, 'cost_balance': np.float64(3.7486088330762595), 'R_T_ratio': 1.4276677187125615e-05, 'R_P_ratio': -3.702427081694881e-05}
Training Iteration 12
Collecting Episode 0
Collecting Episode 10
Collecting Episode 20
Collecting Episode 30
Finish Collecting Episodes in 43.74 seconds
avg value loss 119133.32457139756
Iteration 13/400 - Average Reward: 0.42855742399115115
{'AREA': np.float64(169491.1553137625), 'weighted_R_M': 4.378742773722883, 'weighted_R_T': 0.8203863220082389, 'weighted_R_P': -0.8538224962022569, 'cost_balance': np.float64(3.916749178038383), 'R_T_ratio': 1.758489220092067e-05, 'R_P_ratio': -3.8364798855491625e-05}
Training Iteration 13
Collecting Episode 0
Collecting Episode 10
Collecting Episode 20
Collecting Episode 30
Finish Collecting Episodes in 43.71 seconds
avg value loss 90760.70724826389
Iteration 14/400 - Average Reward: 0.22637777912637425
{'AREA': np.float64(172690.81565006345), 'weighted_R_M': 4.241877967458903, 'weighted_R_T': 0.7158507423268424, 'weighted_R_P': -0.9057108561197916, 'cost_balance': np.float64(3.825640016985828), 'R_T_ratio': 1.5334409427704267e-05, 'R_P_ratio': -4.071353878788554e-05}
Training Iteration 14
Collecting Episode 0
Collecting Episode 10
Collecting Episode 20
Collecting Episode 30
Finish Collecting Episodes in 43.83 seconds
avg value loss 85668.14336480034
Iteration 15/400 - Average Reward: 0.39642623263514704
{'AREA': np.float64(178154.18516838053), 'weighted_R_M': 4.49030364414557, 'weighted_R_T': 0.6221516182025274, 'weighted_R_P': -0.9865637885199653, 'cost_balance': np.float64(3.7294652515878712), 'R_T_ratio': 1.332361147222806e-05, 'R_P_ratio': -4.430145479641009e-05}
Training Iteration 15
Collecting Episode 0
Collecting Episode 10
Collecting Episode 20
Collecting Episode 30
Finish Collecting Episodes in 43.71 seconds
avg value loss 76738.35499403212
Iteration 16/400 - Average Reward: 0.42441757689488846
{'AREA': np.float64(174687.13172059332), 'weighted_R_M': 4.263209654679587, 'weighted_R_T': 0.8405931260850694, 'weighted_R_P': -0.8673010932074653, 'cost_balance': np.float64(3.812084121494613), 'R_T_ratio': 1.8017606490283722e-05, 'R_P_ratio': -3.8947723512178234e-05}
Training Iteration 16
Collecting Episode 0
Collecting Episode 10
Collecting Episode 20
Collecting Episode 30
Finish Collecting Episodes in 43.72 seconds
avg value loss 64052.173529730906
Iteration 17/400 - Average Reward: 0.1567408392697366
{'AREA': np.float64(172722.26529242), 'weighted_R_M': 4.480116637306411, 'weighted_R_T': 0.5529431833161248, 'weighted_R_P': -1.01149410671658, 'cost_balance': np.float64(3.864824892633773), 'R_T_ratio': 1.1842551511928282e-05, 'R_P_ratio': -4.5413705710848104e-05}
Training Iteration 17
Collecting Episode 0
Collecting Episode 10
Collecting Episode 20
Collecting Episode 30
Finish Collecting Episodes in 43.71 seconds
avg value loss 54365.49803331163
Iteration 18/400 - Average Reward: 0.6573339091458669
{'AREA': np.float64(172065.10187302373), 'weighted_R_M': 4.580045905947271, 'weighted_R_T': 0.8641580641269684, 'weighted_R_P': -0.9607713487413194, 'cost_balance': np.float64(3.82609870626948), 'R_T_ratio': 1.8524574376325525e-05, 'R_P_ratio': -4.3140105819541555e-05}
Training Iteration 18
Collecting Episode 0
Collecting Episode 10
Collecting Episode 20
Collecting Episode 30
Finish Collecting Episodes in 43.74 seconds
avg value loss 39464.12189398872
Iteration 19/400 - Average Reward: 1.0726900467416272
{'AREA': np.float64(174416.7665808158), 'weighted_R_M': 4.62232692099355, 'weighted_R_T': 1.0299022396405537, 'weighted_R_P': -0.8505876329210069, 'cost_balance': np.float64(3.7289514806804362), 'R_T_ratio': 2.207826787345435e-05, 'R_P_ratio': -3.8213667498664274e-05}
Training Iteration 19
Collecting Episode 0
Collecting Episode 10
Collecting Episode 20
Collecting Episode 30
Finish Collecting Episodes in 43.75 seconds
avg value loss 38074.59076605903
Iteration 20/400 - Average Reward: 0.15117935166280302
{'AREA': np.float64(181319.61132902635), 'weighted_R_M': 4.413337221697374, 'weighted_R_T': 0.6507479846477509, 'weighted_R_P': -1.161423577202691, 'cost_balance': np.float64(3.751482263754158), 'R_T_ratio': 1.3938398022957562e-05, 'R_P_ratio': -5.2140217653885555e-05}
Checkpoint saved to checkpoints/ckpt_normal_gnn_l1_bal_single_20_0.15.pt
Training Iteration 20
Collecting Episode 0
Collecting Episode 10
Collecting Episode 20
Collecting Episode 30
Finish Collecting Episodes in 43.76 seconds
avg value loss 34157.27566189236
Iteration 21/400 - Average Reward: 0.05052391036103169
{'AREA': np.float64(177365.2222276148), 'weighted_R_M': 4.444056047458919, 'weighted_R_T': 0.4665195594231288, 'weighted_R_P': -1.0678041246202257, 'cost_balance': np.float64(3.7922475452166657), 'R_T_ratio': 9.9792149616498e-06, 'R_P_ratio': -4.7933711203102585e-05}
Training Iteration 21
Collecting Episode 0
Collecting Episode 10
Collecting Episode 20
Collecting Episode 30
Finish Collecting Episodes in 43.75 seconds
avg value loss 35722.74621582031
Iteration 22/400 - Average Reward: 0.6000978122853363
{'AREA': np.float64(170466.1992825967), 'weighted_R_M': 4.466801002846397, 'weighted_R_T': 0.796564958161778, 'weighted_R_P': -0.7678248087565104, 'cost_balance': np.float64(3.8954433487077225), 'R_T_ratio': 1.7074288439780957e-05, 'R_P_ratio': -3.44777458602705e-05}
Training Iteration 22
Collecting Episode 0
Collecting Episode 10
Collecting Episode 20
Collecting Episode 30
Finish Collecting Episodes in 43.85 seconds
avg value loss 30772.52443440755
Iteration 23/400 - Average Reward: 0.11608388339583245
{'AREA': np.float64(169379.10530259565), 'weighted_R_M': 4.387523388579009, 'weighted_R_T': 0.6389843490388658, 'weighted_R_P': -0.9474300808376737, 'cost_balance': np.float64(3.962993778548468), 'R_T_ratio': 1.3694696826672805e-05, 'R_P_ratio': -4.25168565411391e-05}
Training Iteration 23
Collecting Episode 0
Collecting Episode 10
Collecting Episode 20
Collecting Episode 30
Finish Collecting Episodes in 43.72 seconds
avg value loss 23030.84710015191
Iteration 24/400 - Average Reward: 0.6205571391490392
{'AREA': np.float64(174144.0736662827), 'weighted_R_M': 4.571395000636888, 'weighted_R_T': 0.8791741033395132, 'weighted_R_P': -0.9354485405815972, 'cost_balance': np.float64(3.894563399770264), 'R_T_ratio': 1.8840181810947376e-05, 'R_P_ratio': -4.201609934774265e-05}
Training Iteration 24
Collecting Episode 0
Collecting Episode 10
Collecting Episode 20
Collecting Episode 30
Finish Collecting Episodes in 43.74 seconds
avg value loss 14451.108710394965
Iteration 25/400 - Average Reward: -0.01582526856671191
{'AREA': np.float64(169870.9435338893), 'weighted_R_M': 4.21814950941694, 'weighted_R_T': 0.6652091509766049, 'weighted_R_P': -1.0235824584960938, 'cost_balance': np.float64(3.8756014889576966), 'R_T_ratio': 1.4260191356492887e-05, 'R_P_ratio': -4.5962436112011946e-05}
Training Iteration 25
Collecting Episode 0
Collecting Episode 10
Collecting Episode 20
Collecting Episode 30
Finish Collecting Episodes in 43.72 seconds
avg value loss 11529.773396809896
Iteration 26/400 - Average Reward: 0.29359117280950564
{'AREA': np.float64(173842.52078134334), 'weighted_R_M': 4.4782351142558685, 'weighted_R_T': 0.6587608804305395, 'weighted_R_P': -1.0281889173719618, 'cost_balance': np.float64(3.81521588520747), 'R_T_ratio': 1.4129665841457658e-05, 'R_P_ratio': -4.616763281489744e-05}
Training Iteration 26
Collecting Episode 0
Collecting Episode 10
Collecting Episode 20
Collecting Episode 30
Finish Collecting Episodes in 43.86 seconds
avg value loss 10392.411051432291
Iteration 27/400 - Average Reward: 0.45790782577306444
{'AREA': np.float64(177885.23054471042), 'weighted_R_M': 4.492369598762404, 'weighted_R_T': 0.7303886976506975, 'weighted_R_P': -0.9219860500759549, 'cost_balance': np.float64(3.8428644493349364), 'R_T_ratio': 1.5649054164512677e-05, 'R_P_ratio': -4.1430955745500965e-05}
Training Iteration 27
Collecting Episode 0
Collecting Episode 10
Collecting Episode 20
Collecting Episode 30
Finish Collecting Episodes in 43.74 seconds
avg value loss 10208.988681369357
Iteration 28/400 - Average Reward: -0.16645037666118392
{'AREA': np.float64(171016.31080142336), 'weighted_R_M': 4.559259938291183, 'weighted_R_T': 0.4975251489215427, 'weighted_R_P': -1.3030336168077257, 'cost_balance': np.float64(3.9202018470847815), 'R_T_ratio': 1.0651273762608672e-05, 'R_P_ratio': -5.8475996109851204e-05}
Training Iteration 28
Collecting Episode 0
Collecting Episode 10
Collecting Episode 20
Collecting Episode 30
Finish Collecting Episodes in 43.74 seconds
avg value loss 10621.30419921875
Iteration 29/400 - Average Reward: 0.35432786621256834
{'AREA': np.float64(174007.4221091459), 'weighted_R_M': 4.5354419005062585, 'weighted_R_T': 0.7127200613419215, 'weighted_R_P': -1.021922641330295, 'cost_balance': np.float64(3.8719114572406914), 'R_T_ratio': 1.5269305582898347e-05, 'R_P_ratio': -4.588605620485674e-05}
Training Iteration 29
Collecting Episode 0
Collecting Episode 10
Collecting Episode 20
Collecting Episode 30
Finish Collecting Episodes in 43.72 seconds
avg value loss 8072.341423882379
Iteration 30/400 - Average Reward: 0.4115212323118208
{'AREA': np.float64(174141.81023553526), 'weighted_R_M': 4.758631160453256, 'weighted_R_T': 0.6132752978139453, 'weighted_R_P': -1.1772520277235243, 'cost_balance': np.float64(3.78313319037815), 'R_T_ratio': 1.3143826500441572e-05, 'R_P_ratio': -5.285315831122301e-05}
Training Iteration 30
Collecting Episode 0
Collecting Episode 10
Collecting Episode 20
Collecting Episode 30
Finish Collecting Episodes in 43.75 seconds
avg value loss 7269.272237141927
Iteration 31/400 - Average Reward: 0.26783694431651384
{'AREA': np.float64(179144.2093590582), 'weighted_R_M': 4.816630315686376, 'weighted_R_T': 0.5082703249322044, 'weighted_R_P': -1.3561876085069444, 'cost_balance': np.float64(3.700876083372014), 'R_T_ratio': 1.0873609649322516e-05, 'R_P_ratio': -6.0907515318308565e-05}
Training Iteration 31
Collecting Episode 0
Collecting Episode 10
Collecting Episode 20
Collecting Episode 30
Finish Collecting Episodes in 43.73 seconds
avg value loss 9450.703735351562
Iteration 32/400 - Average Reward: 0.5590347826429125
{'AREA': np.float64(177327.7730193127), 'weighted_R_M': 4.9786805240461645, 'weighted_R_T': 0.7473532540930642, 'weighted_R_P': -1.3960825602213542, 'cost_balance': np.float64(3.7709164323545385), 'R_T_ratio': 1.601388605773943e-05, 'R_P_ratio': -6.268132790573612e-05}
Training Iteration 32
Collecting Episode 0
Collecting Episode 10
Collecting Episode 20
Collecting Episode 30
Finish Collecting Episodes in 43.75 seconds
avg value loss 5333.861592610677
Iteration 33/400 - Average Reward: 0.7769816557669805
{'AREA': np.float64(174786.19238004225), 'weighted_R_M': 4.683907534416196, 'weighted_R_T': 0.9398336178726621, 'weighted_R_P': -1.0619642469618056, 'cost_balance': np.float64(3.78479524632371), 'R_T_ratio': 2.0150349751181364e-05, 'R_P_ratio': -4.768623384307194e-05}
Training Iteration 33
Collecting Episode 0
Collecting Episode 10
Collecting Episode 20
Collecting Episode 30
Finish Collecting Episodes in 43.73 seconds
avg value loss 5563.009250217014
Iteration 34/400 - Average Reward: 0.1684585630816097
{'AREA': np.float64(176859.83564361284), 'weighted_R_M': 4.680662999037547, 'weighted_R_T': 0.5131119655238258, 'weighted_R_P': -1.3055716620551214, 'cost_balance': np.float64(3.719744732050866), 'R_T_ratio': 1.0988308285173979e-05, 'R_P_ratio': -5.8623333980508306e-05}
Training Iteration 34
Collecting Episode 0
Collecting Episode 10
Collecting Episode 20
Collecting Episode 30
Finish Collecting Episodes in 43.83 seconds
avg value loss 5541.355007595486
Iteration 35/400 - Average Reward: -0.06214792461186233
{'AREA': np.float64(170580.25269268185), 'weighted_R_M': 4.595391541746924, 'weighted_R_T': 0.4620618273814519, 'weighted_R_P': -1.2445526123046875, 'cost_balance': np.float64(3.8750486675260962), 'R_T_ratio': 9.891909656217162e-06, 'R_P_ratio': -5.584867142213426e-05}
Training Iteration 35
Collecting Episode 0
Collecting Episode 10
Collecting Episode 20
Collecting Episode 30
Finish Collecting Episodes in 43.74 seconds
avg value loss 3971.2039862738716
Iteration 36/400 - Average Reward: 0.35315681238555247
{'AREA': np.float64(164428.73400426598), 'weighted_R_M': 4.480951488441658, 'weighted_R_T': 0.7856126030286154, 'weighted_R_P': -0.9122602674696181, 'cost_balance': np.float64(4.001147008880345), 'R_T_ratio': 1.684976235920442e-05, 'R_P_ratio': -4.098285747627322e-05}
Training Iteration 36
Collecting Episode 0
Collecting Episode 10
Collecting Episode 20
Collecting Episode 30
Finish Collecting Episodes in 43.74 seconds
avg value loss 3517.5359903971353
Iteration 37/400 - Average Reward: 0.01431855010903544
{'AREA': np.float64(170903.61401653007), 'weighted_R_M': 4.314679152134987, 'weighted_R_T': 0.6900852024555206, 'weighted_R_P': -1.0478591918945312, 'cost_balance': np.float64(3.9425866183106617), 'R_T_ratio': 1.478873555628578e-05, 'R_P_ratio': -4.705718122986912e-05}
Training Iteration 37
Collecting Episode 0
Collecting Episode 10
Collecting Episode 20
Collecting Episode 30
Finish Collecting Episodes in 43.75 seconds
avg value loss 3616.264451768663
Iteration 38/400 - Average Reward: 0.3148253450765171
{'AREA': np.float64(172081.98578576007), 'weighted_R_M': 4.538774683171242, 'weighted_R_T': 0.7737040983306037, 'weighted_R_P': -1.078873528374566, 'cost_balance': np.float64(3.918779917941866), 'R_T_ratio': 1.6589969396352267e-05, 'R_P_ratio': -4.8493044673679643e-05}
Training Iteration 38
Collecting Episode 0
Collecting Episode 10
Collecting Episode 20
Collecting Episode 30
Finish Collecting Episodes in 43.82 seconds
avg value loss 2500.09326171875
Iteration 39/400 - Average Reward: 0.11411833234079596
{'AREA': np.float64(177668.29624066956), 'weighted_R_M': 4.668760732938406, 'weighted_R_T': 0.6180604315466351, 'weighted_R_P': -1.3688752916124132, 'cost_balance': np.float64(3.803827532791796), 'R_T_ratio': 1.3236791128637712e-05, 'R_P_ratio': -6.145803596401144e-05}
Training Iteration 39
Collecting Episode 0
Collecting Episode 10
Collecting Episode 20
Collecting Episode 30
Finish Collecting Episodes in 43.73 seconds
avg value loss 2772.5987887912324
Iteration 40/400 - Average Reward: 0.40308196342084557
{'AREA': np.float64(177552.33260820518), 'weighted_R_M': 4.788559294299274, 'weighted_R_T': 0.5196370101637311, 'weighted_R_P': -1.181976318359375, 'cost_balance': np.float64(3.723138029271844), 'R_T_ratio': 1.1128511052208948e-05, 'R_P_ratio': -5.307245620795998e-05}
Checkpoint saved to checkpoints/ckpt_normal_gnn_l1_bal_single_40_0.40.pt
Training Iteration 40
Collecting Episode 0
Collecting Episode 10
Collecting Episode 20
Collecting Episode 30
Finish Collecting Episodes in 43.73 seconds
avg value loss 2521.0645039876304
Iteration 41/400 - Average Reward: 0.12103326485440549
{'AREA': np.float64(178433.90868317103), 'weighted_R_M': 4.660428322299493, 'weighted_R_T': 0.6508349163664712, 'weighted_R_P': -1.3514031304253473, 'cost_balance': np.float64(3.838826859835042), 'R_T_ratio': 1.3936754980835451e-05, 'R_P_ratio': -6.0647982266354765e-05}
Training Iteration 41
Collecting Episode 0
Collecting Episode 10
Collecting Episode 20
Collecting Episode 30
Finish Collecting Episodes in 43.73 seconds
avg value loss 3223.782236735026
Iteration 42/400 - Average Reward: 0.5611220197622768
{'AREA': np.float64(184156.14079130202), 'weighted_R_M': 4.855543893353166, 'weighted_R_T': 0.588119657503234, 'weighted_R_P': -1.32340579562717, 'cost_balance': np.float64(3.5591357159025714), 'R_T_ratio': 1.260051380685967e-05, 'R_P_ratio': -5.946188592361981e-05}
Training Iteration 42
Collecting Episode 0
Collecting Episode 10
Collecting Episode 20
Collecting Episode 30
Finish Collecting Episodes in 43.74 seconds
avg value loss 2752.908487955729
Iteration 43/400 - Average Reward: -0.31981805071700364
{'AREA': np.float64(173403.9054685987), 'weighted_R_M': 4.468834663417915, 'weighted_R_T': 0.2621683445241716, 'weighted_R_P': -1.275528801812066, 'cost_balance': np.float64(3.7752922592920135), 'R_T_ratio': 5.6138327672162885e-06, 'R_P_ratio': -5.727324171231032e-05}
Training Iteration 43
Collecting Episode 0
Collecting Episode 10
Collecting Episode 20
Collecting Episode 30
Finish Collecting Episodes in 43.73 seconds
avg value loss 2864.3867865668403
Iteration 44/400 - Average Reward: 0.6337421611468825
{'AREA': np.float64(171861.60109741127), 'weighted_R_M': 4.699856990089756, 'weighted_R_T': 0.8671554856830173, 'weighted_R_P': -1.0967008802625868, 'cost_balance': np.float64(3.8365694221439384), 'R_T_ratio': 1.8588832911457336e-05, 'R_P_ratio': -4.924287953556039e-05}
Training Iteration 44
Collecting Episode 0
Collecting Episode 10
Collecting Episode 20
Collecting Episode 30
Finish Collecting Episodes in 43.75 seconds
avg value loss 1450.482933892144
Iteration 45/400 - Average Reward: 0.5794041947228834
{'AREA': np.float64(173622.8366239442), 'weighted_R_M': 4.509059694541469, 'weighted_R_T': 0.9080341309309006, 'weighted_R_P': -0.9285210503472222, 'cost_balance': np.float64(3.909168566172634), 'R_T_ratio': 1.9468956411598946e-05, 'R_P_ratio': -4.170386836722168e-05}
Training Iteration 45
Collecting Episode 0
Collecting Episode 10
Collecting Episode 20
Collecting Episode 30
Finish Collecting Episodes in 43.72 seconds
avg value loss 1981.0418667263455
Iteration 46/400 - Average Reward: -0.03213390283700493
{'AREA': np.float64(173334.8772099008), 'weighted_R_M': 4.576919422031703, 'weighted_R_T': 0.3433446917268965, 'weighted_R_P': -1.151317172580295, 'cost_balance': np.float64(3.8010808575876913), 'R_T_ratio': 7.343821783547779e-06, 'R_P_ratio': -5.1681517200906514e-05}
Training Iteration 46
Collecting Episode 0
Collecting Episode 10
Collecting Episode 20
Collecting Episode 30
Finish Collecting Episodes in 43.85 seconds
avg value loss 2270.1692572699653
Iteration 47/400 - Average Reward: 0.7412664429025931
{'AREA': np.float64(173444.89802585577), 'weighted_R_M': 4.0101594503325435, 'weighted_R_T': 0.5441653778155645, 'weighted_R_P': -0.010081821017795138, 'cost_balance': np.float64(3.8029765778194653), 'R_T_ratio': 1.1659211543573065e-05, 'R_P_ratio': -6.20546038094928e-07}
Training Iteration 47
Collecting Episode 0
Collecting Episode 10
Collecting Episode 20
Collecting Episode 30
Finish Collecting Episodes in 43.79 seconds
avg value loss 1297.3924814860027
Iteration 48/400 - Average Reward: 0.38679007299813545
{'AREA': np.float64(176158.874645756), 'weighted_R_M': 4.045900121906824, 'weighted_R_T': 0.3652464995781581, 'weighted_R_P': -0.19007364908854166, 'cost_balance': np.float64(3.8342829072803335), 'R_T_ratio': 7.815829703568719e-06, 'R_P_ratio': -8.655724559448865e-06}
Training Iteration 48
Collecting Episode 0
Collecting Episode 10
Collecting Episode 20
Collecting Episode 30
Finish Collecting Episodes in 44.51 seconds
avg value loss 1530.4017740885417
Iteration 49/400 - Average Reward: 1.3035012347261525
{'AREA': np.float64(168929.58607782863), 'weighted_R_M': 4.29120958647238, 'weighted_R_T': 0.8237806889745924, 'weighted_R_P': 0.07996029324001735, 'cost_balance': np.float64(3.8914493586453123), 'R_T_ratio': 1.7650713416710194e-05, 'R_P_ratio': 3.4427653909929745e-06}
Training Iteration 49
Collecting Episode 0
Collecting Episode 10
Collecting Episode 20
Collecting Episode 30
Finish Collecting Episodes in 44.29 seconds
avg value loss 2153.1924726698135
Iteration 50/400 - Average Reward: 0.9230818702942796
{'AREA': np.float64(174617.12580202398), 'weighted_R_M': 4.178186702647104, 'weighted_R_T': 0.5818394323190054, 'weighted_R_P': -0.03816562228732639, 'cost_balance': np.float64(3.798778644788333), 'R_T_ratio': 1.24625501531423e-05, 'R_P_ratio': -1.86872247783428e-06}
Training Iteration 50
Collecting Episode 0
Collecting Episode 10
Collecting Episode 20
Collecting Episode 30
Finish Collecting Episodes in 43.86 seconds
avg value loss 1181.5361845228408
Iteration 51/400 - Average Reward: 0.6584033200439686
{'AREA': np.float64(176047.8985493124), 'weighted_R_M': 4.256267494115794, 'weighted_R_T': 0.20983029239707524, 'weighted_R_P': -0.033263312445746526, 'cost_balance': np.float64(3.774431134642047), 'R_T_ratio': 4.478414757280107e-06, 'R_P_ratio': -1.668343409157015e-06}
Training Iteration 51
Collecting Episode 0
Collecting Episode 10
Collecting Episode 20
Collecting Episode 30
Finish Collecting Episodes in 43.74 seconds
avg value loss 1315.668236626519
Iteration 52/400 - Average Reward: 1.3052934452296339
{'AREA': np.float64(177495.3430635723), 'weighted_R_M': 4.14850862675424, 'weighted_R_T': 0.623213541176584, 'weighted_R_P': 0.3456810845269097, 'cost_balance': np.float64(3.812109823509869), 'R_T_ratio': 1.3344421110358015e-05, 'R_P_ratio': 1.5282311868221783e-05}
Training Iteration 52
Collecting Episode 0
Collecting Episode 10
Collecting Episode 20
Collecting Episode 30
Finish Collecting Episodes in 43.75 seconds
avg value loss 567645.187616984
Iteration 53/400 - Average Reward: 1.2971563812655706
{'AREA': np.float64(179938.57482877476), 'weighted_R_M': 4.140218749231685, 'weighted_R_T': 0.7202345861328973, 'weighted_R_P': 0.1637234157986111, 'cost_balance': np.float64(3.7270203474773833), 'R_T_ratio': 1.54316719254514e-05, 'R_P_ratio': 7.162037346550607e-06}
Training Iteration 53
Collecting Episode 0
Collecting Episode 10
Collecting Episode 20
Collecting Episode 30
Finish Collecting Episodes in 43.77 seconds
avg value loss 47528.44909667969
Iteration 54/400 - Average Reward: 1.4782749291043729
{'AREA': np.float64(166781.2397627001), 'weighted_R_M': 4.166606148320069, 'weighted_R_T': 0.9052743166685104, 'weighted_R_P': 0.38338640001085067, 'cost_balance': np.float64(3.9769919154249234), 'R_T_ratio': 1.940583740822313e-05, 'R_P_ratio': 1.6961124338151407e-05}
Training Iteration 54
Collecting Episode 0
Collecting Episode 10
Collecting Episode 20
Collecting Episode 30
Finish Collecting Episodes in 43.75 seconds
avg value loss 3782.6719479031035
Iteration 55/400 - Average Reward: 0.5006040393685302
{'AREA': np.float64(169741.06698293114), 'weighted_R_M': 4.015656373246101, 'weighted_R_T': 0.4519395927588145, 'weighted_R_P': -0.040551079644097224, 'cost_balance': np.float64(3.926440839768974), 'R_T_ratio': 9.677188700722859e-06, 'R_P_ratio': -1.939394149910425e-06}
Training Iteration 55
Collecting Episode 0
Collecting Episode 10
Collecting Episode 20
Collecting Episode 30
Finish Collecting Episodes in 43.74 seconds
avg value loss 3354.7249620225693
Iteration 56/400 - Average Reward: 1.15972153050825
{'AREA': np.float64(172689.4701601589), 'weighted_R_M': 4.026044713549911, 'weighted_R_T': 0.8092224564817216, 'weighted_R_P': 0.16948021782769096, 'cost_balance': np.float64(3.845025869970142), 'R_T_ratio': 1.7338627653215896e-05, 'R_P_ratio': 7.43768133847849e-06}
Training Iteration 56
Collecting Episode 0
Collecting Episode 10
Collecting Episode 20
Collecting Episode 30
Finish Collecting Episodes in 43.75 seconds
avg value loss 3342.2757805718315
Iteration 57/400 - Average Reward: 1.4323277883749042
{'AREA': np.float64(171929.9028284342), 'weighted_R_M': 4.193545262238735, 'weighted_R_T': 0.9778582768307792, 'weighted_R_P': 0.19052208794487846, 'cost_balance': np.float64(3.9295978470555872), 'R_T_ratio': 2.097000631377953e-05, 'R_P_ratio': 8.347643832963393e-06}
Training Iteration 57
Collecting Episode 0
Collecting Episode 10
Collecting Episode 20
Collecting Episode 30
Finish Collecting Episodes in 43.74 seconds
avg value loss 2445.67724609375
Iteration 58/400 - Average Reward: 1.1664426038429763
{'AREA': np.float64(166340.2121438957), 'weighted_R_M': 4.009296976985449, 'weighted_R_T': 0.8850848956240548, 'weighted_R_P': 0.30372534857855904, 'cost_balance': np.float64(4.031664627875283), 'R_T_ratio': 1.8976729995416762e-05, 'R_P_ratio': 1.3416514113752233e-05}
Training Iteration 58
Collecting Episode 0
Collecting Episode 10
Collecting Episode 20
Collecting Episode 30
Finish Collecting Episodes in 43.75 seconds
avg value loss 2035.0339864095051
Iteration 59/400 - Average Reward: 1.5879698762307979
{'AREA': np.float64(171540.6853202348), 'weighted_R_M': 4.21070857370877, 'weighted_R_T': 1.0306063211626477, 'weighted_R_P': 0.1780827840169271, 'cost_balance': np.float64(3.8314278083335327), 'R_T_ratio': 2.2100385377751522e-05, 'R_P_ratio': 7.80512331225817e-06}
Training Iteration 59
Collecting Episode 0
Collecting Episode 10
Collecting Episode 20
Collecting Episode 30
Finish Collecting Episodes in 43.90 seconds
avg value loss 2232.3091956244575
Iteration 60/400 - Average Reward: 1.2667627297212474
{'AREA': np.float64(168176.5209540202), 'weighted_R_M': 4.296745652627174, 'weighted_R_T': 0.8447625603940752, 'weighted_R_P': 0.11095089382595485, 'cost_balance': np.float64(3.9856963956127327), 'R_T_ratio': 1.8110604074065655e-05, 'R_P_ratio': 4.786361353614148e-06}
Checkpoint saved to checkpoints/ckpt_normal_gnn_l1_bal_single_60_1.27.pt
Training Iteration 60
Collecting Episode 0
Collecting Episode 10
Collecting Episode 20
Collecting Episode 30
Finish Collecting Episodes in 43.76 seconds
avg value loss 2538.7288530137803
Iteration 61/400 - Average Reward: 0.8215877341960246
{'AREA': np.float64(171411.35441081625), 'weighted_R_M': 4.001712862230003, 'weighted_R_T': 0.5823276556200452, 'weighted_R_P': 0.07815127902560765, 'cost_balance': np.float64(3.840604062165113), 'R_T_ratio': 1.2468663650464876e-05, 'R_P_ratio': 3.3373830196821905e-06}
Training Iteration 61
Collecting Episode 0
Collecting Episode 10
Collecting Episode 20
Collecting Episode 30
Finish Collecting Episodes in 43.75 seconds
avg value loss 1343.2540740966797
Iteration 62/400 - Average Reward: 1.1445463532064524
{'AREA': np.float64(172321.67592248548), 'weighted_R_M': 4.089918669578361, 'weighted_R_T': 0.8080518858300315, 'weighted_R_P': 0.10939110649956597, 'cost_balance': np.float64(3.8628153121608184), 'R_T_ratio': 1.7320869303671937e-05, 'R_P_ratio': 4.726996840614333e-06}
Training Iteration 62
Collecting Episode 0
Collecting Episode 10
Collecting Episode 20
Collecting Episode 30
Finish Collecting Episodes in 43.75 seconds
avg value loss 1157.3584425184463
Iteration 63/400 - Average Reward: 0.9609483293024823
{'AREA': np.float64(183920.03296485497), 'weighted_R_M': 4.082071722831137, 'weighted_R_T': 0.5616369777255588, 'weighted_R_P': 0.043515523274739586, 'cost_balance': np.float64(3.726275892709687), 'R_T_ratio': 1.2029320301957617e-05, 'R_P_ratio': 1.7617285299105963e-06}
Training Iteration 63
Collecting Episode 0
Collecting Episode 10
Collecting Episode 20
Collecting Episode 30
Finish Collecting Episodes in 43.85 seconds
avg value loss 936.0520273844401
Iteration 64/400 - Average Reward: -0.07990057809123148
{'AREA': np.float64(171260.93329228388), 'weighted_R_M': 1.903842601071018, 'weighted_R_T': 0.5871461083491644, 'weighted_R_P': 1.3110631306966145, 'cost_balance': np.float64(3.8819524146712174), 'R_T_ratio': 1.2577693654607245e-05, 'R_P_ratio': 5.833299004630773e-05}
Training Iteration 64
Collecting Episode 0
Collecting Episode 10
Collecting Episode 20
Collecting Episode 30
Finish Collecting Episodes in 43.76 seconds
avg value loss 707.4066823323568
Iteration 65/400 - Average Reward: 0.24052381132302494
{'AREA': np.float64(172286.56776775865), 'weighted_R_M': 1.9929357341615186, 'weighted_R_T': 0.7396808167298635, 'weighted_R_P': 1.3898213704427083, 'cost_balance': np.float64(3.881914098283695), 'R_T_ratio': 1.5856305139163213e-05, 'R_P_ratio': 6.184661277250986e-05}
Training Iteration 65
Collecting Episode 0
Collecting Episode 10
Collecting Episode 20
Collecting Episode 30
Finish Collecting Episodes in 43.74 seconds
avg value loss 570.9526926676432
Iteration 66/400 - Average Reward: 0.4484346037336056
{'AREA': np.float64(173144.52172408454), 'weighted_R_M': 2.0632963770563544, 'weighted_R_T': 0.7255731324354807, 'weighted_R_P': 1.4902309841579862, 'cost_balance': np.float64(3.830665896355445), 'R_T_ratio': 1.5546045381416757e-05, 'R_P_ratio': 6.629849051439003e-05}
Training Iteration 66
Collecting Episode 0
Collecting Episode 10
Collecting Episode 20
Collecting Episode 30
Finish Collecting Episodes in 43.76 seconds
avg value loss 912.1703889634874
Iteration 67/400 - Average Reward: -0.6010105760231252
{'AREA': np.float64(172933.46879198146), 'weighted_R_M': 1.8791394177181548, 'weighted_R_T': 0.3599441697200139, 'weighted_R_P': 1.0952546861436632, 'cost_balance': np.float64(3.935348853851085), 'R_T_ratio': 7.70247724290401e-06, 'R_P_ratio': 4.872294745413471e-05}
Training Iteration 67
Collecting Episode 0
Collecting Episode 10
Collecting Episode 20
Collecting Episode 30
Finish Collecting Episodes in 43.75 seconds
avg value loss 644.432359483507
Iteration 68/400 - Average Reward: -0.5695582404635692
{'AREA': np.float64(175841.72631538968), 'weighted_R_M': 1.9085068025795207, 'weighted_R_T': 0.39919445084200966, 'weighted_R_P': 0.9816758897569444, 'cost_balance': np.float64(3.8589353670067843), 'R_T_ratio': 8.551196445074874e-06, 'R_P_ratio': 4.365267429400848e-05}
Training Iteration 68
Collecting Episode 0
Collecting Episode 10
Collecting Episode 20
Collecting Episode 30
Finish Collecting Episodes in 43.75 seconds
avg value loss 518.9955444335938
Iteration 69/400 - Average Reward: -0.03771589200995448
{'AREA': np.float64(175402.90273031237), 'weighted_R_M': 1.8945824127060606, 'weighted_R_T': 0.5171220302581787, 'weighted_R_P': 1.3216976589626737, 'cost_balance': np.float64(3.771118015096716), 'R_T_ratio': 1.1085739720420903e-05, 'R_P_ratio': 5.877296410346079e-05}
Training Iteration 69
Collecting Episode 0
Collecting Episode 10
Collecting Episode 20
Collecting Episode 30
Finish Collecting Episodes in 43.74 seconds
avg value loss 475.90262518988715
Iteration 70/400 - Average Reward: -0.1605265112755458
{'AREA': np.float64(169473.17820408416), 'weighted_R_M': 1.8197259982965381, 'weighted_R_T': 0.5062029974328147, 'weighted_R_P': 1.389524671766493, 'cost_balance': np.float64(3.8759801967741274), 'R_T_ratio': 1.0850100469330907e-05, 'R_P_ratio': 6.17816233781438e-05}
Training Iteration 70
Collecting Episode 0
Collecting Episode 10
Collecting Episode 20
Collecting Episode 30
Finish Collecting Episodes in 43.74 seconds
avg value loss 430.98680877685547
Iteration 71/400 - Average Reward: -0.2719797140517686
{'AREA': np.float64(174447.35814890906), 'weighted_R_M': 1.886700431093939, 'weighted_R_T': 0.3548649499813716, 'weighted_R_P': 1.3402718438042536, 'cost_balance': np.float64(3.8538169278513723), 'R_T_ratio': 7.599427218254709e-06, 'R_P_ratio': 5.9598117334370824e-05}
Training Iteration 71
Collecting Episode 0
Collecting Episode 10
Collecting Episode 20
Collecting Episode 30
Finish Collecting Episodes in 43.74 seconds
avg value loss 476.4375924004449
Iteration 72/400 - Average Reward: -0.014465525507047359
{'AREA': np.float64(175845.07153152677), 'weighted_R_M': 1.949903370243798, 'weighted_R_T': 0.5316078199280633, 'weighted_R_P': 1.3934046427408855, 'cost_balance': np.float64(3.8893813628038267), 'R_T_ratio': 1.1394239353454713e-05, 'R_P_ratio': 6.197159757660257e-05}
Training Iteration 72
Collecting Episode 0
Collecting Episode 10
Collecting Episode 20
Collecting Episode 30
Finish Collecting Episodes in 43.86 seconds
avg value loss 438.0092985365126
Iteration 73/400 - Average Reward: -0.26506200438921546
{'AREA': np.float64(178010.80405955206), 'weighted_R_M': 1.9433966712098885, 'weighted_R_T': 0.3863297750552495, 'weighted_R_P': 1.1870481703016493, 'cost_balance': np.float64(3.781836613351211), 'R_T_ratio': 8.27307237267267e-06, 'R_P_ratio': 5.280299309856012e-05}
Training Iteration 73
Collecting Episode 0
Collecting Episode 10
Collecting Episode 20
Collecting Episode 30
Finish Collecting Episodes in 43.75 seconds
avg value loss 640.3394775390625
Iteration 74/400 - Average Reward: -0.03562472997388492
{'AREA': np.float64(174426.02932810909), 'weighted_R_M': 1.9581633131039982, 'weighted_R_T': 0.5551206171512604, 'weighted_R_P': 1.3079359266493056, 'cost_balance': np.float64(3.856844593387922), 'R_T_ratio': 1.1900204372935116e-05, 'R_P_ratio': 5.816712846092494e-05}
Training Iteration 74
Collecting Episode 0
Collecting Episode 10
Collecting Episode 20
Collecting Episode 30
Finish Collecting Episodes in 47.22 seconds
avg value loss 623.8659642537435
Iteration 75/400 - Average Reward: 0.2590913880913932
{'AREA': np.float64(180373.15844854774), 'weighted_R_M': 1.9774165225009912, 'weighted_R_T': 0.6501337306367027, 'weighted_R_P': 1.3699510362413194, 'cost_balance': np.float64(3.7384098866389155), 'R_T_ratio': 1.3930582755653878e-05, 'R_P_ratio': 6.09517417284137e-05}
Training Iteration 75
Collecting Episode 0
Collecting Episode 10
Collecting Episode 20
Collecting Episode 30
Finish Collecting Episodes in 43.81 seconds
avg value loss 614.8674087524414
Iteration 76/400 - Average Reward: 0.07915163655868834
{'AREA': np.float64(175216.23588568048), 'weighted_R_M': 1.9161760789942894, 'weighted_R_T': 0.5331579628917906, 'weighted_R_P': 1.375502692328559, 'cost_balance': np.float64(3.7456850814133285), 'R_T_ratio': 1.1413842298801935e-05, 'R_P_ratio': 6.118766749849742e-05}
Training Iteration 76
Collecting Episode 0
Collecting Episode 10
Collecting Episode 20
Collecting Episode 30
Finish Collecting Episodes in 44.52 seconds
avg value loss 422.69239637586804
Iteration 77/400 - Average Reward: 0.10342586431134906
{'AREA': np.float64(173172.11011807842), 'weighted_R_M': 1.8729355454205587, 'weighted_R_T': 0.6708591712845696, 'weighted_R_P': 1.434766133626302, 'cost_balance': np.float64(3.8751349937988286), 'R_T_ratio': 1.4375831482779348e-05, 'R_P_ratio': 6.381839496664833e-05}
Training Iteration 77
Collecting Episode 0
Collecting Episode 10
Collecting Episode 20
Collecting Episode 30
Finish Collecting Episodes in 43.80 seconds
avg value loss 532.6741663614908
Iteration 78/400 - Average Reward: 0.003030975064676669
{'AREA': np.float64(175306.94824889983), 'weighted_R_M': 1.953937208911763, 'weighted_R_T': 0.5710203581386142, 'weighted_R_P': 1.2939376831054688, 'cost_balance': np.float64(3.815864291070321), 'R_T_ratio': 1.2240598938034752e-05, 'R_P_ratio': 5.7550371067163456e-05}
Training Iteration 78
Collecting Episode 0
Collecting Episode 10
Collecting Episode 20
Collecting Episode 30
Finish Collecting Episodes in 43.78 seconds
avg value loss 422.9288847181532
Iteration 79/400 - Average Reward: 0.06447022981592454
{'AREA': np.float64(175572.80489800835), 'weighted_R_M': 1.9400389175922708, 'weighted_R_T': 0.5845268186595705, 'weighted_R_P': 1.3378753662109375, 'cost_balance': np.float64(3.7979708664901373), 'R_T_ratio': 1.2527709061571635e-05, 'R_P_ratio': 5.952226417274245e-05}
Training Iteration 79
Collecting Episode 0
Collecting Episode 10
Collecting Episode 20
Collecting Episode 30
Finish Collecting Episodes in 43.80 seconds
avg value loss 420.77781677246094
Iteration 80/400 - Average Reward: 0.48444680400037515
{'AREA': np.float64(170753.5700725186), 'weighted_R_M': 1.9236054549720494, 'weighted_R_T': 0.8156866629918417, 'weighted_R_P': 1.6277152167426214, 'cost_balance': np.float64(3.882560530499128), 'R_T_ratio': 1.748470546310431e-05, 'R_P_ratio': 7.242707508898278e-05}
Checkpoint saved to checkpoints/ckpt_normal_gnn_l1_bal_single_80_0.48.pt
Training Iteration 80
Collecting Episode 0
Collecting Episode 10
Collecting Episode 20
Collecting Episode 30
Finish Collecting Episodes in 43.87 seconds
avg value loss 511.0711436801487
Iteration 81/400 - Average Reward: 0.0618480992788035
{'AREA': np.float64(164589.83303914242), 'weighted_R_M': 1.953898783690723, 'weighted_R_T': 0.703474298119545, 'weighted_R_P': 1.4468951755099826, 'cost_balance': np.float64(4.0424201703832585), 'R_T_ratio': 1.508182197331361e-05, 'R_P_ratio': 6.436817257404748e-05}
Training Iteration 81
Collecting Episode 0
Collecting Episode 10
Collecting Episode 20
Collecting Episode 30
Finish Collecting Episodes in 43.89 seconds
avg value loss 513.0890502929688
Iteration 82/400 - Average Reward: 0.8047809542687092
{'AREA': np.float64(178330.0367408807), 'weighted_R_M': 1.9334472776750369, 'weighted_R_T': 0.9083064877324634, 'weighted_R_P': 1.7515623304578993, 'cost_balance': np.float64(3.788535147405357), 'R_T_ratio': 1.9481502616353064e-05, 'R_P_ratio': 7.786228630519514e-05}
Training Iteration 82
Collecting Episode 0
Collecting Episode 10
Collecting Episode 20
Collecting Episode 30
Finish Collecting Episodes in 43.90 seconds
avg value loss 511.2339867485894
Iteration 83/400 - Average Reward: 0.27357008265809984
{'AREA': np.float64(178035.6199669883), 'weighted_R_M': 1.8929839170325269, 'weighted_R_T': 0.6549174222681258, 'weighted_R_P': 1.4605687459309895, 'cost_balance': np.float64(3.7349000121086613), 'R_T_ratio': 1.4037730039726895e-05, 'R_P_ratio': 6.497191963406035e-05}
Training Iteration 83
Collecting Episode 0
Collecting Episode 10
Collecting Episode 20
Collecting Episode 30
Finish Collecting Episodes in 43.98 seconds
avg value loss 458.6017553541395
Iteration 84/400 - Average Reward: -0.0825164601588363
{'AREA': np.float64(167143.38526335912), 'weighted_R_M': 2.0067305108815265, 'weighted_R_T': 0.5641678952508502, 'weighted_R_P': 1.2627911037868924, 'cost_balance': np.float64(3.9162059786048236), 'R_T_ratio': 1.2088158541682473e-05, 'R_P_ratio': 5.6188634166010054e-05}
Training Iteration 84
Collecting Episode 0
Collecting Episode 10
Collecting Episode 20
Collecting Episode 30
Finish Collecting Episodes in 44.65 seconds
avg value loss 558.9085964626736
Iteration 85/400 - Average Reward: 0.3413810174113476
{'AREA': np.float64(170333.0646122251), 'weighted_R_M': 1.9227979219698075, 'weighted_R_T': 0.7720366103781594, 'weighted_R_P': 1.5352113511827257, 'cost_balance': np.float64(3.888664856967802), 'R_T_ratio': 1.6551617231140108e-05, 'R_P_ratio': 6.828207105444912e-05}
Training Iteration 85
Collecting Episode 0
Collecting Episode 10
Collecting Episode 20
Collecting Episode 30
Finish Collecting Episodes in 44.34 seconds
avg value loss 560.974412282308
Iteration 86/400 - Average Reward: 0.2822819184350212
{'AREA': np.float64(177636.50783691052), 'weighted_R_M': 1.9282167314922845, 'weighted_R_T': 0.7240012735128403, 'weighted_R_P': 1.42171139187283, 'cost_balance': np.float64(3.791647496554423), 'R_T_ratio': 1.5517367848515924e-05, 'R_P_ratio': 6.323970992785304e-05}
Training Iteration 86
Collecting Episode 0
Collecting Episode 10
Collecting Episode 20
Collecting Episode 30
Finish Collecting Episodes in 43.87 seconds
avg value loss 548.324151357015
Iteration 87/400 - Average Reward: 0.2535060285202538
{'AREA': np.float64(176097.9328558652), 'weighted_R_M': 1.9085388714758866, 'weighted_R_T': 0.6658972948789597, 'weighted_R_P': 1.4466900295681424, 'cost_balance': np.float64(3.767620152581089), 'R_T_ratio': 1.4268092485441524e-05, 'R_P_ratio': 6.435419109958164e-05}
Training Iteration 87
Collecting Episode 0
Collecting Episode 10
Collecting Episode 20
Collecting Episode 30
Finish Collecting Episodes in 43.85 seconds
avg value loss 842.5345721774631
Iteration 88/400 - Average Reward: -0.15914513451409423
{'AREA': np.float64(175445.92790662698), 'weighted_R_M': 1.8312060722504004, 'weighted_R_T': 0.5221128844552569, 'weighted_R_P': 1.322312249077691, 'cost_balance': np.float64(3.834776342683698), 'R_T_ratio': 1.1182020545187478e-05, 'R_P_ratio': 5.8834072423192334e-05}
Training Iteration 88
Collecting Episode 0
Collecting Episode 10
Collecting Episode 20
Collecting Episode 30
Finish Collecting Episodes in 43.95 seconds
avg value loss 630.9889339870876
Iteration 89/400 - Average Reward: 0.16895907982123187
{'AREA': np.float64(173890.95777256286), 'weighted_R_M': 1.964094251718456, 'weighted_R_T': 0.6481620139545865, 'weighted_R_P': 1.400379604763455, 'cost_balance': np.float64(3.84367678199402), 'R_T_ratio': 1.3891629989064445e-05, 'R_P_ratio': 6.230816742539928e-05}
Training Iteration 89
Collecting Episode 0
Collecting Episode 10
Collecting Episode 20
Collecting Episode 30
Finish Collecting Episodes in 43.85 seconds
avg value loss 681.395509507921
Iteration 90/400 - Average Reward: -0.23865937174155583
{'AREA': np.float64(176246.40680800134), 'weighted_R_M': 1.8287179645893856, 'weighted_R_T': 0.5162817686796188, 'weighted_R_P': 1.2827428181966145, 'cost_balance': np.float64(3.8664019117151236), 'R_T_ratio': 1.1065896739042507e-05, 'R_P_ratio': 5.706068285261779e-05}
Training Iteration 90
Collecting Episode 0
Collecting Episode 10
Collecting Episode 20
Collecting Episode 30
Finish Collecting Episodes in 43.87 seconds
avg value loss 757.7629055447048
Iteration 91/400 - Average Reward: 0.2046870705865634
{'AREA': np.float64(180964.62368991433), 'weighted_R_M': 1.9325571460899988, 'weighted_R_T': 0.5539674278762605, 'weighted_R_P': 1.4541710747612848, 'cost_balance': np.float64(3.736008581106677), 'R_T_ratio': 1.18711676759315e-05, 'R_P_ratio': 6.466970481480396e-05}
Training Iteration 91
Collecting Episode 0
Collecting Episode 10
Collecting Episode 20
Collecting Episode 30
Finish Collecting Episodes in 43.85 seconds
avg value loss 807.9839032491049
Iteration 92/400 - Average Reward: -0.38361735128758784
{'AREA': np.float64(176412.3239461632), 'weighted_R_M': 1.954033512410711, 'weighted_R_T': 0.3241592413849301, 'weighted_R_P': 1.1086179945203993, 'cost_balance': np.float64(3.7704281156264607), 'R_T_ratio': 6.94145681385631e-06, 'R_P_ratio': 4.930488119996178e-05}
Training Iteration 92
Collecting Episode 0
Collecting Episode 10
Collecting Episode 20
Collecting Episode 30
Finish Collecting Episodes in 43.85 seconds
avg value loss 620.6937518649631
Iteration 93/400 - Average Reward: 0.2108142044227053
{'AREA': np.float64(176212.04107052396), 'weighted_R_M': 2.0807316225525736, 'weighted_R_T': 0.5843283451265759, 'weighted_R_P': 1.3491880628797743, 'cost_balance': np.float64(3.8034338287571927), 'R_T_ratio': 1.2519013067057654e-05, 'R_P_ratio': 6.002898356455597e-05}
Training Iteration 93
Collecting Episode 0
Collecting Episode 10
Collecting Episode 20
Collecting Episode 30
Finish Collecting Episodes in 43.87 seconds
avg value loss 761.1918750339084
Iteration 94/400 - Average Reward: 0.6270629691361036
{'AREA': np.float64(169786.19136817855), 'weighted_R_M': 1.821052985260091, 'weighted_R_T': 1.0081887642542522, 'weighted_R_P': 1.6607767740885417, 'cost_balance': np.float64(3.8629555408402516), 'R_T_ratio': 2.162199500865208e-05, 'R_P_ratio': 7.385172823745623e-05}
Training Iteration 94
Collecting Episode 0
Collecting Episode 10
Collecting Episode 20
Collecting Episode 30
Finish Collecting Episodes in 43.85 seconds
avg value loss 469.8963334825304
Iteration 95/400 - Average Reward: -0.17452519132186556
{'AREA': np.float64(166612.9282695739), 'weighted_R_M': 1.819854455737287, 'weighted_R_T': 0.6397695591052374, 'weighted_R_P': 1.3817477756076388, 'cost_balance': np.float64(4.015896963966936), 'R_T_ratio': 1.3710196566621117e-05, 'R_P_ratio': 6.14572041528637e-05}
Training Iteration 95
Collecting Episode 0
Collecting Episode 10
Collecting Episode 20
Collecting Episode 30
Finish Collecting Episodes in 43.84 seconds
avg value loss 632.0435875786675
Iteration 96/400 - Average Reward: -0.16650600632743184
{'AREA': np.float64(179066.3606477478), 'weighted_R_M': 1.8265276821059362, 'weighted_R_T': 0.47174510690901017, 'weighted_R_P': 1.27177005343967, 'cost_balance': np.float64(3.7365488551349335), 'R_T_ratio': 1.0110616214990973e-05, 'R_P_ratio': 5.6544922988819054e-05}
Training Iteration 96
Collecting Episode 0
Collecting Episode 10
Collecting Episode 20
Collecting Episode 30
Finish Collecting Episodes in 43.84 seconds
avg value loss 547.6140424940321
Iteration 97/400 - Average Reward: -0.24574561091139913
{'AREA': np.float64(168569.4008774019), 'weighted_R_M': 1.8565758977007742, 'weighted_R_T': 0.5728443082835939, 'weighted_R_P': 1.2189102172851562, 'cost_balance': np.float64(3.8940760297451646), 'R_T_ratio': 1.2281486944592462e-05, 'R_P_ratio': 5.423766316512177e-05}
Training Iteration 97
Collecting Episode 0
Collecting Episode 10
Collecting Episode 20
Collecting Episode 30
Finish Collecting Episodes in 43.96 seconds
avg value loss 364.9702381557888
Iteration 98/400 - Average Reward: 0.18536737981937929
{'AREA': np.float64(171598.26346738372), 'weighted_R_M': 1.7908806464903237, 'weighted_R_T': 0.7646944804324044, 'weighted_R_P': 1.513720194498698, 'cost_balance': np.float64(3.883927942671095), 'R_T_ratio': 1.6395419789307548e-05, 'R_P_ratio': 6.73361524148936e-05}
Training Iteration 98
Collecting Episode 0
Collecting Episode 10
Collecting Episode 20
Collecting Episode 30
Finish Collecting Episodes in 43.84 seconds
avg value loss 464.5730912950304
Iteration 99/400 - Average Reward: -0.30996360566415304
{'AREA': np.float64(182163.81902078254), 'weighted_R_M': 1.8907856466664978, 'weighted_R_T': 0.38161853286955094, 'weighted_R_P': 1.1371400621202257, 'cost_balance': np.float64(3.719507828944511), 'R_T_ratio': 8.164829349513766e-06, 'R_P_ratio': 5.0579278874523454e-05}
Training Iteration 99
Collecting Episode 0
Collecting Episode 10
Collecting Episode 20
Collecting Episode 30
Finish Collecting Episodes in 43.89 seconds
avg value loss 1399.1079110039605
Iteration 100/400 - Average Reward: -0.4110837539774366
{'AREA': np.float64(175082.15421066192), 'weighted_R_M': 1.8877060683112683, 'weighted_R_T': 0.3760423842403624, 'weighted_R_P': 1.0896640353732638, 'cost_balance': np.float64(3.7644962493118737), 'R_T_ratio': 8.056129766429195e-06, 'R_P_ratio': 4.8456537470209504e-05}
Checkpoint saved to checkpoints/ckpt_normal_gnn_l1_bal_single_100_-0.41.pt
Training Iteration 100
Collecting Episode 0
Collecting Episode 10
Collecting Episode 20
Collecting Episode 30
Finish Collecting Episodes in 43.89 seconds
avg value loss 1465.131395128038
Iteration 101/400 - Average Reward: 0.23627203384078005
{'AREA': np.float64(174650.0842944114), 'weighted_R_M': 1.8302219561135442, 'weighted_R_T': 0.7722321963972516, 'weighted_R_P': 1.5294180976019964, 'cost_balance': np.float64(3.895600210708596), 'R_T_ratio': 1.6555995202258452e-05, 'R_P_ratio': 6.801519040994858e-05}
Training Iteration 101
Collecting Episode 0
Collecting Episode 10
Collecting Episode 20
Collecting Episode 30
Finish Collecting Episodes in 43.96 seconds
avg value loss 860.459912194146
Iteration 102/400 - Average Reward: -0.1252520510428844
{'AREA': np.float64(178606.37430610103), 'weighted_R_M': 1.8659893342640619, 'weighted_R_T': 0.5180883324808545, 'weighted_R_P': 1.266860114203559, 'cost_balance': np.float64(3.776189817657434), 'R_T_ratio': 1.1097065920334042e-05, 'R_P_ratio': 5.636674186644696e-05}
Training Iteration 102
Collecting Episode 0
Collecting Episode 10
Collecting Episode 20
Collecting Episode 30
Finish Collecting Episodes in 43.86 seconds
avg value loss 2226.595435248481
Iteration 103/400 - Average Reward: 0.14325807231297302
{'AREA': np.float64(168459.58045151306), 'weighted_R_M': 1.9309003600651016, 'weighted_R_T': 0.6716559777657191, 'weighted_R_P': 1.4057846069335938, 'cost_balance': np.float64(3.8650828803005175), 'R_T_ratio': 1.440281917514108e-05, 'R_P_ratio': 6.254028071419861e-05}
Training Iteration 103
Collecting Episode 0
Collecting Episode 10
Collecting Episode 20
Collecting Episode 30
Finish Collecting Episodes in 43.86 seconds
avg value loss 1010.0564676920573
Iteration 104/400 - Average Reward: 0.7791665063802308
{'AREA': np.float64(178291.75265565974), 'weighted_R_M': 1.9428737250046753, 'weighted_R_T': 0.8671583814753426, 'weighted_R_P': 1.7424223158094618, 'cost_balance': np.float64(3.773287905016877), 'R_T_ratio': 1.8591663941685483e-05, 'R_P_ratio': 7.748747420370671e-05}
Training Iteration 104
Collecting Episode 0
Collecting Episode 10
Collecting Episode 20
Collecting Episode 30
Finish Collecting Episodes in 43.84 seconds
avg value loss 915.9643279181587
Iteration 105/400 - Average Reward: 0.08036662621371862
{'AREA': np.float64(178458.17436592013), 'weighted_R_M': 1.8812509199366712, 'weighted_R_T': 0.5800937232044008, 'weighted_R_P': 1.3785807291666667, 'cost_balance': np.float64(3.7595587432534305), 'R_T_ratio': 1.242738432675873e-05, 'R_P_ratio': 6.13325686315527e-05}
Training Iteration 105
Collecting Episode 0
Collecting Episode 10
Collecting Episode 20
Collecting Episode 30
Finish Collecting Episodes in 43.84 seconds
avg value loss 1176.899057176378
Iteration 106/400 - Average Reward: -0.0647654992418312
{'AREA': np.float64(184575.4978450923), 'weighted_R_M': 1.9347666844526732, 'weighted_R_T': 0.41073209047317505, 'weighted_R_P': 1.17047119140625, 'cost_balance': np.float64(3.5807354699756107), 'R_T_ratio': 8.797368004347877e-06, 'R_P_ratio': 5.205414641220843e-05}
Training Iteration 106
Collecting Episode 0
Collecting Episode 10
Collecting Episode 20
Collecting Episode 30
Finish Collecting Episodes in 43.87 seconds
avg value loss 2429.327328152127
Iteration 107/400 - Average Reward: -0.6139270692300569
{'AREA': np.float64(170576.31999255056), 'weighted_R_M': 1.8073256493585683, 'weighted_R_T': 0.34911496109432644, 'weighted_R_P': 1.113331264919705, 'cost_balance': np.float64(3.8836989391062295), 'R_T_ratio': 7.473351385036933e-06, 'R_P_ratio': 4.953323222388494e-05}
Training Iteration 107
Collecting Episode 0
Collecting Episode 10
Collecting Episode 20
Collecting Episode 30
Finish Collecting Episodes in 43.86 seconds
avg value loss 860.0179083082411
Iteration 108/400 - Average Reward: 0.4394432587756051
{'AREA': np.float64(175701.5682085582), 'weighted_R_M': 1.8825401958626269, 'weighted_R_T': 0.8170296367671754, 'weighted_R_P': 1.6090342203776042, 'cost_balance': np.float64(3.869160790231554), 'R_T_ratio': 1.7514425228410462e-05, 'R_P_ratio': 7.156233147221729e-05}
Training Iteration 108
Collecting Episode 0
Collecting Episode 10
Collecting Episode 20
Collecting Episode 30
Finish Collecting Episodes in 43.87 seconds
avg value loss 2126.821149190267
Iteration 109/400 - Average Reward: -0.29705837995344253
{'AREA': np.float64(172695.35990429076), 'weighted_R_M': 1.865025557934536, 'weighted_R_T': 0.3963230831755532, 'weighted_R_P': 1.2515860663519964, 'cost_balance': np.float64(3.8099930876179755), 'R_T_ratio': 8.487829098458022e-06, 'R_P_ratio': 5.568376291662267e-05}
Training Iteration 109
Collecting Episode 0
Collecting Episode 10
Collecting Episode 20
Collecting Episode 30
Finish Collecting Episodes in 43.86 seconds
avg value loss 7003.248931884766
Iteration 110/400 - Average Reward: 0.1305356225024702
{'AREA': np.float64(175027.28427204603), 'weighted_R_M': 1.9321012320631579, 'weighted_R_T': 0.6588637365235223, 'weighted_R_P': 1.3911972045898438, 'cost_balance': np.float64(3.851626566554034), 'R_T_ratio': 1.4114007424132553e-05, 'R_P_ratio': 6.190996300447443e-05}
Training Iteration 110
Collecting Episode 0
Collecting Episode 10
Collecting Episode 20
Collecting Episode 30
Finish Collecting Episodes in 43.96 seconds
avg value loss 3794.7601030137803
Iteration 111/400 - Average Reward: 0.16182050773447068
{'AREA': np.float64(167971.20143615085), 'weighted_R_M': 1.959710448422508, 'weighted_R_T': 0.6785287194781833, 'weighted_R_P': 1.50376468234592, 'cost_balance': np.float64(3.9801833307025936), 'R_T_ratio': 1.4546662024044692e-05, 'R_P_ratio': 6.68930025876276e-05}
Training Iteration 111
Collecting Episode 0
Collecting Episode 10
Collecting Episode 20
Collecting Episode 30
Finish Collecting Episodes in 43.84 seconds
avg value loss 9110.90916188558
Iteration 112/400 - Average Reward: 0.0808660365938623
{'AREA': np.float64(167700.93980111834), 'weighted_R_M': 1.8315419693907542, 'weighted_R_T': 0.7549170437786314, 'weighted_R_P': 1.4483473036024306, 'cost_balance': np.float64(3.9539402700514876), 'R_T_ratio': 1.618115356478526e-05, 'R_P_ratio': 6.44444223638321e-05}
Training Iteration 112
Collecting Episode 0
Collecting Episode 10
Collecting Episode 20
Collecting Episode 30
Finish Collecting Episodes in 43.85 seconds
avg value loss 2463.6144536336265
Iteration 113/400 - Average Reward: -0.7286566547118127
{'AREA': np.float64(164612.72987967654), 'weighted_R_M': 1.8484629819633684, 'weighted_R_T': 0.28071779840522343, 'weighted_R_P': 1.1471201578776042, 'cost_balance': np.float64(4.004957616201649), 'R_T_ratio': 6.012639105980784e-06, 'R_P_ratio': 5.102161965596529e-05}
Training Iteration 113
Collecting Episode 0
Collecting Episode 10
Collecting Episode 20
Collecting Episode 30
Finish Collecting Episodes in 43.85 seconds
avg value loss 2310.3510530259873
Iteration 114/400 - Average Reward: -0.4091284839281191
{'AREA': np.float64(178317.25568140668), 'weighted_R_M': 2.007135578093261, 'weighted_R_T': 0.24687850972016653, 'weighted_R_P': 1.0313262939453125, 'cost_balance': np.float64(3.6944688804253807), 'R_T_ratio': 5.274135109799448e-06, 'R_P_ratio': 4.588867903288249e-05}
Training Iteration 114
Collecting Episode 0
Collecting Episode 10
Collecting Episode 20
Collecting Episode 30
Finish Collecting Episodes in 43.97 seconds
avg value loss 12777.356425815158
Iteration 115/400 - Average Reward: 0.1953504439022961
{'AREA': np.float64(174453.69950422904), 'weighted_R_M': 2.0361388743711157, 'weighted_R_T': 0.6719862802161111, 'weighted_R_P': 1.350108676486545, 'cost_balance': np.float64(3.862883358648708), 'R_T_ratio': 1.4404633920757205e-05, 'R_P_ratio': 6.0054756315350596e-05}
Training Iteration 115
Collecting Episode 0
Collecting Episode 10
Collecting Episode 20
Collecting Episode 30
Finish Collecting Episodes in 43.85 seconds
avg value loss 20346.26055399577
Iteration 116/400 - Average Reward: -0.5335402552866273
{'AREA': np.float64(175937.67103606672), 'weighted_R_M': 1.7519016970881138, 'weighted_R_T': 0.38731056286229026, 'weighted_R_P': 1.2152667575412326, 'cost_balance': np.float64(3.888019272970446), 'R_T_ratio': 8.290284058585598e-06, 'R_P_ratio': 5.406713633505767e-05}
Training Iteration 116
Collecting Episode 0
Collecting Episode 10
Collecting Episode 20
Collecting Episode 30
Finish Collecting Episodes in 43.85 seconds
avg value loss 4144.266510009766
Iteration 117/400 - Average Reward: -0.43252669713628067
{'AREA': np.float64(174513.115572114), 'weighted_R_M': 1.8264301150609552, 'weighted_R_T': 0.34888171156247455, 'weighted_R_P': 1.2444212171766493, 'cost_balance': np.float64(3.852259740001828), 'R_T_ratio': 7.4717669653211344e-06, 'R_P_ratio': 5.535588415326062e-05}
Training Iteration 117
Collecting Episode 0
Collecting Episode 10
Collecting Episode 20
Collecting Episode 30
Finish Collecting Episodes in 43.86 seconds
avg value loss 3702.2068422105576
Iteration 118/400 - Average Reward: 0.0324570675018347
{'AREA': np.float64(179047.12643948576), 'weighted_R_M': 1.876483233892941, 'weighted_R_T': 0.5120210746924082, 'weighted_R_P': 1.3743964301215277, 'cost_balance': np.float64(3.7304436761797652), 'R_T_ratio': 1.0970230383646381e-05, 'R_P_ratio': 6.113552524059096e-05}
Training Iteration 118
Collecting Episode 0
Collecting Episode 10
Collecting Episode 20
Collecting Episode 30
Finish Collecting Episodes in 43.89 seconds
avg value loss 1795.30974706014
Iteration 119/400 - Average Reward: 0.2852758546262824
{'AREA': np.float64(181914.98312830727), 'weighted_R_M': 1.938875963604207, 'weighted_R_T': 0.7013287411795722, 'weighted_R_P': 1.3997743394639757, 'cost_balance': np.float64(3.754703193882466), 'R_T_ratio': 1.502850913313098e-05, 'R_P_ratio': 6.226756418398205e-05}
Training Iteration 119
Collecting Episode 0
Collecting Episode 10
Collecting Episode 20
Collecting Episode 30
Finish Collecting Episodes in 43.85 seconds
avg value loss 862.8196695115831
Iteration 120/400 - Average Reward: -0.37217190486585927
{'AREA': np.float64(175720.40273319237), 'weighted_R_M': 1.876780298527188, 'weighted_R_T': 0.3921594454182519, 'weighted_R_P': 1.2247831556532118, 'cost_balance': np.float64(3.865894811770472), 'R_T_ratio': 8.39901658484305e-06, 'R_P_ratio': 5.4463213019961205e-05}
Checkpoint saved to checkpoints/ckpt_normal_gnn_l1_bal_single_120_-0.37.pt
Training Iteration 120
Collecting Episode 0
Collecting Episode 10
Collecting Episode 20
Collecting Episode 30
Finish Collecting Episodes in 43.87 seconds
avg value loss 489.1001387702094
Iteration 121/400 - Average Reward: 0.14942458104471573
{'AREA': np.float64(171779.90967503714), 'weighted_R_M': 1.910463355721327, 'weighted_R_T': 0.655095613665051, 'weighted_R_P': 1.376998053656684, 'cost_balance': np.float64(3.7931324569628697), 'R_T_ratio': 1.4033511478643105e-05, 'R_P_ratio': 6.127247812781622e-05}
Training Iteration 121
Collecting Episode 0
Collecting Episode 10
Collecting Episode 20
Collecting Episode 30
Finish Collecting Episodes in 43.87 seconds
avg value loss 1312.0856085883247
Iteration 122/400 - Average Reward: 0.5107699092218859
{'AREA': np.float64(177052.94893113145), 'weighted_R_M': 1.888896123054211, 'weighted_R_T': 0.8660327245791754, 'weighted_R_P': 1.5839301215277777, 'cost_balance': np.float64(3.8280890838507013), 'R_T_ratio': 1.8569687357404706e-05, 'R_P_ratio': 7.043667331245606e-05}
Training Iteration 122
Collecting Episode 0
Collecting Episode 10
Collecting Episode 20
Collecting Episode 30
Finish Collecting Episodes in 43.98 seconds
avg value loss 2151.256971147325
Iteration 123/400 - Average Reward: -0.6381747285292173
{'AREA': np.float64(176659.79840150927), 'weighted_R_M': 1.8373998412910926, 'weighted_R_T': 0.2563966148429447, 'weighted_R_P': 1.0449676513671875, 'cost_balance': np.float64(3.7769388160577444), 'R_T_ratio': 5.4840533158363585e-06, 'R_P_ratio': 4.647538220078906e-05}
Training Iteration 123
Collecting Episode 0
Collecting Episode 10
Collecting Episode 20
Collecting Episode 30
Finish Collecting Episodes in 43.86 seconds
avg value loss 745.4250055948893
Iteration 124/400 - Average Reward: -0.3004269524470955
{'AREA': np.float64(168973.6855145864), 'weighted_R_M': 1.8014841125352379, 'weighted_R_T': 0.5191690838999219, 'weighted_R_P': 1.3156212700737848, 'cost_balance': np.float64(3.9367013832717834), 'R_T_ratio': 1.1124049410967304e-05, 'R_P_ratio': 5.851745846057065e-05}
Training Iteration 124
Collecting Episode 0
Collecting Episode 10
Collecting Episode 20
Collecting Episode 30
Finish Collecting Episodes in 43.88 seconds
avg value loss 2221.1535619099936
Iteration 125/400 - Average Reward: -0.007542468807918744
{'AREA': np.float64(172594.39728740611), 'weighted_R_M': 1.7880309247751331, 'weighted_R_T': 0.6957352161407471, 'weighted_R_P': 1.4118660820855036, 'cost_balance': np.float64(3.903174712294513), 'R_T_ratio': 1.4910016081975952e-05, 'R_P_ratio': 6.282082854262387e-05}
Training Iteration 125
Collecting Episode 0
Collecting Episode 10
Collecting Episode 20
Collecting Episode 30
Finish Collecting Episodes in 43.85 seconds
avg value loss 1979.2540020412869
Iteration 126/400 - Average Reward: -0.3516779362350159
{'AREA': np.float64(183668.7002692045), 'weighted_R_M': 1.8279658482262877, 'weighted_R_T': 0.3578420711888207, 'weighted_R_P': 1.2700873480902777, 'cost_balance': np.float64(3.807573203515993), 'R_T_ratio': 7.658968715545944e-06, 'R_P_ratio': 5.6520953989037175e-05}
Training Iteration 126
Collecting Episode 0
Collecting Episode 10
Collecting Episode 20
Collecting Episode 30
Finish Collecting Episodes in 43.98 seconds
avg value loss 4109.173004574246
Iteration 127/400 - Average Reward: -0.10812654791516252
{'AREA': np.float64(179098.53632774792), 'weighted_R_M': 1.94142070277303, 'weighted_R_T': 0.4254163619544771, 'weighted_R_P': 1.2831751505533855, 'cost_balance': np.float64(3.758138762083336), 'R_T_ratio': 9.109030576949352e-06, 'R_P_ratio': 5.7079733338695325e-05}
Training Iteration 127
Collecting Episode 0
Collecting Episode 10
Collecting Episode 20
Collecting Episode 30
Finish Collecting Episodes in 43.86 seconds
avg value loss 4915.981255425348
Iteration 128/400 - Average Reward: -0.41820583626071717
{'AREA': np.float64(182408.60670130944), 'weighted_R_M': 1.8632110593559144, 'weighted_R_T': 0.3101326988803016, 'weighted_R_P': 1.1542061699761286, 'cost_balance': np.float64(3.7457557916522313), 'R_T_ratio': 6.6402949848073005e-06, 'R_P_ratio': 5.134345633480327e-05}
Training Iteration 128
Collecting Episode 0
Collecting Episode 10
Collecting Episode 20
Collecting Episode 30
Finish Collecting Episodes in 43.88 seconds
avg value loss 961.79431576199
Iteration 129/400 - Average Reward: 0.02963514255437379
{'AREA': np.float64(178910.91887070268), 'weighted_R_M': 1.882782712923573, 'weighted_R_T': 0.6016478372944726, 'weighted_R_P': 1.303587171766493, 'cost_balance': np.float64(3.758382596945362), 'R_T_ratio': 1.2901251382177766e-05, 'R_P_ratio': 5.796979791718942e-05}
Training Iteration 129
Collecting Episode 0
Collecting Episode 10
Collecting Episode 20
Collecting Episode 30
Finish Collecting Episodes in 43.85 seconds
avg value loss 8320.276056925455
Iteration 130/400 - Average Reward: -0.06297863271902315
{'AREA': np.float64(177716.9900608624), 'weighted_R_M': 1.946837691069959, 'weighted_R_T': 0.36959557235240936, 'weighted_R_P': 1.3668704562717013, 'cost_balance': np.float64(3.7462823338748756), 'R_T_ratio': 7.912596016420212e-06, 'R_P_ratio': 6.0792311025305144e-05}
Training Iteration 130
Collecting Episode 0
Collecting Episode 10
Collecting Episode 20
Collecting Episode 30
Finish Collecting Episodes in 43.87 seconds
avg value loss 2163.513525644938
Iteration 131/400 - Average Reward: 0.07407315517128962
{'AREA': np.float64(172346.0074815848), 'weighted_R_M': 1.8454247736416518, 'weighted_R_T': 0.6205768634875616, 'weighted_R_P': 1.5070343017578125, 'cost_balance': np.float64(3.8989627838536745), 'R_T_ratio': 1.330327226158211e-05, 'R_P_ratio': 6.703972055924829e-05}
Training Iteration 131
Collecting Episode 0
Collecting Episode 10
Collecting Episode 20
Collecting Episode 30
Finish Collecting Episodes in 43.85 seconds
avg value loss 398.12718624538843
Iteration 132/400 - Average Reward: 0.23961108635153827
{'AREA': np.float64(172248.31816265566), 'weighted_R_M': 1.8249546582321474, 'weighted_R_T': 0.6761701984537972, 'weighted_R_P': 1.6146180894639757, 'cost_balance': np.float64(3.876131866331573), 'R_T_ratio': 1.449067070941982e-05, 'R_P_ratio': 7.181800391742012e-05}
Training Iteration 132
Collecting Episode 0
Collecting Episode 10
Collecting Episode 20
Collecting Episode 30
Finish Collecting Episodes in 43.88 seconds
avg value loss 617.116707695855
Iteration 133/400 - Average Reward: 0.32199317051951465
{'AREA': np.float64(171691.07666652434), 'weighted_R_M': 1.934104827699937, 'weighted_R_T': 0.7178456352816688, 'weighted_R_P': 1.488401624891493, 'cost_balance': np.float64(3.81835893917184), 'R_T_ratio': 1.5382100357378786e-05, 'R_P_ratio': 6.62236954421062e-05}
Training Iteration 133
Collecting Episode 0
Collecting Episode 10
Collecting Episode 20
Collecting Episode 30
Finish Collecting Episodes in 43.87 seconds
avg value loss 1128.9375945197212
Iteration 134/400 - Average Reward: 0.374339086896119
{'AREA': np.float64(173260.08327540773), 'weighted_R_M': 1.8300010425817972, 'weighted_R_T': 0.8213395890262392, 'weighted_R_P': 1.5595948961046007, 'cost_balance': np.float64(3.8365964555627423), 'R_T_ratio': 1.760971552877688e-05, 'R_P_ratio': 6.938417398199497e-05}
Training Iteration 134
Collecting Episode 0
Collecting Episode 10
Collecting Episode 20
Collecting Episode 30
Finish Collecting Episodes in 43.86 seconds
avg value loss 1724.9007983737522
Iteration 135/400 - Average Reward: -0.05676985783308434
{'AREA': np.float64(177420.5624746416), 'weighted_R_M': 1.832986350066575, 'weighted_R_T': 0.5763386256164975, 'weighted_R_P': 1.3107876247829862, 'cost_balance': np.float64(3.7768824635720697), 'R_T_ratio': 1.2348487646853442e-05, 'R_P_ratio': 5.8310876049754036e-05}
Training Iteration 135
Collecting Episode 0
Collecting Episode 10
Collecting Episode 20
Collecting Episode 30
Finish Collecting Episodes in 43.96 seconds
avg value loss 1188.462870279948
Iteration 136/400 - Average Reward: 0.34302295504474184
{'AREA': np.float64(173438.76973791624), 'weighted_R_M': 2.0114999523498733, 'weighted_R_T': 0.6446256786584854, 'weighted_R_P': 1.5059085422092013, 'cost_balance': np.float64(3.8190112182522022), 'R_T_ratio': 1.3824167129981394e-05, 'R_P_ratio': 6.69817928573445e-05}
Training Iteration 136
Collecting Episode 0
Collecting Episode 10
Collecting Episode 20
Collecting Episode 30
Finish Collecting Episodes in 43.85 seconds
avg value loss 841.5229754977756
Iteration 137/400 - Average Reward: -0.025403613936052553
{'AREA': np.float64(177837.57221073244), 'weighted_R_M': 1.919207368506856, 'weighted_R_T': 0.45858634014924365, 'weighted_R_P': 1.365467495388455, 'cost_balance': np.float64(3.768664813317229), 'R_T_ratio': 9.826484669427864e-06, 'R_P_ratio': 6.07434431466695e-05}
Training Iteration 137
Collecting Episode 0
Collecting Episode 10
Collecting Episode 20
Collecting Episode 30
Finish Collecting Episodes in 43.86 seconds
avg value loss 939.57160059611
Iteration 138/400 - Average Reward: 0.07755946298453233
{'AREA': np.float64(180894.64165314383), 'weighted_R_M': 1.972331089536763, 'weighted_R_T': 0.5248611254824532, 'weighted_R_P': 1.2782033284505208, 'cost_balance': np.float64(3.6978360961874706), 'R_T_ratio': 1.1242982657372953e-05, 'R_P_ratio': 5.685800911174136e-05}
Training Iteration 138
Collecting Episode 0
Collecting Episode 10
Collecting Episode 20
Collecting Episode 30
Finish Collecting Episodes in 43.85 seconds
avg value loss 1170.4566862318252
Iteration 139/400 - Average Reward: -0.4231190742704914
{'AREA': np.float64(175698.7970308839), 'weighted_R_M': 1.8320416232187806, 'weighted_R_T': 0.4151463508605957, 'weighted_R_P': 1.1655960083007812, 'cost_balance': np.float64(3.835903064856131), 'R_T_ratio': 8.888419224534822e-06, 'R_P_ratio': 5.185371972349362e-05}
Training Iteration 139
Collecting Episode 0
Collecting Episode 10
Collecting Episode 20
Collecting Episode 30
Finish Collecting Episodes in 43.99 seconds
avg value loss 645.8392859564888
Iteration 140/400 - Average Reward: -0.24630799198833606
{'AREA': np.float64(173572.7577633843), 'weighted_R_M': 1.8437457676086018, 'weighted_R_T': 0.4498056222995122, 'weighted_R_P': 1.3456878662109375, 'cost_balance': np.float64(3.8855472304221905), 'R_T_ratio': 9.631834718048453e-06, 'R_P_ratio': 5.9869142249665184e-05}
Checkpoint saved to checkpoints/ckpt_normal_gnn_l1_bal_single_140_-0.25.pt
Training Iteration 140
Collecting Episode 0
Collecting Episode 10
Collecting Episode 20
Collecting Episode 30
Finish Collecting Episodes in 43.92 seconds
avg value loss 652.8718075222439
Iteration 141/400 - Average Reward: 0.17028147434919244
{'AREA': np.float64(171402.4615164821), 'weighted_R_M': 1.7622487739443184, 'weighted_R_T': 0.7704705463515388, 'weighted_R_P': 1.548511928982205, 'cost_balance': np.float64(3.9109497600585152), 'R_T_ratio': 1.6508123095563018e-05, 'R_P_ratio': 6.890746593855394e-05}
Training Iteration 141
Collecting Episode 0
Collecting Episode 10
Collecting Episode 20
Collecting Episode 30
Finish Collecting Episodes in 43.87 seconds
avg value loss 2219.842431810167
Iteration 142/400 - Average Reward: 0.1898624643411798
{'AREA': np.float64(176163.63716444423), 'weighted_R_M': 1.860015595849998, 'weighted_R_T': 0.6823171344068315, 'weighted_R_P': 1.3933800591362848, 'cost_balance': np.float64(3.7458503419310674), 'R_T_ratio': 1.4617717675734375e-05, 'R_P_ratio': 6.199493751477301e-05}
Training Iteration 142
Collecting Episode 0
Collecting Episode 10
Collecting Episode 20
Collecting Episode 30
Finish Collecting Episodes in 43.88 seconds
avg value loss 4660.243348439534
Iteration 143/400 - Average Reward: -0.06793468863987881
{'AREA': np.float64(178549.0583891433), 'weighted_R_M': 1.8478154622543015, 'weighted_R_T': 0.49320359693633187, 'weighted_R_P': 1.3130967881944444, 'cost_balance': np.float64(3.7220505587933754), 'R_T_ratio': 1.055750098711345e-05, 'R_P_ratio': 5.842162299675281e-05}
Training Iteration 143
Collecting Episode 0
Collecting Episode 10
Collecting Episode 20
Collecting Episode 30
Finish Collecting Episodes in 43.86 seconds
avg value loss 870.2299143473307
Iteration 144/400 - Average Reward: -0.37008843973550637
{'AREA': np.float64(169480.02452859364), 'weighted_R_M': 1.798259151604725, 'weighted_R_T': 0.4448075244824092, 'weighted_R_P': 1.2921744452582464, 'cost_balance': np.float64(3.905329546974044), 'R_T_ratio': 9.529062505154235e-06, 'R_P_ratio': 5.746756684987808e-05}
Training Iteration 144
Collecting Episode 0
Collecting Episode 10
Collecting Episode 20
Collecting Episode 30
Finish Collecting Episodes in 43.87 seconds
avg value loss 3343.6993170844185
Iteration 145/400 - Average Reward: -0.10246474872433788
{'AREA': np.float64(178781.81565781933), 'weighted_R_M': 1.8577677661139913, 'weighted_R_T': 0.4870798455344306, 'weighted_R_P': 1.3521736992730036, 'cost_balance': np.float64(3.7994860855237826), 'R_T_ratio': 1.0434976028878613e-05, 'R_P_ratio': 6.0147432760156004e-05}
Training Iteration 145
Collecting Episode 0
Collecting Episode 10
Collecting Episode 20
Collecting Episode 30
Finish Collecting Episodes in 43.87 seconds
avg value loss 2937.749805874295
Iteration 146/400 - Average Reward: -0.06502872247882704
{'AREA': np.float64(178229.24656464614), 'weighted_R_M': 1.9160567684415986, 'weighted_R_T': 0.4941046999560462, 'weighted_R_P': 1.269276089138455, 'cost_balance': np.float64(3.7444662586961845), 'R_T_ratio': 1.0583097585713395e-05, 'R_P_ratio': 5.645655300598154e-05}
Training Iteration 146
Collecting Episode 0
Collecting Episode 10
Collecting Episode 20
Collecting Episode 30
Finish Collecting Episodes in 43.88 seconds
avg value loss 1894.5549774169922
Iteration 147/400 - Average Reward: 0.07761867150353889
{'AREA': np.float64(175143.23162667593), 'weighted_R_M': 1.8778474669011809, 'weighted_R_T': 0.6457527809672885, 'weighted_R_P': 1.4183714124891493, 'cost_balance': np.float64(3.8643530043941814), 'R_T_ratio': 1.384276343002755e-05, 'R_P_ratio': 6.308505697864996e-05}
Training Iteration 147
Collecting Episode 0
Collecting Episode 10
Collecting Episode 20
Collecting Episode 30
Finish Collecting Episodes in 43.87 seconds
avg value loss 1092.9906828138564
Iteration 148/400 - Average Reward: -0.2701380012957897
{'AREA': np.float64(177298.1123394933), 'weighted_R_M': 1.8871525193325296, 'weighted_R_T': 0.3819531848033269, 'weighted_R_P': 1.2098863389756944, 'cost_balance': np.float64(3.7491300520084514), 'R_T_ratio': 8.177824951173375e-06, 'R_P_ratio': 5.379457473780263e-05}
Training Iteration 148
Collecting Episode 0
Collecting Episode 10
Collecting Episode 20
Collecting Episode 30
Finish Collecting Episodes in 44.00 seconds
avg value loss 6239.608299255371
Iteration 149/400 - Average Reward: -0.6142719637848333
{'AREA': np.float64(185398.7887276401), 'weighted_R_M': 1.7573018635897217, 'weighted_R_T': 0.2803860521978802, 'weighted_R_P': 1.0833621554904513, 'cost_balance': np.float64(3.7353220473094058), 'R_T_ratio': 5.9973822930227255e-06, 'R_P_ratio': 4.816988476101051e-05}
Training Iteration 149
Collecting Episode 0
Collecting Episode 10
Collecting Episode 20
Collecting Episode 30
Finish Collecting Episodes in 43.88 seconds
avg value loss 516.1194008721245
Iteration 150/400 - Average Reward: 0.12472677247327131
{'AREA': np.float64(174177.594227987), 'weighted_R_M': 1.7476722691765947, 'weighted_R_T': 0.6672214335865445, 'weighted_R_P': 1.4973500569661458, 'cost_balance': np.float64(3.7875169828059603), 'R_T_ratio': 1.43020365785334e-05, 'R_P_ratio': 6.660580082457685e-05}
Training Iteration 150
Collecting Episode 0
Collecting Episode 10
Collecting Episode 20
Collecting Episode 30
Finish Collecting Episodes in 43.88 seconds
avg value loss 672.8928226894802
Iteration 151/400 - Average Reward: 0.14936209353618324
{'AREA': np.float64(168604.27045444), 'weighted_R_M': 1.7849977859970951, 'weighted_R_T': 0.7971473435560862, 'weighted_R_P': 1.5328394571940105, 'cost_balance': np.float64(3.9656224997510066), 'R_T_ratio': 1.7093616118679655e-05, 'R_P_ratio': 6.816642400841084e-05}
Training Iteration 151
Collecting Episode 0
Collecting Episode 10
Collecting Episode 20
Collecting Episode 30
Finish Collecting Episodes in 43.88 seconds
avg value loss 298.4980574713813
Iteration 152/400 - Average Reward: -0.609733995370334
{'AREA': np.float64(174412.27800065314), 'weighted_R_M': 1.7126174682974427, 'weighted_R_T': 0.3290906962421205, 'weighted_R_P': 1.1698998345269098, 'cost_balance': np.float64(3.821341984353555), 'R_T_ratio': 7.0472422346251e-06, 'R_P_ratio': 5.2031908876494346e-05}
Training Iteration 152
Collecting Episode 0
Collecting Episode 10
Collecting Episode 20
Collecting Episode 30
Finish Collecting Episodes in 43.98 seconds
avg value loss 891.8153936598036
Iteration 153/400 - Average Reward: -0.35995189431964214
{'AREA': np.float64(182401.96752355236), 'weighted_R_M': 1.7824858434081154, 'weighted_R_T': 0.4213918033573363, 'weighted_R_P': 1.196016099717882, 'cost_balance': np.float64(3.7598456580038837), 'R_T_ratio': 9.018363355983716e-06, 'R_P_ratio': 5.3218763901765856e-05}
Training Iteration 153
Collecting Episode 0
Collecting Episode 10
Collecting Episode 20
Collecting Episode 30
Finish Collecting Episodes in 43.87 seconds
avg value loss 411.96007198757593
Iteration 154/400 - Average Reward: 0.14298857840347207
{'AREA': np.float64(175245.4843576993), 'weighted_R_M': 1.90739669973886, 'weighted_R_T': 0.5444551060597101, 'weighted_R_P': 1.4626524183485243, 'cost_balance': np.float64(3.771515647399198), 'R_T_ratio': 1.1665299856032188e-05, 'R_P_ratio': 6.504199047452364e-05}
Training Iteration 154
Collecting Episode 0
Collecting Episode 10
Collecting Episode 20
Collecting Episode 30
Finish Collecting Episodes in 43.88 seconds
avg value loss 2375.0445590549043
Iteration 155/400 - Average Reward: -0.10689928398480536
{'AREA': np.float64(177255.0362349271), 'weighted_R_M': 1.8754568627215729, 'weighted_R_T': 0.4608246154255337, 'weighted_R_P': 1.3511564466688368, 'cost_balance': np.float64(3.7943372224849776), 'R_T_ratio': 9.86592055749839e-06, 'R_P_ratio': 6.010597828856601e-05}
Training Iteration 155
Collecting Episode 0
Collecting Episode 10
Collecting Episode 20
Collecting Episode 30
Finish Collecting Episodes in 43.90 seconds
avg value loss 1263.3831511603462
Iteration 156/400 - Average Reward: -0.5817894450899783
{'AREA': np.float64(172917.8558804294), 'weighted_R_M': 1.7312751279617562, 'weighted_R_T': 0.4054862509171168, 'weighted_R_P': 1.2532950507269964, 'cost_balance': np.float64(3.9718458853982455), 'R_T_ratio': 8.680192610975116e-06, 'R_P_ratio': 5.5785533851770985e-05}
Training Iteration 156
Collecting Episode 0
Collecting Episode 10
Collecting Episode 20
Collecting Episode 30
Finish Collecting Episodes in 43.92 seconds
avg value loss 4326.7164255778
Iteration 157/400 - Average Reward: -0.3631613943984525
{'AREA': np.float64(176424.39785955276), 'weighted_R_M': 1.8745319243502712, 'weighted_R_T': 0.38826239109039307, 'weighted_R_P': 1.157849629720052, 'cost_balance': np.float64(3.7838053288071936), 'R_T_ratio': 8.319587031713822e-06, 'R_P_ratio': 5.1488883675948e-05}
Training Iteration 157
Collecting Episode 0
Collecting Episode 10
Collecting Episode 20
Collecting Episode 30
Finish Collecting Episodes in 44.48 seconds
avg value loss 6879.172310723199
Iteration 158/400 - Average Reward: -0.25685992429498583
{'AREA': np.float64(176634.8245978494), 'weighted_R_M': 1.766169975859763, 'weighted_R_T': 0.4787178072664473, 'weighted_R_P': 1.3394783867730036, 'cost_balance': np.float64(3.841226091735466), 'R_T_ratio': 1.0267976494418266e-05, 'R_P_ratio': 5.955302707506364e-05}
Training Iteration 158
Collecting Episode 0
Collecting Episode 10
Collecting Episode 20
Collecting Episode 30
Finish Collecting Episodes in 44.53 seconds
avg value loss 391.5360743204753
Iteration 159/400 - Average Reward: -0.33004539924311554
{'AREA': np.float64(173561.27374031566), 'weighted_R_M': 1.8755580074689027, 'weighted_R_T': 0.3419119053416782, 'weighted_R_P': 1.2707400851779513, 'cost_balance': np.float64(3.818255389196987), 'R_T_ratio': 7.324566008011975e-06, 'R_P_ratio': 5.6494516198271924e-05}
Training Iteration 159
Collecting Episode 0
Collecting Episode 10
Collecting Episode 20
Collecting Episode 30
Finish Collecting Episodes in 44.03 seconds
avg value loss 882.3561041090223
Iteration 160/400 - Average Reward: -0.9273051438891949
{'AREA': np.float64(172628.37865111808), 'weighted_R_M': 1.6747879115577637, 'weighted_R_T': 0.1661599510245853, 'weighted_R_P': 1.016978793674045, 'cost_balance': np.float64(3.7852317910634685), 'R_T_ratio': 3.541643029042474e-06, 'R_P_ratio': 4.523929087376582e-05}
Checkpoint saved to checkpoints/ckpt_normal_gnn_l1_bal_single_160_-0.93.pt
Training Iteration 160
Collecting Episode 0
Collecting Episode 10
Collecting Episode 20
Collecting Episode 30
Finish Collecting Episodes in 44.00 seconds
avg value loss 392.43800862630206
Iteration 161/400 - Average Reward: 0.1646530785526718
{'AREA': np.float64(177546.32501175464), 'weighted_R_M': 1.831423606394512, 'weighted_R_T': 0.6012407475047641, 'weighted_R_P': 1.461470709906684, 'cost_balance': np.float64(3.729482002721938), 'R_T_ratio': 1.2883670733395322e-05, 'R_P_ratio': 6.500676624629807e-05}
Training Iteration 161
Collecting Episode 0
Collecting Episode 10
Collecting Episode 20
Collecting Episode 30
Finish Collecting Episodes in 43.86 seconds
avg value loss 477.3656692504883
Iteration 162/400 - Average Reward: -0.0005626231771505749
{'AREA': np.float64(173882.4810423177), 'weighted_R_M': 1.8450017599655741, 'weighted_R_T': 0.590262308716774, 'weighted_R_P': 1.4114837646484375, 'cost_balance': np.float64(3.8473104524130983), 'R_T_ratio': 1.2650576507431152e-05, 'R_P_ratio': 6.278855312328672e-05}
Training Iteration 162
Collecting Episode 0
Collecting Episode 10
Collecting Episode 20
Collecting Episode 30
Finish Collecting Episodes in 43.88 seconds
avg value loss 2237.765118492974
Iteration 163/400 - Average Reward: -0.16619623212803467
{'AREA': np.float64(177706.3334586804), 'weighted_R_M': 1.8628014960393355, 'weighted_R_T': 0.4156896256738239, 'weighted_R_P': 1.3110343085394964, 'cost_balance': np.float64(3.7557216635285675), 'R_T_ratio': 8.898531825322445e-06, 'R_P_ratio': 5.8329526339415435e-05}
Training Iteration 163
Collecting Episode 0
Collecting Episode 10
Collecting Episode 20
Collecting Episode 30
Finish Collecting Episodes in 43.85 seconds
avg value loss 466.0603663126628
Iteration 164/400 - Average Reward: -0.11610612714624342
{'AREA': np.float64(173821.0384916871), 'weighted_R_M': 1.7416465883814252, 'weighted_R_T': 0.6297965380880568, 'weighted_R_P': 1.4306326972113714, 'cost_balance': np.float64(3.9181819727535605), 'R_T_ratio': 1.3495911057783941e-05, 'R_P_ratio': 6.365021297987599e-05}
Training Iteration 164
Collecting Episode 0
Collecting Episode 10
Collecting Episode 20
Collecting Episode 30
Finish Collecting Episodes in 43.97 seconds
avg value loss 384.71441480848523
Iteration 165/400 - Average Reward: -0.015041229127544083
{'AREA': np.float64(174962.1481525094), 'weighted_R_M': 1.860914270830512, 'weighted_R_T': 0.5625351866086324, 'weighted_R_P': 1.43422359890408, 'cost_balance': np.float64(3.87271427598734), 'R_T_ratio': 1.2046621769099294e-05, 'R_P_ratio': 6.380778422273519e-05}
Training Iteration 165
Collecting Episode 0
Collecting Episode 10
Collecting Episode 20
Collecting Episode 30
Finish Collecting Episodes in 43.88 seconds
avg value loss 922.2895245022244
Iteration 166/400 - Average Reward: 0.29076940690639375
{'AREA': np.float64(175967.3099377116), 'weighted_R_M': 1.7332070225982332, 'weighted_R_T': 0.7925360583596759, 'weighted_R_P': 1.6292504204644098, 'cost_balance': np.float64(3.864224118952138), 'R_T_ratio': 1.698512739349721e-05, 'R_P_ratio': 7.246735255448143e-05}
Training Iteration 166
Collecting Episode 0
Collecting Episode 10
Collecting Episode 20
Collecting Episode 30
Finish Collecting Episodes in 43.88 seconds
avg value loss 821.873524983724
Iteration 167/400 - Average Reward: -0.5286028768427463
{'AREA': np.float64(175546.8809406751), 'weighted_R_M': 1.747632418937024, 'weighted_R_T': 0.3088969306813346, 'weighted_R_P': 1.1747996012369792, 'cost_balance': np.float64(3.7599318215695323), 'R_T_ratio': 6.605243710026502e-06, 'R_P_ratio': 5.2259164627674634e-05}
Training Iteration 167
Collecting Episode 0
Collecting Episode 10
Collecting Episode 20
Collecting Episode 30
Finish Collecting Episodes in 43.86 seconds
avg value loss 1321.37464650472
Iteration 168/400 - Average Reward: 0.1733102885256004
{'AREA': np.float64(176043.44758933893), 'weighted_R_M': 1.809155124179799, 'weighted_R_T': 0.6664101481437683, 'weighted_R_P': 1.4593412611219618, 'cost_balance': np.float64(3.761596259351476), 'R_T_ratio': 1.4284707446650854e-05, 'R_P_ratio': 6.488794598893645e-05}
Training Iteration 168
Collecting Episode 0
Collecting Episode 10
Collecting Episode 20
Collecting Episode 30
Finish Collecting Episodes in 43.87 seconds
avg value loss 832.6126208835178
Iteration 169/400 - Average Reward: -0.33775544356063214
{'AREA': np.float64(176585.0687117217), 'weighted_R_M': 1.8576899797056587, 'weighted_R_T': 0.3627445548772812, 'weighted_R_P': 1.192670186360677, 'cost_balance': np.float64(3.7508601546124427), 'R_T_ratio': 7.762352318659479e-06, 'R_P_ratio': 5.306960583312259e-05}
Training Iteration 169
Collecting Episode 0
Collecting Episode 10
Collecting Episode 20
Collecting Episode 30
Finish Collecting Episodes in 43.87 seconds
avg value loss 343.5423452589247
Iteration 170/400 - Average Reward: 0.002837921114405617
{'AREA': np.float64(168004.05606625823), 'weighted_R_M': 1.6895902145843138, 'weighted_R_T': 0.6817883451779684, 'weighted_R_P': 1.519258287217882, 'cost_balance': np.float64(3.8877989195871), 'R_T_ratio': 1.4614719192698436e-05, 'R_P_ratio': 6.759054678623675e-05}
Training Iteration 170
Collecting Episode 0
Collecting Episode 10
Collecting Episode 20
Collecting Episode 30
Finish Collecting Episodes in 43.87 seconds
avg value loss 1425.141611311171
Iteration 171/400 - Average Reward: -0.04496397789787605
{'AREA': np.float64(175948.5275623753), 'weighted_R_M': 1.797333922277984, 'weighted_R_T': 0.5603881726662318, 'weighted_R_P': 1.40602535671658, 'cost_balance': np.float64(3.808711442761895), 'R_T_ratio': 1.2003796196881202e-05, 'R_P_ratio': 6.253201154861177e-05}
Training Iteration 171
Collecting Episode 0
Collecting Episode 10
Collecting Episode 20
Collecting Episode 30
Finish Collecting Episodes in 43.87 seconds
avg value loss 560.3405969407823
Iteration 172/400 - Average Reward: 0.23817948949161089
{'AREA': np.float64(178765.66980320404), 'weighted_R_M': 1.8220848928653544, 'weighted_R_T': 0.7049201246764925, 'weighted_R_P': 1.4629923502604167, 'cost_balance': np.float64(3.75181785395556), 'R_T_ratio': 1.510718116544253e-05, 'R_P_ratio': 6.507787948240029e-05}
Training Iteration 172
Collecting Episode 0
Collecting Episode 10
Collecting Episode 20
Collecting Episode 30
Finish Collecting Episodes in 43.91 seconds
avg value loss 1491.7433143191868
Iteration 173/400 - Average Reward: 0.21652444363118978
{'AREA': np.float64(168150.89401894444), 'weighted_R_M': 1.896608613388202, 'weighted_R_T': 0.6781143877241347, 'weighted_R_P': 1.5358717176649306, 'cost_balance': np.float64(3.8940702810065826), 'R_T_ratio': 1.453468748423127e-05, 'R_P_ratio': 6.830460215221133e-05}
Training Iteration 173
Collecting Episode 0
Collecting Episode 10
Collecting Episode 20
Collecting Episode 30
Finish Collecting Episodes in 43.99 seconds
avg value loss 1835.496971130371
Iteration 174/400 - Average Reward: -0.5684234214034708
{'AREA': np.float64(180753.77148051703), 'weighted_R_M': 1.8344859918017593, 'weighted_R_T': 0.18437475793891483, 'weighted_R_P': 1.0978944566514757, 'cost_balance': np.float64(3.685178600440267), 'R_T_ratio': 3.9354377990821445e-06, 'R_P_ratio': 4.8847418800876704e-05}
Training Iteration 174
Collecting Episode 0
Collecting Episode 10
Collecting Episode 20
Collecting Episode 30
Finish Collecting Episodes in 43.89 seconds
avg value loss 2914.0942357381186
Iteration 175/400 - Average Reward: 0.16649539186619222
{'AREA': np.float64(181733.81983860672), 'weighted_R_M': 1.902703731367688, 'weighted_R_T': 0.5997311737802293, 'weighted_R_P': 1.3750712076822917, 'cost_balance': np.float64(3.711010736180059), 'R_T_ratio': 1.2851584565117443e-05, 'R_P_ratio': 6.117148076950013e-05}
Training Iteration 175
Collecting Episode 0
Collecting Episode 10
Collecting Episode 20
Collecting Episode 30
Finish Collecting Episodes in 43.87 seconds
avg value loss 1933.3931189643013
Iteration 176/400 - Average Reward: -0.2537748114231767
{'AREA': np.float64(178162.3088555122), 'weighted_R_M': 1.7386376861047919, 'weighted_R_T': 0.3499045107099745, 'weighted_R_P': 1.4044528537326388, 'cost_balance': np.float64(3.7467698537551177), 'R_T_ratio': 7.4902087418406e-06, 'R_P_ratio': 6.247759870736978e-05}
Training Iteration 176
Collecting Episode 0
Collecting Episode 10
Collecting Episode 20
Collecting Episode 30
Finish Collecting Episodes in 43.88 seconds
avg value loss 914.1754608154297
Iteration 177/400 - Average Reward: -0.1698499982562175
{'AREA': np.float64(183730.3848534436), 'weighted_R_M': 1.712473446452754, 'weighted_R_T': 0.5822161005602943, 'weighted_R_P': 1.2738817003038194, 'cost_balance': np.float64(3.7384212487583874), 'R_T_ratio': 1.2475829504652683e-05, 'R_P_ratio': 5.664915681413079e-05}
Training Iteration 177
Collecting Episode 0
Collecting Episode 10
Collecting Episode 20
Collecting Episode 30
Finish Collecting Episodes in 43.97 seconds
avg value loss 1438.548792521159
Iteration 178/400 - Average Reward: -0.25322629183776574
{'AREA': np.float64(175222.70859386426), 'weighted_R_M': 1.7926085791477817, 'weighted_R_T': 0.5152995437383652, 'weighted_R_P': 1.2682545979817708, 'cost_balance': np.float64(3.829389021601838), 'R_T_ratio': 1.1033568695158666e-05, 'R_P_ratio': 5.6444208273498386e-05}
Training Iteration 178
Collecting Episode 0
Collecting Episode 10
Collecting Episode 20
Collecting Episode 30
Finish Collecting Episodes in 43.87 seconds
avg value loss 4186.464064704047
Iteration 179/400 - Average Reward: -0.22735467471648008
{'AREA': np.float64(169491.62288809766), 'weighted_R_M': 1.7850915198367956, 'weighted_R_T': 0.5908432486984465, 'weighted_R_P': 1.3233829074435763, 'cost_balance': np.float64(3.9266723414546383), 'R_T_ratio': 1.2662063462447964e-05, 'R_P_ratio': 5.889941108420486e-05}
Training Iteration 179
Collecting Episode 0
Collecting Episode 10
Collecting Episode 20
Collecting Episode 30
Finish Collecting Episodes in 43.89 seconds
avg value loss 344.9937333001031
Iteration 180/400 - Average Reward: 0.5632248739226876
{'AREA': np.float64(178059.6766459644), 'weighted_R_M': 1.8581827049658588, 'weighted_R_T': 0.8164704293012619, 'weighted_R_P': 1.7030325995551214, 'cost_balance': np.float64(3.8144608774251996), 'R_T_ratio': 1.7499292208018107e-05, 'R_P_ratio': 7.575764950687149e-05}
Checkpoint saved to checkpoints/ckpt_normal_gnn_l1_bal_single_180_0.56.pt
Training Iteration 180
Collecting Episode 0
Collecting Episode 10
Collecting Episode 20
Collecting Episode 30
Finish Collecting Episodes in 43.90 seconds
avg value loss 578.375375535753
Iteration 181/400 - Average Reward: 0.1798918319788451
{'AREA': np.float64(174753.11416740972), 'weighted_R_M': 1.822902247641145, 'weighted_R_T': 0.731288355257776, 'weighted_R_P': 1.478684319390191, 'cost_balance': np.float64(3.8529830873791777), 'R_T_ratio': 1.567179059572574e-05, 'R_P_ratio': 6.578164113759295e-05}
Training Iteration 181
Collecting Episode 0
Collecting Episode 10
Collecting Episode 20
Collecting Episode 30
Finish Collecting Episodes in 43.87 seconds
avg value loss 511.2352485656738
Iteration 182/400 - Average Reward: 0.10688033942197864
{'AREA': np.float64(179337.16881906136), 'weighted_R_M': 1.7775543950968615, 'weighted_R_T': 0.5866042822599411, 'weighted_R_P': 1.5057110256618924, 'cost_balance': np.float64(3.7629893534732446), 'R_T_ratio': 1.2570309213668888e-05, 'R_P_ratio': 6.696444852739692e-05}
Training Iteration 182
Collecting Episode 0
Collecting Episode 10
Collecting Episode 20
Collecting Episode 30
Finish Collecting Episodes in 43.86 seconds
avg value loss 381.031733194987
Iteration 183/400 - Average Reward: 0.020188026770483702
{'AREA': np.float64(175748.286988078), 'weighted_R_M': 1.8080290885191062, 'weighted_R_T': 0.6521909187237421, 'weighted_R_P': 1.4101282755533855, 'cost_balance': np.float64(3.850160265510751), 'R_T_ratio': 1.397917423490775e-05, 'R_P_ratio': 6.274682617806665e-05}
Training Iteration 183
Collecting Episode 0
Collecting Episode 10
Collecting Episode 20
Collecting Episode 30
Finish Collecting Episodes in 43.87 seconds
avg value loss 384.68949551052515
Iteration 184/400 - Average Reward: -0.32802555232774466
{'AREA': np.float64(174609.64568936208), 'weighted_R_M': 1.7293294715992589, 'weighted_R_T': 0.47164513501856065, 'weighted_R_P': 1.302686055501302, 'cost_balance': np.float64(3.831686221782035), 'R_T_ratio': 1.01035713859807e-05, 'R_P_ratio': 5.7957128751864565e-05}
Training Iteration 184
Collecting Episode 0
Collecting Episode 10
Collecting Episode 20
Collecting Episode 30
Finish Collecting Episodes in 43.86 seconds
avg value loss 896.1625518798828
Iteration 185/400 - Average Reward: -0.2768925945274532
{'AREA': np.float64(176932.5069859868), 'weighted_R_M': 1.717872193619567, 'weighted_R_T': 0.46272390087445575, 'weighted_R_P': 1.4035814073350694, 'cost_balance': np.float64(3.8610700824950204), 'R_T_ratio': 9.911459691622523e-06, 'R_P_ratio': 6.245286321272032e-05}
Training Iteration 185
Collecting Episode 0
Collecting Episode 10
Collecting Episode 20
Collecting Episode 30
Finish Collecting Episodes in 43.86 seconds
avg value loss 1351.276220533583
Iteration 186/400 - Average Reward: -0.5736102024804697
{'AREA': np.float64(173141.8310578984), 'weighted_R_M': 1.6906843997741008, 'weighted_R_T': 0.3542419920365016, 'weighted_R_P': 1.2308112250434027, 'cost_balance': np.float64(3.8493478385708193), 'R_T_ratio': 7.583192029804915e-06, 'R_P_ratio': 5.473963359799624e-05}
Training Iteration 186
Collecting Episode 0
Collecting Episode 10
Collecting Episode 20
Collecting Episode 30
Finish Collecting Episodes in 43.98 seconds
avg value loss 1195.7135802374946
Iteration 187/400 - Average Reward: -0.04663072829458138
{'AREA': np.float64(176892.37848051626), 'weighted_R_M': 1.8593877932253235, 'weighted_R_T': 0.3990814536809921, 'weighted_R_P': 1.4639502631293402, 'cost_balance': np.float64(3.7690502411427107), 'R_T_ratio': 8.554107622963133e-06, 'R_P_ratio': 6.507277911977731e-05}
Training Iteration 187
Collecting Episode 0
Collecting Episode 10
Collecting Episode 20
Collecting Episode 30
Finish Collecting Episodes in 43.89 seconds
avg value loss 314.4693506028917
Iteration 188/400 - Average Reward: 0.20252774761077794
{'AREA': np.float64(176790.985928473), 'weighted_R_M': 1.7478098390856758, 'weighted_R_T': 0.7139007647832235, 'weighted_R_P': 1.536346435546875, 'cost_balance': np.float64(3.7955292868535317), 'R_T_ratio': 1.5299135967193776e-05, 'R_P_ratio': 6.835259359148453e-05}
Training Iteration 188
Collecting Episode 0
Collecting Episode 10
Collecting Episode 20
Collecting Episode 30
Finish Collecting Episodes in 43.87 seconds
avg value loss 360.539545694987
Iteration 189/400 - Average Reward: -0.09779554149200623
{'AREA': np.float64(174479.33052299783), 'weighted_R_M': 1.7349207889775344, 'weighted_R_T': 0.6138996895816591, 'weighted_R_P': 1.3807042439778645, 'cost_balance': np.float64(3.8273202531915818), 'R_T_ratio': 1.3154119485442934e-05, 'R_P_ratio': 6.145075578783348e-05}
Training Iteration 189
Collecting Episode 0
Collecting Episode 10
Collecting Episode 20
Collecting Episode 30
Finish Collecting Episodes in 43.86 seconds
avg value loss 264.417691760593
Iteration 190/400 - Average Reward: 0.0282638967425252
{'AREA': np.float64(173410.883355523), 'weighted_R_M': 1.7669884761421093, 'weighted_R_T': 0.6356914076540205, 'weighted_R_P': 1.477964613172743, 'cost_balance': np.float64(3.852380606930316), 'R_T_ratio': 1.3617204030961597e-05, 'R_P_ratio': 6.576574332785456e-05}
Training Iteration 190
Collecting Episode 0
Collecting Episode 10
Collecting Episode 20
Collecting Episode 30
Finish Collecting Episodes in 43.98 seconds
avg value loss 742.0766101413303
Iteration 191/400 - Average Reward: -0.1247089996921002
{'AREA': np.float64(177269.6983062825), 'weighted_R_M': 1.7632067979090305, 'weighted_R_T': 0.5147924853695763, 'weighted_R_P': 1.3903893364800348, 'cost_balance': np.float64(3.7930976257796547), 'R_T_ratio': 1.1030505206948642e-05, 'R_P_ratio': 6.183941209035438e-05}
Training Iteration 191
Collecting Episode 0
Collecting Episode 10
Collecting Episode 20
Collecting Episode 30
Finish Collecting Episodes in 43.86 seconds
avg value loss 351.27546734280054
Iteration 192/400 - Average Reward: -0.33218962873797864
{'AREA': np.float64(180533.14564648608), 'weighted_R_M': 1.7734310890369267, 'weighted_R_T': 0.39727198746469283, 'weighted_R_P': 1.2599283854166667, 'cost_balance': np.float64(3.7628210840623018), 'R_T_ratio': 8.50405049394413e-06, 'R_P_ratio': 5.6051526880337064e-05}
Training Iteration 192
Collecting Episode 0
Collecting Episode 10
Collecting Episode 20
Collecting Episode 30
Finish Collecting Episodes in 43.86 seconds
avg value loss 366.5536257425944
Iteration 193/400 - Average Reward: -0.15020346578158852
{'AREA': np.float64(174853.3599824512), 'weighted_R_M': 1.7957150387074863, 'weighted_R_T': 0.45674067073398167, 'weighted_R_P': 1.4425591362847223, 'cost_balance': np.float64(3.8452183070891817), 'R_T_ratio': 9.783108753605748e-06, 'R_P_ratio': 6.416782287039914e-05}
Training Iteration 193
Collecting Episode 0
Collecting Episode 10
Collecting Episode 20
Collecting Episode 30
Finish Collecting Episodes in 43.84 seconds
avg value loss 358.40021175808374
Iteration 194/400 - Average Reward: 0.9493688238952827
{'AREA': np.float64(177190.18591735608), 'weighted_R_M': 1.9267111389987501, 'weighted_R_T': 0.822471034195688, 'weighted_R_P': 1.879791259765625, 'cost_balance': np.float64(3.6796045958277457), 'R_T_ratio': 1.7639357297982716e-05, 'R_P_ratio': 8.358113875786246e-05}
Training Iteration 194
Collecting Episode 0
Collecting Episode 10
Collecting Episode 20
Collecting Episode 30
Finish Collecting Episodes in 43.86 seconds
avg value loss 305.03615230984155
Iteration 195/400 - Average Reward: -0.034550581259989284
{'AREA': np.float64(174379.01125922607), 'weighted_R_M': 1.7631570050220438, 'weighted_R_T': 0.4909493890073564, 'weighted_R_P': 1.4602711995442708, 'cost_balance': np.float64(3.7489281810265203), 'R_T_ratio': 1.0527095435296384e-05, 'R_P_ratio': 6.493174448418682e-05}
Training Iteration 195
Collecting Episode 0
Collecting Episode 10
Collecting Episode 20
Collecting Episode 30
Finish Collecting Episodes in 43.87 seconds
avg value loss 1595.1032892862956
Iteration 196/400 - Average Reward: -0.10755899649423857
{'AREA': np.float64(174335.60856962568), 'weighted_R_M': 1.846212760798355, 'weighted_R_T': 0.5712666379080878, 'weighted_R_P': 1.3450342814127605, 'cost_balance': np.float64(3.870072664977091), 'R_T_ratio': 1.2238182964974254e-05, 'R_P_ratio': 5.985501346449867e-05}
Training Iteration 196
Collecting Episode 0
Collecting Episode 10
Collecting Episode 20
Collecting Episode 30
Finish Collecting Episodes in 43.86 seconds
avg value loss 343.1552675035265
Iteration 197/400 - Average Reward: 0.14925903805932547
{'AREA': np.float64(173659.13158901938), 'weighted_R_M': 1.7397034342393454, 'weighted_R_T': 0.665239574180709, 'weighted_R_P': 1.5531582302517362, 'cost_balance': np.float64(3.8088421905670486), 'R_T_ratio': 1.4256877937185441e-05, 'R_P_ratio': 6.909878250997549e-05}
Training Iteration 197
Collecting Episode 0
Collecting Episode 10
Collecting Episode 20
Collecting Episode 30
Finish Collecting Episodes in 44.57 seconds
avg value loss 788.0846436818441
Iteration 198/400 - Average Reward: 0.4212163763327731
{'AREA': np.float64(168652.47476249916), 'weighted_R_M': 1.8588477897715672, 'weighted_R_T': 0.8947623686658012, 'weighted_R_P': 1.5609342787000868, 'cost_balance': np.float64(3.8933280511236927), 'R_T_ratio': 1.918798962251432e-05, 'R_P_ratio': 6.942514217113239e-05}
Training Iteration 198
Collecting Episode 0
Collecting Episode 10
Collecting Episode 20
Collecting Episode 30
Finish Collecting Episodes in 44.44 seconds
avg value loss 1220.840486738417
Iteration 199/400 - Average Reward: 0.11859433666621852
{'AREA': np.float64(173805.47452805564), 'weighted_R_M': 1.7845835865757382, 'weighted_R_T': 0.7127157068914838, 'weighted_R_P': 1.4964786105685763, 'cost_balance': np.float64(3.8751835854373096), 'R_T_ratio': 1.5277962774827723e-05, 'R_P_ratio': 6.656639521246399e-05}
Training Iteration 199
Collecting Episode 0
Collecting Episode 10
Collecting Episode 20
Collecting Episode 30
Finish Collecting Episodes in 43.83 seconds
avg value loss 447.7524820963542
Iteration 200/400 - Average Reward: -0.17884189499697337
{'AREA': np.float64(175417.8224130222), 'weighted_R_M': 1.8060579284004536, 'weighted_R_T': 0.45459944672054714, 'weighted_R_P': 1.3324042426215277, 'cost_balance': np.float64(3.771903507891709), 'R_T_ratio': 9.736963799920432e-06, 'R_P_ratio': 5.926743516586187e-05}
Checkpoint saved to checkpoints/ckpt_normal_gnn_l1_bal_single_200_-0.18.pt
Training Iteration 200
Collecting Episode 0
Collecting Episode 10
Collecting Episode 20
Collecting Episode 30
Finish Collecting Episodes in 43.72 seconds
avg value loss 625.8748664855957
Iteration 201/400 - Average Reward: -0.35148439963490496
{'AREA': np.float64(174983.5753966029), 'weighted_R_M': 1.701823354447697, 'weighted_R_T': 0.3870570444398456, 'weighted_R_P': 1.4452489217122395, 'cost_balance': np.float64(3.8856137230984533), 'R_T_ratio': 8.284273399143208e-06, 'R_P_ratio': 6.427453017050623e-05}
Training Iteration 201
Collecting Episode 0
Collecting Episode 10
Collecting Episode 20
Collecting Episode 30
Finish Collecting Episodes in 43.72 seconds
avg value loss 475.49600558810766
Iteration 202/400 - Average Reward: -0.20338021897219327
{'AREA': np.float64(170450.9656033357), 'weighted_R_M': 1.687345115954991, 'weighted_R_T': 0.6268425914976332, 'weighted_R_P': 1.3947219848632812, 'cost_balance': np.float64(3.912289906024189), 'R_T_ratio': 1.342919709914255e-05, 'R_P_ratio': 6.205418296416509e-05}
Training Iteration 202
Collecting Episode 0
Collecting Episode 10
Collecting Episode 20
Collecting Episode 30
Finish Collecting Episodes in 43.78 seconds
avg value loss 3830.9494149949815
Iteration 203/400 - Average Reward: -0.0946718691330817
{'AREA': np.float64(174015.16006795887), 'weighted_R_M': 1.77970018642615, 'weighted_R_T': 0.5367841223875681, 'weighted_R_P': 1.4566107855902777, 'cost_balance': np.float64(3.867766963136615), 'R_T_ratio': 1.1498113723112935e-05, 'R_P_ratio': 6.47968057331157e-05}
Training Iteration 203
Collecting Episode 0
Collecting Episode 10
Collecting Episode 20
Collecting Episode 30
Finish Collecting Episodes in 43.69 seconds
avg value loss 13751.981974283854
Iteration 204/400 - Average Reward: -0.6753134591466127
{'AREA': np.float64(171196.5960662342), 'weighted_R_M': 1.6785564267201052, 'weighted_R_T': 0.19507213433583578, 'weighted_R_P': 1.3219985961914062, 'cost_balance': np.float64(3.870940636542277), 'R_T_ratio': 4.171941149199042e-06, 'R_P_ratio': 5.882797633468181e-05}
Training Iteration 204
Collecting Episode 0
Collecting Episode 10
Collecting Episode 20
Collecting Episode 30
Finish Collecting Episodes in 43.70 seconds
avg value loss 1157.401756286621
Iteration 205/400 - Average Reward: 0.2920065438116176
{'AREA': np.float64(176274.04288380477), 'weighted_R_M': 1.9055995317661047, 'weighted_R_T': 0.7258802702029546, 'weighted_R_P': 1.5207307603624132, 'cost_balance': np.float64(3.8602040017769292), 'R_T_ratio': 1.556959936489028e-05, 'R_P_ratio': 6.763020714246121e-05}
Training Iteration 205
Collecting Episode 0
Collecting Episode 10
Collecting Episode 20
Collecting Episode 30
Finish Collecting Episodes in 43.67 seconds
avg value loss 822.887808057997
Iteration 206/400 - Average Reward: -0.1791854863274946
{'AREA': np.float64(176508.12707645068), 'weighted_R_M': 1.6989742423817613, 'weighted_R_T': 0.4687752260102166, 'weighted_R_P': 1.528309292263455, 'cost_balance': np.float64(3.8752442368159183), 'R_T_ratio': 1.0038679337946258e-05, 'R_P_ratio': 6.798564942791148e-05}
Training Iteration 206
Collecting Episode 0
Collecting Episode 10
Collecting Episode 20
Collecting Episode 30
Finish Collecting Episodes in 43.61 seconds
avg value loss 648.6104287041558
Iteration 207/400 - Average Reward: 0.44734903731215225
{'AREA': np.float64(173224.74506136056), 'weighted_R_M': 1.7823530893805986, 'weighted_R_T': 0.8649693561924828, 'weighted_R_P': 1.6415778266059027, 'cost_balance': np.float64(3.8415512539486065), 'R_T_ratio': 1.8539354629578304e-05, 'R_P_ratio': 7.303308767474414e-05}
Training Iteration 207
Collecting Episode 0
Collecting Episode 10
Collecting Episode 20
Collecting Episode 30
Finish Collecting Episodes in 43.61 seconds
avg value loss 588.9455278184679
Iteration 208/400 - Average Reward: -0.6173988451676754
{'AREA': np.float64(188916.97101762923), 'weighted_R_M': 1.7428560346266346, 'weighted_R_T': 0.22641673021846348, 'weighted_R_P': 1.0019760131835938, 'cost_balance': np.float64(3.5886476497052), 'R_T_ratio': 4.840257515021435e-06, 'R_P_ratio': 4.4543820892133874e-05}
Training Iteration 208
Collecting Episode 0
Collecting Episode 10
Collecting Episode 20
Collecting Episode 30
Finish Collecting Episodes in 43.55 seconds
avg value loss 533.9256570604113
Iteration 209/400 - Average Reward: 2.9209825872288397
{'AREA': np.float64(177974.59053826245), 'weighted_R_M': 6.904996942673784, 'weighted_R_T': 0.8650736610094706, 'weighted_R_P': -1.0262620713975694, 'cost_balance': np.float64(3.822825953493691), 'R_T_ratio': 1.8541990599147467e-05, 'R_P_ratio': -4.61155905044487e-05}
Training Iteration 209
Collecting Episode 0
Collecting Episode 10
Collecting Episode 20
Collecting Episode 30
Finish Collecting Episodes in 43.55 seconds
avg value loss 460.8968794080946
Iteration 210/400 - Average Reward: 2.8904079633535327
{'AREA': np.float64(173587.49954061935), 'weighted_R_M': 6.739505173150166, 'weighted_R_T': 1.024263812435998, 'weighted_R_P': -0.9346415201822916, 'cost_balance': np.float64(3.9387194753335524), 'R_T_ratio': 2.1964715898683787e-05, 'R_P_ratio': -4.20215277202164e-05}
Training Iteration 210
Collecting Episode 0
Collecting Episode 10
Collecting Episode 20
Collecting Episode 30
Finish Collecting Episodes in 43.55 seconds
avg value loss 500.71602121988934
Iteration 211/400 - Average Reward: 2.1167546458180166
{'AREA': np.float64(171546.89533733283), 'weighted_R_M': 6.5958094400961675, 'weighted_R_T': 0.5885354412926568, 'weighted_R_P': -1.147157457139757, 'cost_balance': np.float64(3.9204327362858584), 'R_T_ratio': 1.2602782813552081e-05, 'R_P_ratio': -5.151405530051667e-05}
Training Iteration 211
Collecting Episode 0
Collecting Episode 10
Collecting Episode 20
Collecting Episode 30
Finish Collecting Episodes in 43.65 seconds
avg value loss 539.4088304307726
Iteration 212/400 - Average Reward: 2.313496625982225
{'AREA': np.float64(172326.04909986773), 'weighted_R_M': 6.824419100679936, 'weighted_R_T': 0.5906940350929896, 'weighted_R_P': -1.211088392469618, 'cost_balance': np.float64(3.890528120491246), 'R_T_ratio': 1.2650292681742892e-05, 'R_P_ratio': -5.439173634532354e-05}
Training Iteration 212
Collecting Episode 0
Collecting Episode 10
Collecting Episode 20
Collecting Episode 30
Finish Collecting Episodes in 43.55 seconds
avg value loss 529.793467203776
Iteration 213/400 - Average Reward: 2.89801236372053
{'AREA': np.float64(173623.04741959332), 'weighted_R_M': 6.739088013168738, 'weighted_R_T': 1.0931868470377393, 'weighted_R_P': -1.0186708238389757, 'cost_balance': np.float64(3.9155916403407383), 'R_T_ratio': 2.3442746784958006e-05, 'R_P_ratio': -4.575206575744037e-05}
Training Iteration 213
Collecting Episode 0
Collecting Episode 10
Collecting Episode 20
Collecting Episode 30
Finish Collecting Episodes in 43.56 seconds
avg value loss 692.3240534464518
Iteration 214/400 - Average Reward: 2.474555606358788
{'AREA': np.float64(180063.38362506666), 'weighted_R_M': 7.145255727625933, 'weighted_R_T': 0.5331188456879722, 'weighted_R_P': -1.4551484849717882, 'cost_balance': np.float64(3.748670486846922), 'R_T_ratio': 1.1402856326959822e-05, 'R_P_ratio': -6.535450921577344e-05}
Training Iteration 214
Collecting Episode 0
Collecting Episode 10
Collecting Episode 20
Collecting Episode 30
Finish Collecting Episodes in 43.58 seconds
avg value loss 572.4333212110731
Iteration 215/400 - Average Reward: 2.6541212888680294
{'AREA': np.float64(174136.52648685276), 'weighted_R_M': 6.796287831002297, 'weighted_R_T': 0.8172686795393626, 'weighted_R_P': -1.1315333048502605, 'cost_balance': np.float64(3.8279019069144584), 'R_T_ratio': 1.7507003249804685e-05, 'R_P_ratio': -5.0833921539890824e-05}
Training Iteration 215
Collecting Episode 0
Collecting Episode 10
Collecting Episode 20
Collecting Episode 30
Finish Collecting Episodes in 43.65 seconds
avg value loss 427.16085730658637
Iteration 216/400 - Average Reward: 2.5827978495508432
{'AREA': np.float64(175867.6870654684), 'weighted_R_M': 6.865256931416095, 'weighted_R_T': 0.876344738735093, 'weighted_R_P': -1.2872390747070312, 'cost_balance': np.float64(3.871564745454341), 'R_T_ratio': 1.8788962833443668e-05, 'R_P_ratio': -5.78296229530379e-05}
Training Iteration 216
Collecting Episode 0
Collecting Episode 10
Collecting Episode 20
Collecting Episode 30
Finish Collecting Episodes in 43.57 seconds
avg value loss 439.09171803792316
Iteration 217/400 - Average Reward: 1.961261983585751
{'AREA': np.float64(173628.48845157228), 'weighted_R_M': 6.663210106876148, 'weighted_R_T': 0.5706784609291289, 'weighted_R_P': -1.3514895968967013, 'cost_balance': np.float64(3.9211369845495625), 'R_T_ratio': 1.2226773941945465e-05, 'R_P_ratio': -6.071581973805035e-05}
Training Iteration 217
Collecting Episode 0
Collecting Episode 10
Collecting Episode 20
Collecting Episode 30
Finish Collecting Episodes in 43.57 seconds
avg value loss 361.8548177083333
Iteration 218/400 - Average Reward: 2.5344550491103695
{'AREA': np.float64(175543.04384243267), 'weighted_R_M': 6.800666388601207, 'weighted_R_T': 0.8655705700318018, 'weighted_R_P': -1.3148795233832464, 'cost_balance': np.float64(3.8169023832719415), 'R_T_ratio': 1.8556662393901895e-05, 'R_P_ratio': -5.9055561135063555e-05}
Training Iteration 218
Collecting Episode 0
Collecting Episode 10
Collecting Episode 20
Collecting Episode 30
Finish Collecting Episodes in 43.56 seconds
avg value loss 521.8436652289497
Iteration 219/400 - Average Reward: 2.5193853622509375
{'AREA': np.float64(174239.81226197924), 'weighted_R_M': 6.845822197842305, 'weighted_R_T': 0.8384070048729578, 'weighted_R_P': -1.3502477010091145, 'cost_balance': np.float64(3.8145961217803808), 'R_T_ratio': 1.7967412634199863e-05, 'R_P_ratio': -6.063283145519972e-05}
Training Iteration 219
Collecting Episode 0
Collecting Episode 10
Collecting Episode 20
Collecting Episode 30
Finish Collecting Episodes in 43.57 seconds
avg value loss 442.9345982869466
Iteration 220/400 - Average Reward: 2.6941464878748067
{'AREA': np.float64(173022.55471066816), 'weighted_R_M': 6.981212154899064, 'weighted_R_T': 0.782341382569737, 'weighted_R_P': -1.2627987331814237, 'cost_balance': np.float64(3.8066083179683474), 'R_T_ratio': 1.67728825123423e-05, 'R_P_ratio': -5.6744147331079985e-05}
Checkpoint saved to checkpoints/ckpt_normal_gnn_l1_bal_single_220_2.69.pt
Training Iteration 220
Collecting Episode 0
Collecting Episode 10
Collecting Episode 20
Collecting Episode 30
Finish Collecting Episodes in 43.61 seconds
avg value loss 338.31936179267035
Iteration 221/400 - Average Reward: 2.3276204694605744
{'AREA': np.float64(168775.25032876563), 'weighted_R_M': 6.662859309028136, 'weighted_R_T': 0.9299460765388277, 'weighted_R_P': -1.2271169026692708, 'cost_balance': np.float64(4.038068017435325), 'R_T_ratio': 1.9938819967655712e-05, 'R_P_ratio': -5.5092672474483915e-05}
Training Iteration 221
Collecting Episode 0
Collecting Episode 10
Collecting Episode 20
Collecting Episode 30
Finish Collecting Episodes in 43.60 seconds
avg value loss 356.9085947672526
Iteration 222/400 - Average Reward: 2.650696537328056
{'AREA': np.float64(174747.32453566548), 'weighted_R_M': 6.899379043090448, 'weighted_R_T': 0.8968615680932999, 'weighted_R_P': -1.2715174357096355, 'cost_balance': np.float64(3.8740266411251687), 'R_T_ratio': 1.921733681131071e-05, 'R_P_ratio': -5.710344035588418e-05}
Training Iteration 222
Collecting Episode 0
Collecting Episode 10
Collecting Episode 20
Collecting Episode 30
Finish Collecting Episodes in 43.57 seconds
avg value loss 468.80461502075195
Iteration 223/400 - Average Reward: 1.9915150185891737
{'AREA': np.float64(173865.96126598463), 'weighted_R_M': 6.778660992164886, 'weighted_R_T': 0.4564306255843904, 'weighted_R_P': -1.3829227023654513, 'cost_balance': np.float64(3.8606538958606955), 'R_T_ratio': 9.768950374192428e-06, 'R_P_ratio': -6.209710801382797e-05}
Training Iteration 223
Collecting Episode 0
Collecting Episode 10
Collecting Episode 20
Collecting Episode 30
Finish Collecting Episodes in 43.58 seconds
avg value loss 643.792366027832
Iteration 224/400 - Average Reward: 2.8455134774299546
{'AREA': np.float64(173998.5457418809), 'weighted_R_M': 6.884849800436415, 'weighted_R_T': 0.9658411194880804, 'weighted_R_P': -1.1268853081597223, 'cost_balance': np.float64(3.8782921337518266), 'R_T_ratio': 2.071222315273692e-05, 'R_P_ratio': -5.0615235357909854e-05}
Training Iteration 224
Collecting Episode 0
Collecting Episode 10
Collecting Episode 20
Collecting Episode 30
Finish Collecting Episodes in 43.65 seconds
avg value loss 471.3858405219184
Iteration 225/400 - Average Reward: 2.19452179945074
{'AREA': np.float64(179233.72074536336), 'weighted_R_M': 6.965245813364163, 'weighted_R_T': 0.5128410541348987, 'weighted_R_P': -1.5119298299153645, 'cost_balance': np.float64(3.7716352205073402), 'R_T_ratio': 1.0972617676889099e-05, 'R_P_ratio': -6.78868948128766e-05}
Training Iteration 225
Collecting Episode 0
Collecting Episode 10
Collecting Episode 20
Collecting Episode 30
Finish Collecting Episodes in 43.57 seconds
avg value loss 452.8753717210558
Iteration 226/400 - Average Reward: 3.456103734490979
{'AREA': np.float64(176245.50505690856), 'weighted_R_M': 7.021758424900327, 'weighted_R_T': 1.2634104722075992, 'weighted_R_P': -0.9522340562608507, 'cost_balance': np.float64(3.876831124830306), 'R_T_ratio': 2.7088322576637428e-05, 'R_P_ratio': -4.2805958893086e-05}
Training Iteration 226
Collecting Episode 0
Collecting Episode 10
Collecting Episode 20
Collecting Episode 30
Finish Collecting Episodes in 44.28 seconds
avg value loss 350.00412623087567
Iteration 227/400 - Average Reward: 3.047402885871836
{'AREA': np.float64(172683.2345096703), 'weighted_R_M': 6.928548715761281, 'weighted_R_T': 0.9941520657804277, 'weighted_R_P': -0.9846505059136285, 'cost_balance': np.float64(3.8906474036126), 'R_T_ratio': 2.131018031623386e-05, 'R_P_ratio': -4.423467772639763e-05}
Training Iteration 227
Collecting Episode 0
Collecting Episode 10
Collecting Episode 20
Collecting Episode 30
Finish Collecting Episodes in 44.11 seconds
avg value loss 284.0142885843913
Iteration 228/400 - Average Reward: 2.678014337680199
{'AREA': np.float64(175816.6060062546), 'weighted_R_M': 6.9578920421133965, 'weighted_R_T': 0.7946787145402696, 'weighted_R_P': -1.2799453735351562, 'cost_balance': np.float64(3.7946110364027166), 'R_T_ratio': 1.70323815821395e-05, 'R_P_ratio': -5.749993851258653e-05}
Training Iteration 228
Collecting Episode 0
Collecting Episode 10
Collecting Episode 20
Collecting Episode 30
Finish Collecting Episodes in 43.68 seconds
avg value loss 279.1656074523926
Iteration 229/400 - Average Reward: 2.78800916332855
{'AREA': np.float64(183507.65623557864), 'weighted_R_M': 7.161868147000657, 'weighted_R_T': 0.7451613479190402, 'weighted_R_P': -1.479707505967882, 'cost_balance': np.float64(3.639312814931892), 'R_T_ratio': 1.596983561296302e-05, 'R_P_ratio': -6.648255143333769e-05}
Training Iteration 229
Collecting Episode 0
Collecting Episode 10
Collecting Episode 20
Collecting Episode 30
Finish Collecting Episodes in 43.57 seconds
avg value loss 308.2381345960829
Iteration 230/400 - Average Reward: 2.3140635633349627
{'AREA': np.float64(178439.93406010958), 'weighted_R_M': 6.988214031821473, 'weighted_R_T': 0.6253112885687087, 'weighted_R_P': -1.510331047905816, 'cost_balance': np.float64(3.7891306819966095), 'R_T_ratio': 1.3385540341146843e-05, 'R_P_ratio': -6.783650044337823e-05}
Training Iteration 230
Collecting Episode 0
Collecting Episode 10
Collecting Episode 20
Collecting Episode 30
Finish Collecting Episodes in 43.58 seconds
avg value loss 256.35666910807294
Iteration 231/400 - Average Reward: 3.2166882989436596
{'AREA': np.float64(172082.36751132656), 'weighted_R_M': 6.812802943595064, 'weighted_R_T': 1.306889585322804, 'weighted_R_P': -0.9896333482530382, 'cost_balance': np.float64(3.9133708977040707), 'R_T_ratio': 2.8025786858744252e-05, 'R_P_ratio': -4.443009145371768e-05}
Training Iteration 231
Collecting Episode 0
Collecting Episode 10
Collecting Episode 20
Collecting Episode 30
Finish Collecting Episodes in 43.56 seconds
avg value loss 292.90084499782984
Iteration 232/400 - Average Reward: 2.896316728913613
{'AREA': np.float64(177890.5399771397), 'weighted_R_M': 7.01251694707187, 'weighted_R_T': 0.8050472256210115, 'weighted_R_P': -1.0640920003255208, 'cost_balance': np.float64(3.8571554344361356), 'R_T_ratio': 1.725570446980962e-05, 'R_P_ratio': -4.780607340020159e-05}
Training Iteration 232
Collecting Episode 0
Collecting Episode 10
Collecting Episode 20
Collecting Episode 30
Finish Collecting Episodes in 43.57 seconds
avg value loss 271.4871317545573
Iteration 233/400 - Average Reward: 2.9259366838571927
{'AREA': np.float64(174734.53569838675), 'weighted_R_M': 7.060913188861984, 'weighted_R_T': 0.8607376366853714, 'weighted_R_P': -1.24049801296658, 'cost_balance': np.float64(3.7552161257523218), 'R_T_ratio': 1.8452674743627303e-05, 'R_P_ratio': -5.575633300390163e-05}
Training Iteration 233
Collecting Episode 0
Collecting Episode 10
Collecting Episode 20
Collecting Episode 30
Finish Collecting Episodes in 43.56 seconds
avg value loss 299.47433259752063
Iteration 234/400 - Average Reward: 2.947849381078009
{'AREA': np.float64(170316.72660333163), 'weighted_R_M': 6.941207339301602, 'weighted_R_T': 0.8795971274375916, 'weighted_R_P': -0.9745135837131076, 'cost_balance': np.float64(3.898441506170629), 'R_T_ratio': 1.884922861758145e-05, 'R_P_ratio': -4.3799024999494986e-05}
Training Iteration 234
Collecting Episode 0
Collecting Episode 10
Collecting Episode 20
Collecting Episode 30
Finish Collecting Episodes in 43.57 seconds
avg value loss 285.78280470106336
Iteration 235/400 - Average Reward: 2.0014409363373287
{'AREA': np.float64(178814.08257202324), 'weighted_R_M': 6.944730727883224, 'weighted_R_T': 0.44479884372817147, 'weighted_R_P': -1.5564168294270833, 'cost_balance': np.float64(3.8316718054768364), 'R_T_ratio': 9.51847990083052e-06, 'R_P_ratio': -6.989631409377399e-05}
Training Iteration 235
Collecting Episode 0
Collecting Episode 10
Collecting Episode 20
Collecting Episode 30
Finish Collecting Episodes in 43.56 seconds
avg value loss 269.1306550767687
Iteration 236/400 - Average Reward: 1.768492214769746
{'AREA': np.float64(177437.1775212955), 'weighted_R_M': 6.9693594020967184, 'weighted_R_T': 0.40332909756236607, 'weighted_R_P': -1.734053717719184, 'cost_balance': np.float64(3.870142558879494), 'R_T_ratio': 8.630692251037569e-06, 'R_P_ratio': -7.788244565180075e-05}
Training Iteration 236
Collecting Episode 0
Collecting Episode 10
Collecting Episode 20
Collecting Episode 30
Finish Collecting Episodes in 43.66 seconds
avg value loss 343.7993520100911
Iteration 237/400 - Average Reward: 3.2948160311077825
{'AREA': np.float64(176551.65454135404), 'weighted_R_M': 6.9282767271005365, 'weighted_R_T': 1.2680290076467726, 'weighted_R_P': -1.074674818250868, 'cost_balance': np.float64(3.8268148937890363), 'R_T_ratio': 2.7196870682221703e-05, 'R_P_ratio': -4.826875494200652e-05}
Training Iteration 237
Collecting Episode 0
Collecting Episode 10
Collecting Episode 20
Collecting Episode 30
Finish Collecting Episodes in 43.58 seconds
avg value loss 269.0303675333659
Iteration 238/400 - Average Reward: 2.915905264322646
{'AREA': np.float64(182098.4391047214), 'weighted_R_M': 7.219787592802378, 'weighted_R_T': 0.7462710506386228, 'weighted_R_P': -1.3411187065972223, 'cost_balance': np.float64(3.709034660702324), 'R_T_ratio': 1.597802259782159e-05, 'R_P_ratio': -6.02231403559318e-05}
Training Iteration 238
Collecting Episode 0
Collecting Episode 10
Collecting Episode 20
Collecting Episode 30
Finish Collecting Episodes in 43.56 seconds
avg value loss 280.9519326951769
Iteration 239/400 - Average Reward: 2.0406933632524065
{'AREA': np.float64(176135.89552250918), 'weighted_R_M': 7.1482646599745046, 'weighted_R_T': 0.4328570001655155, 'weighted_R_P': -1.7728237575954862, 'cost_balance': np.float64(3.767604560546105), 'R_T_ratio': 9.252938661688218e-06, 'R_P_ratio': -7.961826705959092e-05}
Training Iteration 239
Collecting Episode 0
Collecting Episode 10
Collecting Episode 20
Collecting Episode 30
Finish Collecting Episodes in 43.56 seconds
avg value loss 357.7323576609294
Iteration 240/400 - Average Reward: 2.134827181489931
{'AREA': np.float64(179995.8635252632), 'weighted_R_M': 7.124333363913643, 'weighted_R_T': 0.4127081400818295, 'weighted_R_P': -1.691253662109375, 'cost_balance': np.float64(3.7109606686185685), 'R_T_ratio': 8.828103551504639e-06, 'R_P_ratio': -7.597984408337181e-05}
Checkpoint saved to checkpoints/ckpt_normal_gnn_l1_bal_single_240_2.13.pt
Training Iteration 240
Collecting Episode 0
Collecting Episode 10
Collecting Episode 20
Collecting Episode 30
Finish Collecting Episodes in 43.65 seconds
avg value loss 347.6557689242893
Iteration 241/400 - Average Reward: 2.7151842111100755
{'AREA': np.float64(167028.1765561089), 'weighted_R_M': 6.774442003640514, 'weighted_R_T': 1.0973215070035722, 'weighted_R_P': -1.1180674235026042, 'cost_balance': np.float64(4.038511872140997), 'R_T_ratio': 2.352624193431728e-05, 'R_P_ratio': -5.019219120541707e-05}
Training Iteration 241
Collecting Episode 0
Collecting Episode 10
Collecting Episode 20
Collecting Episode 30
Finish Collecting Episodes in 43.58 seconds
avg value loss 266.25747934977215
Iteration 242/400 - Average Reward: 2.6831862123346784
{'AREA': np.float64(173159.83087632264), 'weighted_R_M': 6.958798767684332, 'weighted_R_T': 0.8689388632774353, 'weighted_R_P': -1.2542961968315973, 'cost_balance': np.float64(3.890255233602021), 'R_T_ratio': 1.863172142916684e-05, 'R_P_ratio': -5.630539236462568e-05}
Training Iteration 242
Collecting Episode 0
Collecting Episode 10
Collecting Episode 20
Collecting Episode 30
Finish Collecting Episodes in 43.56 seconds
avg value loss 348.6748682657878
Iteration 243/400 - Average Reward: 3.166605089144367
{'AREA': np.float64(168608.4581870957), 'weighted_R_M': 6.912858209540395, 'weighted_R_T': 1.1760698126422033, 'weighted_R_P': -1.0009952121310763, 'cost_balance': np.float64(3.9213277442065912), 'R_T_ratio': 2.5211304680420074e-05, 'R_P_ratio': -4.495596243512935e-05}
Training Iteration 243
Collecting Episode 0
Collecting Episode 10
Collecting Episode 20
Collecting Episode 30
Finish Collecting Episodes in 43.57 seconds
avg value loss 339.544928656684
Iteration 244/400 - Average Reward: 3.015083733247593
{'AREA': np.float64(175036.40919088412), 'weighted_R_M': 7.192313277841701, 'weighted_R_T': 0.8674220508999295, 'weighted_R_P': -1.257128397623698, 'cost_balance': np.float64(3.78752317473245), 'R_T_ratio': 1.8576786895470167e-05, 'R_P_ratio': -5.645290107795612e-05}
Training Iteration 244
Collecting Episode 0
Collecting Episode 10
Collecting Episode 20
Collecting Episode 30
Finish Collecting Episodes in 43.56 seconds
avg value loss 283.3349655999078
Iteration 245/400 - Average Reward: 2.478328670323309
{'AREA': np.float64(176292.27149589758), 'weighted_R_M': 6.830677881907629, 'weighted_R_T': 0.8221537735727098, 'weighted_R_P': -1.3267483181423612, 'cost_balance': np.float64(3.8477546806264646), 'R_T_ratio': 1.7618722579406912e-05, 'R_P_ratio': -5.956441764607165e-05}
Training Iteration 245
Collecting Episode 0
Collecting Episode 10
Collecting Episode 20
Collecting Episode 30
Finish Collecting Episodes in 43.58 seconds
avg value loss 291.7823855082194
Iteration 246/400 - Average Reward: 2.04613388350117
{'AREA': np.float64(175713.95581697425), 'weighted_R_M': 6.929978584254665, 'weighted_R_T': 0.43611228300465477, 'weighted_R_P': -1.4776950412326388, 'cost_balance': np.float64(3.842261906359595), 'R_T_ratio': 9.330172945625708e-06, 'R_P_ratio': -6.637515368037213e-05}
Training Iteration 246
Collecting Episode 0
Collecting Episode 10
Collecting Episode 20
Collecting Episode 30
Finish Collecting Episodes in 43.56 seconds
avg value loss 442.8079694112142
Iteration 247/400 - Average Reward: 3.076941031490504
{'AREA': np.float64(177028.57194752796), 'weighted_R_M': 7.011461928802116, 'weighted_R_T': 1.1265118536021974, 'weighted_R_P': -1.194592793782552, 'cost_balance': np.float64(3.8664399622721777), 'R_T_ratio': 2.4155269632462433e-05, 'R_P_ratio': -5.365427896211133e-05}
Training Iteration 247
Collecting Episode 0
Collecting Episode 10
Collecting Episode 20
Collecting Episode 30
Finish Collecting Episodes in 43.57 seconds
avg value loss 530.7790120442709
Iteration 248/400 - Average Reward: 3.066768556315866
{'AREA': np.float64(177844.09870489142), 'weighted_R_M': 7.126817718782048, 'weighted_R_T': 0.9448404196235869, 'weighted_R_P': -1.212142096625434, 'cost_balance': np.float64(3.7927474791863887), 'R_T_ratio': 2.0257765782525732e-05, 'R_P_ratio': -5.445547444540535e-05}
Training Iteration 248
Collecting Episode 0
Collecting Episode 10
Collecting Episode 20
Collecting Episode 30
Finish Collecting Episodes in 43.52 seconds
avg value loss 326.4332224527995
Iteration 249/400 - Average Reward: 3.117733933891739
{'AREA': np.float64(177803.31296175256), 'weighted_R_M': 7.081414587322797, 'weighted_R_T': 1.0526732802391052, 'weighted_R_P': -1.1820526123046875, 'cost_balance': np.float64(3.8343013228258647), 'R_T_ratio': 2.2567335274842953e-05, 'R_P_ratio': -5.311719218036489e-05}
Training Iteration 249
Collecting Episode 0
Collecting Episode 10
Collecting Episode 20
Collecting Episode 30
Finish Collecting Episodes in 43.60 seconds
avg value loss 364.73337258232965
Iteration 250/400 - Average Reward: 2.669871006743051
{'AREA': np.float64(172115.2348084996), 'weighted_R_M': 7.0465298018001095, 'weighted_R_T': 0.8011081632640626, 'weighted_R_P': -1.365977817111545, 'cost_balance': np.float64(3.8117891406560096), 'R_T_ratio': 1.715217003036809e-05, 'R_P_ratio': -6.131496801123348e-05}
Training Iteration 250
Collecting Episode 0
Collecting Episode 10
Collecting Episode 20
Collecting Episode 30
Finish Collecting Episodes in 43.52 seconds
avg value loss 357.9298044840495
Iteration 251/400 - Average Reward: 3.6429722951919152
{'AREA': np.float64(171416.5730341299), 'weighted_R_M': 7.138143428098071, 'weighted_R_T': 1.1996159023708768, 'weighted_R_P': -0.8529578314887153, 'cost_balance': np.float64(3.8418291800374473), 'R_T_ratio': 2.5711082130705806e-05, 'R_P_ratio': -3.832323019810809e-05}
Training Iteration 251
Collecting Episode 0
Collecting Episode 10
Collecting Episode 20
Collecting Episode 30
Finish Collecting Episodes in 43.56 seconds
avg value loss 298.95261171129016
Iteration 252/400 - Average Reward: 2.6667347968064457
{'AREA': np.float64(170387.6650727141), 'weighted_R_M': 7.010191115865989, 'weighted_R_T': 0.8661602073245578, 'weighted_R_P': -1.3116412692599826, 'cost_balance': np.float64(3.8979752787536635), 'R_T_ratio': 1.856661988065062e-05, 'R_P_ratio': -5.890328788855154e-05}
Training Iteration 252
Collecting Episode 0
Collecting Episode 10
Collecting Episode 20
Collecting Episode 30
Finish Collecting Episodes in 43.57 seconds
avg value loss 353.06069310506183
Iteration 253/400 - Average Reward: 3.193158757627114
{'AREA': np.float64(173880.28804284576), 'weighted_R_M': 7.028575109016351, 'weighted_R_T': 1.1586416595511966, 'weighted_R_P': -1.108233133951823, 'cost_balance': np.float64(3.885824866909904), 'R_T_ratio': 2.4839102320952903e-05, 'R_P_ratio': -4.9793007005447284e-05}
Training Iteration 253
Collecting Episode 0
Collecting Episode 10
Collecting Episode 20
Collecting Episode 30
Finish Collecting Episodes in 43.65 seconds
avg value loss 392.4892832438151
Iteration 254/400 - Average Reward: 3.357348413542948
{'AREA': np.float64(175654.23423170776), 'weighted_R_M': 7.076436307940942, 'weighted_R_T': 1.1366500241888895, 'weighted_R_P': -1.0219514634874132, 'cost_balance': np.float64(3.8337864393739807), 'R_T_ratio': 2.4373003377378996e-05, 'R_P_ratio': -4.590751850076945e-05}
Training Iteration 254
Collecting Episode 0
Collecting Episode 10
Collecting Episode 20
Collecting Episode 30
Finish Collecting Episodes in 44.17 seconds
avg value loss 343.543150583903
Iteration 255/400 - Average Reward: 2.5843223422545836
{'AREA': np.float64(169857.09385719188), 'weighted_R_M': 6.919413424498796, 'weighted_R_T': 0.8304882711834378, 'weighted_R_P': -1.2255299886067708, 'cost_balance': np.float64(3.940049341646329), 'R_T_ratio': 1.7789606122574507e-05, 'R_P_ratio': -5.5043601496101375e-05}
Training Iteration 255
Collecting Episode 0
Collecting Episode 10
Collecting Episode 20
Collecting Episode 30
Finish Collecting Episodes in 44.04 seconds
avg value loss 499.1832338968913
Iteration 256/400 - Average Reward: 3.0768785014903792
{'AREA': np.float64(176405.0725240079), 'weighted_R_M': 7.21410658066452, 'weighted_R_T': 0.9071243239773644, 'weighted_R_P': -1.2160729302300348, 'cost_balance': np.float64(3.828279464159812), 'R_T_ratio': 1.9437668800467404e-05, 'R_P_ratio': -5.460694454327409e-05}
Training Iteration 256
Collecting Episode 0
Collecting Episode 10
Collecting Episode 20
Collecting Episode 30
Finish Collecting Episodes in 43.65 seconds
avg value loss 401.45867284138996
Iteration 257/400 - Average Reward: 2.855872542157562
{'AREA': np.float64(177776.43843994962), 'weighted_R_M': 7.073087767783566, 'weighted_R_T': 0.8293003257777956, 'weighted_R_P': -1.212797376844618, 'cost_balance': np.float64(3.8337181681568016), 'R_T_ratio': 1.7769629898436693e-05, 'R_P_ratio': -5.4452572145375415e-05}
Training Iteration 257
Collecting Episode 0
Collecting Episode 10
Collecting Episode 20
Collecting Episode 30
Finish Collecting Episodes in 43.52 seconds
avg value loss 426.57192357381183
Iteration 258/400 - Average Reward: 3.2027050798965826
{'AREA': np.float64(174028.49925427226), 'weighted_R_M': 7.06201773265962, 'weighted_R_T': 1.0420179102155898, 'weighted_R_P': -1.0385504828559027, 'cost_balance': np.float64(3.862780082414382), 'R_T_ratio': 2.2328202266774788e-05, 'R_P_ratio': -4.66404728219257e-05}
Training Iteration 258
Collecting Episode 0
Collecting Episode 10
Collecting Episode 20
Collecting Episode 30
Finish Collecting Episodes in 43.54 seconds
avg value loss 303.22957695855035
Iteration 259/400 - Average Reward: 2.69454437879742
{'AREA': np.float64(176384.50966640437), 'weighted_R_M': 7.086226382969471, 'weighted_R_T': 0.7920579661925634, 'weighted_R_P': -1.3983340793185763, 'cost_balance': np.float64(3.785405894698376), 'R_T_ratio': 1.697852863575328e-05, 'R_P_ratio': -6.282237688869251e-05}
Training Iteration 259
Collecting Episode 0
Collecting Episode 10
Collecting Episode 20
Collecting Episode 30
Finish Collecting Episodes in 43.53 seconds
avg value loss 346.4620187547472
Iteration 260/400 - Average Reward: 2.710442995083415
{'AREA': np.float64(179240.42274767053), 'weighted_R_M': 7.206184257178393, 'weighted_R_T': 0.6743810226519903, 'weighted_R_P': -1.4293162027994792, 'cost_balance': np.float64(3.7408060869982713), 'R_T_ratio': 1.4439039951121465e-05, 'R_P_ratio': -6.419985051900025e-05}
Checkpoint saved to checkpoints/ckpt_normal_gnn_l1_bal_single_260_2.71.pt
Training Iteration 260
Collecting Episode 0
Collecting Episode 10
Collecting Episode 20
Collecting Episode 30
Finish Collecting Episodes in 43.55 seconds
avg value loss 335.53247367011176
Iteration 261/400 - Average Reward: 2.4869302163521447
{'AREA': np.float64(176614.5913508084), 'weighted_R_M': 7.110673846269492, 'weighted_R_T': 0.754244832528962, 'weighted_R_P': -1.5578401353624132, 'cost_balance': np.float64(3.8201483317594347), 'R_T_ratio': 1.6151345643071007e-05, 'R_P_ratio': -6.993558969081406e-05}
Training Iteration 261
Collecting Episode 0
Collecting Episode 10
Collecting Episode 20
Collecting Episode 30
Finish Collecting Episodes in 43.57 seconds
avg value loss 346.31561957465277
Iteration 262/400 - Average Reward: 2.5450812252497093
{'AREA': np.float64(169768.35169097327), 'weighted_R_M': 6.886684273324338, 'weighted_R_T': 0.7934429628981484, 'weighted_R_P': -1.2281612820095487, 'cost_balance': np.float64(3.9068847326395186), 'R_T_ratio': 1.7007788577149006e-05, 'R_P_ratio': -5.516522488960285e-05}
Training Iteration 262
Collecting Episode 0
Collecting Episode 10
Collecting Episode 20
Collecting Episode 30
Finish Collecting Episodes in 43.61 seconds
avg value loss 333.553101433648
Iteration 263/400 - Average Reward: 2.853153850753895
{'AREA': np.float64(184125.16225161185), 'weighted_R_M': 7.41297497225201, 'weighted_R_T': 0.7149366074138217, 'weighted_R_P': -1.5779071384006076, 'cost_balance': np.float64(3.6968506096940765), 'R_T_ratio': 1.5316367894649715e-05, 'R_P_ratio': -7.089270302102552e-05}
Training Iteration 263
Collecting Episode 0
Collecting Episode 10
Collecting Episode 20
Collecting Episode 30
Finish Collecting Episodes in 43.52 seconds
avg value loss 261.40371916029187
Iteration 264/400 - Average Reward: 3.0123835726861015
{'AREA': np.float64(175219.27637719674), 'weighted_R_M': 7.281125194900799, 'weighted_R_T': 0.7916262696186701, 'weighted_R_P': -1.280377705891927, 'cost_balance': np.float64(3.7799901707212147), 'R_T_ratio': 1.6961319629101485e-05, 'R_P_ratio': -5.750823547861741e-05}
Training Iteration 264
Collecting Episode 0
Collecting Episode 10
Collecting Episode 20
Collecting Episode 30
Finish Collecting Episodes in 43.53 seconds
avg value loss 249.85945171780057
Iteration 265/400 - Average Reward: 2.805251120460323
{'AREA': np.float64(166614.22025884365), 'weighted_R_M': 6.896283254405716, 'weighted_R_T': 0.9915472732649909, 'weighted_R_P': -1.1045956081814237, 'cost_balance': np.float64(3.977983778348375), 'R_T_ratio': 2.1252163724675174e-05, 'R_P_ratio': -4.9604799566014636e-05}
Training Iteration 265
Collecting Episode 0
Collecting Episode 10
Collecting Episode 20
Collecting Episode 30
Finish Collecting Episodes in 43.52 seconds
avg value loss 306.82592985365125
Iteration 266/400 - Average Reward: 2.4065626928220607
{'AREA': np.float64(170221.00981671884), 'weighted_R_M': 6.880644747608636, 'weighted_R_T': 0.8662746681107415, 'weighted_R_P': -1.461454603407118, 'cost_balance': np.float64(3.878902133222122), 'R_T_ratio': 1.8570013362630606e-05, 'R_P_ratio': -6.561829294512063e-05}
Training Iteration 266
Collecting Episode 0
Collecting Episode 10
Collecting Episode 20
Collecting Episode 30
Finish Collecting Episodes in 43.61 seconds
avg value loss 342.5882148742676
Iteration 267/400 - Average Reward: 3.2177116879934653
{'AREA': np.float64(175694.61840868968), 'weighted_R_M': 7.283168489016437, 'weighted_R_T': 0.9758561419116126, 'weighted_R_P': -1.296769036187066, 'cost_balance': np.float64(3.7445439386660655), 'R_T_ratio': 2.0921374430061936e-05, 'R_P_ratio': -5.8253014266885903e-05}
Training Iteration 267
Collecting Episode 0
Collecting Episode 10
Collecting Episode 20
Collecting Episode 30
Finish Collecting Episodes in 43.51 seconds
avg value loss 315.3482454087999
Iteration 268/400 - Average Reward: 2.432434036474054
{'AREA': np.float64(172374.67981535065), 'weighted_R_M': 6.964141535263075, 'weighted_R_T': 0.7870033780733744, 'weighted_R_P': -1.4986258612738714, 'cost_balance': np.float64(3.820085016686159), 'R_T_ratio': 1.6855740602120558e-05, 'R_P_ratio': -6.726500145795257e-05}
Training Iteration 268
Collecting Episode 0
Collecting Episode 10
Collecting Episode 20
Collecting Episode 30
Finish Collecting Episodes in 43.54 seconds
avg value loss 294.18064414130316
Iteration 269/400 - Average Reward: 2.3581259085072412
{'AREA': np.float64(178573.829294835), 'weighted_R_M': 7.167012392411481, 'weighted_R_T': 0.5285568104849921, 'weighted_R_P': -1.5893520779079862, 'cost_balance': np.float64(3.7480912043209025), 'R_T_ratio': 1.1307856529711878e-05, 'R_P_ratio': -7.137163396172787e-05}
Training Iteration 269
Collecting Episode 0
Collecting Episode 10
Collecting Episode 20
Collecting Episode 30
Finish Collecting Episodes in 43.51 seconds
avg value loss 298.8516383700901
Iteration 270/400 - Average Reward: 2.317594138931276
{'AREA': np.float64(175962.95199163695), 'weighted_R_M': 7.354670816505354, 'weighted_R_T': 0.33310800625218284, 'weighted_R_P': -1.6289096408420138, 'cost_balance': np.float64(3.7412750528885663), 'R_T_ratio': 7.126420267264708e-06, 'R_P_ratio': -7.315935624916146e-05}
Training Iteration 270
Collecting Episode 0
Collecting Episode 10
Collecting Episode 20
Collecting Episode 30
Finish Collecting Episodes in 43.52 seconds
avg value loss 264.30932829115125
Iteration 271/400 - Average Reward: 2.9071158745791763
{'AREA': np.float64(165388.88900134436), 'weighted_R_M': 7.0118289768389435, 'weighted_R_T': 1.0189672725068197, 'weighted_R_P': -1.1469701131184895, 'cost_balance': np.float64(3.976710254334695), 'R_T_ratio': 2.1840197395465537e-05, 'R_P_ratio': -5.150323107989808e-05}
Training Iteration 271
Collecting Episode 0
Collecting Episode 10
Collecting Episode 20
Collecting Episode 30
Finish Collecting Episodes in 43.56 seconds
avg value loss 290.8184937371148
Iteration 272/400 - Average Reward: 2.2102436024255843
{'AREA': np.float64(183545.9035124663), 'weighted_R_M': 7.345805509659436, 'weighted_R_T': 0.3932967053519355, 'weighted_R_P': -1.8747049967447917, 'cost_balance': np.float64(3.654153615523719), 'R_T_ratio': 8.403503890027889e-06, 'R_P_ratio': -8.4211810241276e-05}
Training Iteration 272
Collecting Episode 0
Collecting Episode 10
Collecting Episode 20
Collecting Episode 30
Finish Collecting Episodes in 43.55 seconds
avg value loss 319.4182425604926
Iteration 273/400 - Average Reward: 3.0604789597241
{'AREA': np.float64(179963.53208230218), 'weighted_R_M': 7.231762075748217, 'weighted_R_T': 0.8816557609372668, 'weighted_R_P': -1.3453945583767362, 'cost_balance': np.float64(3.707544289959243), 'R_T_ratio': 1.8886880301614378e-05, 'R_P_ratio': -6.043562874450465e-05}
Training Iteration 273
Collecting Episode 0
Collecting Episode 10
Collecting Episode 20
Collecting Episode 30
Finish Collecting Episodes in 43.56 seconds
avg value loss 316.5817235310872
Iteration 274/400 - Average Reward: 2.64694595313631
{'AREA': np.float64(161937.7279606007), 'weighted_R_M': 6.850583807047871, 'weighted_R_T': 0.9892452441983752, 'weighted_R_P': -1.1384650336371527, 'cost_balance': np.float64(4.054418055480142), 'R_T_ratio': 2.1197877026168317e-05, 'R_P_ratio': -5.109124860726751e-05}
Training Iteration 274
Collecting Episode 0
Collecting Episode 10
Collecting Episode 20
Collecting Episode 30
Finish Collecting Episodes in 43.66 seconds
avg value loss 290.707829369439
Iteration 275/400 - Average Reward: 2.5812815215904266
{'AREA': np.float64(175034.01051328419), 'weighted_R_M': 7.468308501542197, 'weighted_R_T': 0.5272109475400713, 'weighted_R_P': -1.6496370103624132, 'cost_balance': np.float64(3.764600928393127), 'R_T_ratio': 1.1285246716054761e-05, 'R_P_ratio': -7.411580209389552e-05}
Training Iteration 275
Collecting Episode 0
Collecting Episode 10
Collecting Episode 20
Collecting Episode 30
Finish Collecting Episodes in 43.58 seconds
avg value loss 252.16229417588977
Iteration 276/400 - Average Reward: 3.137182936900192
{'AREA': np.float64(175092.94089763044), 'weighted_R_M': 7.382002575673444, 'weighted_R_T': 0.9334027402930789, 'weighted_R_P': -1.3355458577473958, 'cost_balance': np.float64(3.842676527225047), 'R_T_ratio': 2.001021835779721e-05, 'R_P_ratio': -5.999221896557044e-05}
Training Iteration 276
Collecting Episode 0
Collecting Episode 10
Collecting Episode 20
Collecting Episode 30
Finish Collecting Episodes in 43.58 seconds
avg value loss 252.29046461317273
Iteration 277/400 - Average Reward: 2.9919378000712538
{'AREA': np.float64(169082.94983947848), 'weighted_R_M': 7.013608697600931, 'weighted_R_T': 0.9462471107641856, 'weighted_R_P': -1.0397745768229167, 'cost_balance': np.float64(3.9281434347669966), 'R_T_ratio': 2.0274315957900955e-05, 'R_P_ratio': -4.666989087141903e-05}
Training Iteration 277
Collecting Episode 0
Collecting Episode 10
Collecting Episode 20
Collecting Episode 30
Finish Collecting Episodes in 43.58 seconds
avg value loss 282.97777981228296
Iteration 278/400 - Average Reward: 2.627137415848362
{'AREA': np.float64(178990.88849410295), 'weighted_R_M': 7.293980749307796, 'weighted_R_T': 0.6451211505466037, 'weighted_R_P': -1.5330157809787326, 'cost_balance': np.float64(3.7789486833491264), 'R_T_ratio': 1.380606024626986e-05, 'R_P_ratio': -6.883322908698665e-05}
Training Iteration 278
Collecting Episode 0
Collecting Episode 10
Collecting Episode 20
Collecting Episode 30
Finish Collecting Episodes in 43.63 seconds
avg value loss 326.66126378377277
Iteration 279/400 - Average Reward: 2.9181356348530647
{'AREA': np.float64(178766.57517512506), 'weighted_R_M': 7.440472538131871, 'weighted_R_T': 0.7005160103241602, 'weighted_R_P': -1.496021694607205, 'cost_balance': np.float64(3.726831233233221), 'R_T_ratio': 1.5012469271152234e-05, 'R_P_ratio': -6.720724347754491e-05}
Training Iteration 279
Collecting Episode 0
Collecting Episode 10
Collecting Episode 20
Collecting Episode 30
Finish Collecting Episodes in 43.57 seconds
avg value loss 330.38015958997937
Iteration 280/400 - Average Reward: 2.8433247219072655
{'AREA': np.float64(174588.1096026838), 'weighted_R_M': 7.353120637740681, 'weighted_R_T': 0.727831686536471, 'weighted_R_P': -1.4494298299153645, 'cost_balance': np.float64(3.7881977733343937), 'R_T_ratio': 1.5582237221577354e-05, 'R_P_ratio': -6.5098535629659e-05}
Checkpoint saved to checkpoints/ckpt_normal_gnn_l1_bal_single_280_2.84.pt
Training Iteration 280
Collecting Episode 0
Collecting Episode 10
Collecting Episode 20
Collecting Episode 30
Finish Collecting Episodes in 43.56 seconds
avg value loss 301.18294101291235
Iteration 281/400 - Average Reward: 2.466516023656974
{'AREA': np.float64(178181.5493537149), 'weighted_R_M': 7.245478415778456, 'weighted_R_T': 0.60635763572322, 'weighted_R_P': -1.5672183566623263, 'cost_balance': np.float64(3.8181016378695127), 'R_T_ratio': 1.2982034146809726e-05, 'R_P_ratio': -7.038331993538784e-05}
Training Iteration 281
Collecting Episode 0
Collecting Episode 10
Collecting Episode 20
Collecting Episode 30
Finish Collecting Episodes in 43.58 seconds
avg value loss 269.4974814520942
Iteration 282/400 - Average Reward: 2.7924921120672175
{'AREA': np.float64(176259.80463132623), 'weighted_R_M': 7.362074800303769, 'weighted_R_T': 0.7879899640878042, 'weighted_R_P': -1.5324181450737848, 'cost_balance': np.float64(3.8251544911936697), 'R_T_ratio': 1.6879535012081443e-05, 'R_P_ratio': -6.883702858202933e-05}
Training Iteration 282
Collecting Episode 0
Collecting Episode 10
Collecting Episode 20
Collecting Episode 30
Finish Collecting Episodes in 43.56 seconds
avg value loss 296.50434663560657
Iteration 283/400 - Average Reward: 2.882295621326193
{'AREA': np.float64(179966.3038175654), 'weighted_R_M': 7.597325478159797, 'weighted_R_T': 0.5761676894293891, 'weighted_R_P': -1.5136820475260417, 'cost_balance': np.float64(3.777515451968547), 'R_T_ratio': 1.2325674797404442e-05, 'R_P_ratio': -6.797960257386005e-05}
Training Iteration 283
Collecting Episode 0
Collecting Episode 10
Collecting Episode 20
Collecting Episode 30
Finish Collecting Episodes in 43.56 seconds
avg value loss 292.5634265475803
Iteration 284/400 - Average Reward: 2.696904256215526
{'AREA': np.float64(180637.81010181666), 'weighted_R_M': 7.401753255882391, 'weighted_R_T': 0.6648209028773837, 'weighted_R_P': -1.6004842122395833, 'cost_balance': np.float64(3.7691856962693078), 'R_T_ratio': 1.4236423281182513e-05, 'R_P_ratio': -7.186339085770648e-05}
Training Iteration 284
Collecting Episode 0
Collecting Episode 10
Collecting Episode 20
Collecting Episode 30
Finish Collecting Episodes in 44.16 seconds
avg value loss 282.3256416320801
Iteration 285/400 - Average Reward: 2.30288349393393
{'AREA': np.float64(167899.2606392459), 'weighted_R_M': 6.9573877886505215, 'weighted_R_T': 0.6722847256395552, 'weighted_R_P': -1.374439663357205, 'cost_balance': np.float64(3.9523493647667047), 'R_T_ratio': 1.439609587323513e-05, 'R_P_ratio': -6.171240648795522e-05}
Training Iteration 285
Collecting Episode 0
Collecting Episode 10
Collecting Episode 20
Collecting Episode 30
Finish Collecting Episodes in 44.03 seconds
avg value loss 381.2764371236165
Iteration 286/400 - Average Reward: 2.8177607705713146
{'AREA': np.float64(175173.99399823326), 'weighted_R_M': 7.363052821300193, 'weighted_R_T': 0.6422222538126839, 'weighted_R_P': -1.4152764214409723, 'cost_balance': np.float64(3.77223788167174), 'R_T_ratio': 1.3755485824002495e-05, 'R_P_ratio': -6.356111877753929e-05}
Training Iteration 286
Collecting Episode 0
Collecting Episode 10
Collecting Episode 20
Collecting Episode 30
Finish Collecting Episodes in 43.56 seconds
avg value loss 245.62256325615778
Iteration 287/400 - Average Reward: 2.5294547437741937
{'AREA': np.float64(170310.5475754213), 'weighted_R_M': 7.11889434778843, 'weighted_R_T': 0.7692043450143602, 'weighted_R_P': -1.4149398803710938, 'cost_balance': np.float64(3.943704054861709), 'R_T_ratio': 1.648448048653507e-05, 'R_P_ratio': -6.353790248774126e-05}
Training Iteration 287
Collecting Episode 0
Collecting Episode 10
Collecting Episode 20
Collecting Episode 30
Finish Collecting Episodes in 43.64 seconds
avg value loss 302.1133698357476
Iteration 288/400 - Average Reward: 2.416184017331236
{'AREA': np.float64(170866.88479609808), 'weighted_R_M': 7.046746348452467, 'weighted_R_T': 0.6421440144379934, 'weighted_R_P': -1.3730714586046007, 'cost_balance': np.float64(3.8996348875664655), 'R_T_ratio': 1.3744518233240991e-05, 'R_P_ratio': -6.165597350403045e-05}
Training Iteration 288
Collecting Episode 0
Collecting Episode 10
Collecting Episode 20
Collecting Episode 30
Finish Collecting Episodes in 43.52 seconds
avg value loss 342.5870717366536
Iteration 289/400 - Average Reward: 3.1158059323594594
{'AREA': np.float64(167869.70937510752), 'weighted_R_M': 7.080636792946381, 'weighted_R_T': 1.0748141325182385, 'weighted_R_P': -1.0636562771267362, 'cost_balance': np.float64(3.975988703964991), 'R_T_ratio': 2.3032154195782677e-05, 'R_P_ratio': -4.776381123285255e-05}
Training Iteration 289
Collecting Episode 0
Collecting Episode 10
Collecting Episode 20
Collecting Episode 30
Finish Collecting Episodes in 43.52 seconds
avg value loss 466.22365527682837
Iteration 290/400 - Average Reward: 3.3890513464963683
{'AREA': np.float64(172293.05824784932), 'weighted_R_M': 7.152641509930011, 'weighted_R_T': 1.2116127858559291, 'weighted_R_P': -1.0528310139973958, 'cost_balance': np.float64(3.922371946088847), 'R_T_ratio': 2.5993746743372775e-05, 'R_P_ratio': -4.735329757904472e-05}
Training Iteration 290
Collecting Episode 0
Collecting Episode 10
Collecting Episode 20
Collecting Episode 30
Finish Collecting Episodes in 43.51 seconds
avg value loss 341.0940869649251
Iteration 291/400 - Average Reward: 2.9099821399172976
{'AREA': np.float64(173019.08954807732), 'weighted_R_M': 7.157451368802867, 'weighted_R_T': 0.8946739981571833, 'weighted_R_P': -1.2189568413628473, 'cost_balance': np.float64(3.9231863942081713), 'R_T_ratio': 1.916808833470217e-05, 'R_P_ratio': -5.4703538298737454e-05}
Training Iteration 291
Collecting Episode 0
Collecting Episode 10
Collecting Episode 20
Collecting Episode 30
Finish Collecting Episodes in 43.60 seconds
avg value loss 267.300240834554
Iteration 292/400 - Average Reward: 3.2245032040049812
{'AREA': np.float64(171190.12546439064), 'weighted_R_M': 7.216394091430023, 'weighted_R_T': 1.041709332002534, 'weighted_R_P': -1.2123777601453993, 'cost_balance': np.float64(3.8212224556354784), 'R_T_ratio': 2.2331299081483778e-05, 'R_P_ratio': -5.44469439402975e-05}
Training Iteration 292
Collecting Episode 0
Collecting Episode 10
Collecting Episode 20
Collecting Episode 30
Finish Collecting Episodes in 43.52 seconds
avg value loss 273.5775193108453
Iteration 293/400 - Average Reward: 2.557584509072411
{'AREA': np.float64(171686.4925709164), 'weighted_R_M': 7.066410507043959, 'weighted_R_T': 0.7717425260278914, 'weighted_R_P': -1.3742429945203993, 'cost_balance': np.float64(3.9063255338999627), 'R_T_ratio': 1.653112688210223e-05, 'R_P_ratio': -6.170135404201836e-05}
Training Iteration 293
Collecting Episode 0
Collecting Episode 10
Collecting Episode 20
Collecting Episode 30
Finish Collecting Episodes in 43.52 seconds
avg value loss 293.1057773166233
Iteration 294/400 - Average Reward: 2.149040737047067
{'AREA': np.float64(173713.93493031285), 'weighted_R_M': 7.166060884209502, 'weighted_R_T': 0.4818267706367705, 'weighted_R_P': -1.5980317857530382, 'cost_balance': np.float64(3.9008151229060934), 'R_T_ratio': 1.0319320616486438e-05, 'R_P_ratio': -7.178337590805588e-05}
Training Iteration 294
Collecting Episode 0
Collecting Episode 10
Collecting Episode 20
Collecting Episode 30
Finish Collecting Episodes in 43.52 seconds
avg value loss 303.06918165418836
Iteration 295/400 - Average Reward: 2.299501057403783
{'AREA': np.float64(174080.62513886392), 'weighted_R_M': 7.117832235202109, 'weighted_R_T': 0.5700337837139765, 'weighted_R_P': -1.5492112901475694, 'cost_balance': np.float64(3.8391536655456866), 'R_T_ratio': 1.2206960494078508e-05, 'R_P_ratio': -6.960451062134239e-05}
Training Iteration 295
Collecting Episode 0
Collecting Episode 10
Collecting Episode 20
Collecting Episode 30
Finish Collecting Episodes in 43.54 seconds
avg value loss 306.31646135118274
Iteration 296/400 - Average Reward: 2.6370429508388042
{'AREA': np.float64(172328.35600141613), 'weighted_R_M': 7.0887613707826755, 'weighted_R_T': 0.7828991529014375, 'weighted_R_P': -1.3276986016167536, 'cost_balance': np.float64(3.906918963953798), 'R_T_ratio': 1.676476186937867e-05, 'R_P_ratio': -5.961602519944437e-05}
Training Iteration 296
Collecting Episode 0
Collecting Episode 10
Collecting Episode 20
Collecting Episode 30
Finish Collecting Episodes in 43.53 seconds
avg value loss 508.1638675265842
Iteration 297/400 - Average Reward: 2.526660157315847
{'AREA': np.float64(169888.12468639144), 'weighted_R_M': 7.0322801199969645, 'weighted_R_T': 0.8048067506816652, 'weighted_R_P': -1.4456185234917536, 'cost_balance': np.float64(3.86480818320442), 'R_T_ratio': 1.723949095512446e-05, 'R_P_ratio': -6.488999842785281e-05}
Training Iteration 297
Collecting Episode 0
Collecting Episode 10
Collecting Episode 20
Collecting Episode 30
Finish Collecting Episodes in 43.54 seconds
avg value loss 212515.7396358914
Iteration 298/400 - Average Reward: 3.054694881248805
{'AREA': np.float64(181715.60456194927), 'weighted_R_M': 7.294752549773774, 'weighted_R_T': 0.8435166461600198, 'weighted_R_P': -1.326732211642795, 'cost_balance': np.float64(3.7568420978348183), 'R_T_ratio': 1.808285804773731e-05, 'R_P_ratio': -5.9616504576642804e-05}
Training Iteration 298
Collecting Episode 0
Collecting Episode 10
Collecting Episode 20
Collecting Episode 30
Finish Collecting Episodes in 43.52 seconds
avg value loss 6751.591659545898
Iteration 299/400 - Average Reward: 3.0849969793925993
{'AREA': np.float64(170818.50498955382), 'weighted_R_M': 7.185719512658478, 'weighted_R_T': 1.0441924466027155, 'weighted_R_P': -1.2158915201822917, 'cost_balance': np.float64(3.9290234520453233), 'R_T_ratio': 2.2383863798627582e-05, 'R_P_ratio': -5.459727736258851e-05}
Training Iteration 299
Collecting Episode 0
Collecting Episode 10
Collecting Episode 20
Collecting Episode 30
Finish Collecting Episodes in 43.53 seconds
avg value loss 751.2416144476997
Iteration 300/400 - Average Reward: 2.5239412064612328
{'AREA': np.float64(167785.6199413123), 'weighted_R_M': 6.848200301188626, 'weighted_R_T': 1.0339673608541489, 'weighted_R_P': -1.3001590304904513, 'cost_balance': np.float64(4.058067408387417), 'R_T_ratio': 2.2169317585307713e-05, 'R_P_ratio': -5.836477694597263e-05}
Checkpoint saved to checkpoints/ckpt_normal_gnn_l1_bal_single_300_2.52.pt
Training Iteration 300
Collecting Episode 0
Collecting Episode 10
Collecting Episode 20
Collecting Episode 30
Finish Collecting Episodes in 43.60 seconds
avg value loss 539.1714888678657
Iteration 301/400 - Average Reward: 2.848862451915112
{'AREA': np.float64(171064.93547152626), 'weighted_R_M': 7.049510740480198, 'weighted_R_T': 0.9785623600085577, 'weighted_R_P': -1.2714445326063368, 'cost_balance': np.float64(3.9077661386500204), 'R_T_ratio': 2.0979441404216865e-05, 'R_P_ratio': -5.707812544120733e-05}
Training Iteration 301
Collecting Episode 0
Collecting Episode 10
Collecting Episode 20
Collecting Episode 30
Finish Collecting Episodes in 43.56 seconds
avg value loss 451.42643483479816
Iteration 302/400 - Average Reward: 2.799933289177716
{'AREA': np.float64(177108.86036622713), 'weighted_R_M': 7.299531500038736, 'weighted_R_T': 0.703220773074362, 'weighted_R_P': -1.3323610093858507, 'cost_balance': np.float64(3.8704579831348513), 'R_T_ratio': 1.5070457451804575e-05, 'R_P_ratio': -5.983729085768447e-05}
Training Iteration 302
Collecting Episode 0
Collecting Episode 10
Collecting Episode 20
Collecting Episode 30
Finish Collecting Episodes in 43.55 seconds
avg value loss 355.478387620714
Iteration 303/400 - Average Reward: 2.937504955451004
{'AREA': np.float64(169382.36929123785), 'weighted_R_M': 7.141746203007642, 'weighted_R_T': 0.95725307530827, 'weighted_R_P': -1.2507222493489583, 'cost_balance': np.float64(3.910772056593115), 'R_T_ratio': 2.0519086286486922e-05, 'R_P_ratio': -5.6169834664865974e-05}
Training Iteration 303
Collecting Episode 0
Collecting Episode 10
Collecting Episode 20
Collecting Episode 30
Finish Collecting Episodes in 43.54 seconds
avg value loss 458.0308566623264
Iteration 304/400 - Average Reward: 3.5911866403960935
{'AREA': np.float64(181544.40562565505), 'weighted_R_M': 7.523904483700688, 'weighted_R_T': 1.0449936025672488, 'weighted_R_P': -1.2543911404079862, 'cost_balance': np.float64(3.7233203106660944), 'R_T_ratio': 2.241209757662214e-05, 'R_P_ratio': -5.637819696617067e-05}
Training Iteration 304
Collecting Episode 0
Collecting Episode 10
Collecting Episode 20
Collecting Episode 30
Finish Collecting Episodes in 43.62 seconds
avg value loss 287.46210945977106
Iteration 305/400 - Average Reward: 1.8540904547036108
{'AREA': np.float64(171475.10446775678), 'weighted_R_M': 7.011501425496438, 'weighted_R_T': 0.4495796163876851, 'weighted_R_P': -1.7421001858181424, 'cost_balance': np.float64(3.864890399713368), 'R_T_ratio': 9.627573617646915e-06, 'R_P_ratio': -7.823174132953747e-05}
Training Iteration 305
Collecting Episode 0
Collecting Episode 10
Collecting Episode 20
Collecting Episode 30
Finish Collecting Episodes in 43.53 seconds
avg value loss 415.17648612128363
Iteration 306/400 - Average Reward: 3.2146835609390916
{'AREA': np.float64(173719.96287863003), 'weighted_R_M': 7.379966354843216, 'weighted_R_T': 0.9476407898796929, 'weighted_R_P': -1.2801123725043402, 'cost_balance': np.float64(3.832811234240365), 'R_T_ratio': 2.0301221041546524e-05, 'R_P_ratio': -5.749072192281737e-05}
Training Iteration 306
Collecting Episode 0
Collecting Episode 10
Collecting Episode 20
Collecting Episode 30
Finish Collecting Episodes in 43.53 seconds
avg value loss 475.5903502570258
Iteration 307/400 - Average Reward: 3.1337684407416315
{'AREA': np.float64(172320.17176575714), 'weighted_R_M': 7.230730458525715, 'weighted_R_T': 0.9991704573233923, 'weighted_R_P': -1.1895692613389757, 'cost_balance': np.float64(3.9065631951580104), 'R_T_ratio': 2.1404163288514983e-05, 'R_P_ratio': -5.340878741316107e-05}
Training Iteration 307
Collecting Episode 0
Collecting Episode 10
Collecting Episode 20
Collecting Episode 30
Finish Collecting Episodes in 43.52 seconds
avg value loss 452.895565032959
Iteration 308/400 - Average Reward: 3.106396576932942
{'AREA': np.float64(175409.52445375256), 'weighted_R_M': 7.295855717401234, 'weighted_R_T': 1.007061665256818, 'weighted_R_P': -1.3783823649088542, 'cost_balance': np.float64(3.8181384435191728), 'R_T_ratio': 2.1577958402904355e-05, 'R_P_ratio': -6.189624984079576e-05}
Training Iteration 308
Collecting Episode 0
Collecting Episode 10
Collecting Episode 20
Collecting Episode 30
Finish Collecting Episodes in 43.54 seconds
avg value loss 424.5917803446452
Iteration 309/400 - Average Reward: 2.4394105833748148
{'AREA': np.float64(172750.54103404272), 'weighted_R_M': 7.226151979653675, 'weighted_R_T': 0.6810958584149679, 'weighted_R_P': -1.6095284356011286, 'cost_balance': np.float64(3.858308793029264), 'R_T_ratio': 1.4579691630427987e-05, 'R_P_ratio': -7.225467272868448e-05}
Training Iteration 309
Collecting Episode 0
Collecting Episode 10
Collecting Episode 20
Collecting Episode 30
Finish Collecting Episodes in 43.53 seconds
avg value loss 369.09455066257055
Iteration 310/400 - Average Reward: 2.298113727993849
{'AREA': np.float64(168984.76597724447), 'weighted_R_M': 7.0544817587716455, 'weighted_R_T': 0.651973620057106, 'weighted_R_P': -1.493358188205295, 'cost_balance': np.float64(3.9149834401145074), 'R_T_ratio': 1.3963134270902592e-05, 'R_P_ratio': -6.703461233267507e-05}
Training Iteration 310
Collecting Episode 0
Collecting Episode 10
Collecting Episode 20
Collecting Episode 30
Finish Collecting Episodes in 43.53 seconds
avg value loss 428.375548892551
Iteration 311/400 - Average Reward: 2.910260930734997
{'AREA': np.float64(180504.94112003065), 'weighted_R_M': 7.538786941781938, 'weighted_R_T': 0.5426905618773566, 'weighted_R_P': -1.4600584242078993, 'cost_balance': np.float64(3.7111581360020196), 'R_T_ratio': 1.160615602270444e-05, 'R_P_ratio': -6.558447585181908e-05}
Training Iteration 311
Collecting Episode 0
Collecting Episode 10
Collecting Episode 20
Collecting Episode 30
Finish Collecting Episodes in 43.52 seconds
avg value loss 293.3097512986925
Iteration 312/400 - Average Reward: 3.585850610384821
{'AREA': np.float64(172121.59546891035), 'weighted_R_M': 7.275325694511088, 'weighted_R_T': 1.2431486166185803, 'weighted_R_P': -1.0734727647569444, 'cost_balance': np.float64(3.8591509434725006), 'R_T_ratio': 2.6654553318850027e-05, 'R_P_ratio': -4.8180273525457976e-05}
Training Iteration 312
Collecting Episode 0
Collecting Episode 10
Collecting Episode 20
Collecting Episode 30
Finish Collecting Episodes in 43.62 seconds
avg value loss 377.1039678785536
Iteration 313/400 - Average Reward: 2.679188684553891
{'AREA': np.float64(178841.79284451331), 'weighted_R_M': 7.212815053978476, 'weighted_R_T': 0.8107131984498765, 'weighted_R_P': -1.5305006239149306, 'cost_balance': np.float64(3.813838924240473), 'R_T_ratio': 1.7374029637149773e-05, 'R_P_ratio': -6.874792615106189e-05}
Training Iteration 313
Collecting Episode 0
Collecting Episode 10
Collecting Episode 20
Collecting Episode 30
Finish Collecting Episodes in 43.53 seconds
avg value loss 284.755627102322
Iteration 314/400 - Average Reward: 2.895682741810257
{'AREA': np.float64(176186.17499176867), 'weighted_R_M': 7.330123054445721, 'weighted_R_T': 0.8432645714945264, 'weighted_R_P': -1.5025609334309895, 'cost_balance': np.float64(3.7751439403105707), 'R_T_ratio': 1.8067925236108105e-05, 'R_P_ratio': -6.748860379348261e-05}
Training Iteration 314
Collecting Episode 0
Collecting Episode 10
Collecting Episode 20
Collecting Episode 30
Finish Collecting Episodes in 43.53 seconds
avg value loss 312.50983386569555
Iteration 315/400 - Average Reward: 2.789827473953159
{'AREA': np.float64(173410.6840399354), 'weighted_R_M': 7.408221653213129, 'weighted_R_T': 0.7184932248459922, 'weighted_R_P': -1.5412555270724826, 'cost_balance': np.float64(3.7956318749174422), 'R_T_ratio': 1.5379108641608604e-05, 'R_P_ratio': -6.921773565571641e-05}
Training Iteration 315
Collecting Episode 0
Collecting Episode 10
Collecting Episode 20
Collecting Episode 30
Finish Collecting Episodes in 43.52 seconds
avg value loss 305.98273764716254
Iteration 316/400 - Average Reward: 2.5954015739262104
{'AREA': np.float64(168531.98095009924), 'weighted_R_M': 7.068779310820294, 'weighted_R_T': 0.8373928980694877, 'weighted_R_P': -1.3087090386284723, 'cost_balance': np.float64(4.002061573339166), 'R_T_ratio': 1.7953579118256e-05, 'R_P_ratio': -5.8757753859273176e-05}
Training Iteration 316
Collecting Episode 0
Collecting Episode 10
Collecting Episode 20
Collecting Episode 30
Finish Collecting Episodes in 43.59 seconds
avg value loss 332.54502360026044
Iteration 317/400 - Average Reward: 3.0586542706005275
{'AREA': np.float64(174465.32657421345), 'weighted_R_M': 7.21729014839285, 'weighted_R_T': 0.9833387964301639, 'weighted_R_P': -1.294754876030816, 'cost_balance': np.float64(3.847219782987539), 'R_T_ratio': 2.1077470696573286e-05, 'R_P_ratio': -5.812077273331662e-05}
Training Iteration 317
Collecting Episode 0
Collecting Episode 10
Collecting Episode 20
Collecting Episode 30
Finish Collecting Episodes in 43.53 seconds
avg value loss 315.01440090603296
Iteration 318/400 - Average Reward: 3.4641807549891785
{'AREA': np.float64(176219.6092278632), 'weighted_R_M': 7.363232533002803, 'weighted_R_T': 1.1783660236332152, 'weighted_R_P': -1.2626088460286458, 'cost_balance': np.float64(3.8148089347117278), 'R_T_ratio': 2.5261215217993306e-05, 'R_P_ratio': -5.66859954021226e-05}
Training Iteration 318
Collecting Episode 0
Collecting Episode 10
Collecting Episode 20
Collecting Episode 30
Finish Collecting Episodes in 43.52 seconds
avg value loss 305.02561060587567
Iteration 319/400 - Average Reward: 3.573127013682905
{'AREA': np.float64(169340.89691402265), 'weighted_R_M': 7.446388368080887, 'weighted_R_T': 1.0774392286936443, 'weighted_R_P': -1.123792012532552, 'cost_balance': np.float64(3.826908573001599), 'R_T_ratio': 2.3089599064336002e-05, 'R_P_ratio': -5.047104682318368e-05}
Training Iteration 319
Collecting Episode 0
Collecting Episode 10
Collecting Episode 20
Collecting Episode 30
Finish Collecting Episodes in 43.51 seconds
avg value loss 349.40629450480145
Iteration 320/400 - Average Reward: 3.070642405293054
{'AREA': np.float64(174386.83616605043), 'weighted_R_M': 7.249357430964462, 'weighted_R_T': 1.050989869568083, 'weighted_R_P': -1.4092949761284723, 'cost_balance': np.float64(3.8204098944343667), 'R_T_ratio': 2.2548169749586622e-05, 'R_P_ratio': -6.330378842209217e-05}
Checkpoint saved to checkpoints/ckpt_normal_gnn_l1_bal_single_320_3.07.pt
Training Iteration 320
Collecting Episode 0
Collecting Episode 10
Collecting Episode 20
Collecting Episode 30
Finish Collecting Episodes in 43.52 seconds
avg value loss 346.6712892320421
Iteration 321/400 - Average Reward: 3.9069428542473665
{'AREA': np.float64(174946.61129551873), 'weighted_R_M': 7.24266639588556, 'weighted_R_T': 1.5461999624967575, 'weighted_R_P': -0.9913041856553819, 'cost_balance': np.float64(3.890619335238532), 'R_T_ratio': 3.317043160447958e-05, 'R_P_ratio': -4.453396746514904e-05}
Training Iteration 321
Collecting Episode 0
Collecting Episode 10
Collecting Episode 20
Collecting Episode 30
Finish Collecting Episodes in 43.51 seconds
avg value loss 519.1054267883301
Iteration 322/400 - Average Reward: 2.6232257408296897
{'AREA': np.float64(173846.00771652337), 'weighted_R_M': 7.124899506581035, 'weighted_R_T': 0.818601507279608, 'weighted_R_P': -1.3172090318467882, 'cost_balance': np.float64(4.003066275633812), 'R_T_ratio': 1.753606293352577e-05, 'R_P_ratio': -5.913410510753151e-05}
Training Iteration 322
Collecting Episode 0
Collecting Episode 10
Collecting Episode 20
Collecting Episode 30
Finish Collecting Episodes in 43.53 seconds
avg value loss 499.7308510674371
Iteration 323/400 - Average Reward: 2.730432134703733
{'AREA': np.float64(179584.37358592034), 'weighted_R_M': 7.4951203580696735, 'weighted_R_T': 0.6545697235398822, 'weighted_R_P': -1.6809438069661458, 'cost_balance': np.float64(3.7383141499962136), 'R_T_ratio': 1.4003247141985975e-05, 'R_P_ratio': -7.547540310113658e-05}
Training Iteration 323
Collecting Episode 0
Collecting Episode 10
Collecting Episode 20
Collecting Episode 30
Finish Collecting Episodes in 43.56 seconds
avg value loss 464.5176166958279
Iteration 324/400 - Average Reward: 3.586786641092557
{'AREA': np.float64(176996.5751945562), 'weighted_R_M': 7.5092667291561765, 'weighted_R_T': 1.1090373479657702, 'weighted_R_P': -1.2850570678710938, 'cost_balance': np.float64(3.7464603743854616), 'R_T_ratio': 2.37744817286889e-05, 'R_P_ratio': -5.77128175699499e-05}
Training Iteration 324
Collecting Episode 0
Collecting Episode 10
Collecting Episode 20
Collecting Episode 30
Finish Collecting Episodes in 43.54 seconds
avg value loss 476.31459045410156
Iteration 325/400 - Average Reward: 2.5580652793869376
{'AREA': np.float64(181379.19028805863), 'weighted_R_M': 7.480206745715502, 'weighted_R_T': 0.5028796361552345, 'weighted_R_P': -1.7708960639105902, 'cost_balance': np.float64(3.6541250395646006), 'R_T_ratio': 1.0756354543204091e-05, 'R_P_ratio': -7.954311407470938e-05}
Training Iteration 325
Collecting Episode 0
Collecting Episode 10
Collecting Episode 20
Collecting Episode 30
Finish Collecting Episodes in 43.64 seconds
avg value loss 604.6307339138455
Iteration 326/400 - Average Reward: 2.222089714357733
{'AREA': np.float64(180000.07448090686), 'weighted_R_M': 7.349451009654634, 'weighted_R_T': 0.398823575841056, 'weighted_R_P': -1.8183856540256076, 'cost_balance': np.float64(3.707799219426925), 'R_T_ratio': 8.527237051494633e-06, 'R_P_ratio': -8.167434110901521e-05}
Training Iteration 326
Collecting Episode 0
Collecting Episode 10
Collecting Episode 20
Collecting Episode 30
Finish Collecting Episodes in 43.55 seconds
avg value loss 597.7890892028809
Iteration 327/400 - Average Reward: 3.593967547045193
{'AREA': np.float64(172571.8962153808), 'weighted_R_M': 7.213332175978899, 'weighted_R_T': 1.371866300702095, 'weighted_R_P': -1.116866217719184, 'cost_balance': np.float64(3.87436471377698), 'R_T_ratio': 2.941848009407888e-05, 'R_P_ratio': -5.015619878262798e-05}
Training Iteration 327
Collecting Episode 0
Collecting Episode 10
Collecting Episode 20
Collecting Episode 30
Finish Collecting Episodes in 43.56 seconds
avg value loss 344.66372723049585
Iteration 328/400 - Average Reward: 3.051036103783796
{'AREA': np.float64(169159.65493538103), 'weighted_R_M': 7.080372621669085, 'weighted_R_T': 1.1421377741628223, 'weighted_R_P': -1.2042617797851562, 'cost_balance': np.float64(3.9672125326096626), 'R_T_ratio': 2.4493867020139756e-05, 'R_P_ratio': -5.4085165163956596e-05}
Training Iteration 328
Collecting Episode 0
Collecting Episode 10
Collecting Episode 20
Collecting Episode 30
Finish Collecting Episodes in 43.55 seconds
avg value loss 469.3629307217068
Iteration 329/400 - Average Reward: 3.287876975024119
{'AREA': np.float64(176610.11606929387), 'weighted_R_M': 7.450856182839036, 'weighted_R_T': 0.9307732979456583, 'weighted_R_P': -1.2706976996527777, 'cost_balance': np.float64(3.823054803845731), 'R_T_ratio': 1.9947756029237767e-05, 'R_P_ratio': -5.70651874002971e-05}
Training Iteration 329
Collecting Episode 0
Collecting Episode 10
Collecting Episode 20
Collecting Episode 30
Finish Collecting Episodes in 43.65 seconds
avg value loss 389.6449546813965
Iteration 330/400 - Average Reward: 3.183462523894074
{'AREA': np.float64(180180.20322066714), 'weighted_R_M': 7.578901576329372, 'weighted_R_T': 0.8718899091084799, 'weighted_R_P': -1.5579681396484375, 'cost_balance': np.float64(3.7093608206973334), 'R_T_ratio': 1.8682617993987576e-05, 'R_P_ratio': -6.996499697821247e-05}
Training Iteration 330
Collecting Episode 0
Collecting Episode 10
Collecting Episode 20
Collecting Episode 30
Finish Collecting Episodes in 43.58 seconds
avg value loss 429.47360865275067
Iteration 331/400 - Average Reward: 2.2743863073798516
{'AREA': np.float64(171484.6302310682), 'weighted_R_M': 7.1476812714932345, 'weighted_R_T': 0.5797170648972193, 'weighted_R_P': -1.5951063368055556, 'cost_balance': np.float64(3.8579056916383263), 'R_T_ratio': 1.2407005918350459e-05, 'R_P_ratio': -7.161919999768316e-05}
Training Iteration 331
Collecting Episode 0
Collecting Episode 10
Collecting Episode 20
Collecting Episode 30
Finish Collecting Episodes in 43.55 seconds
avg value loss 414.70645311143664
Iteration 332/400 - Average Reward: 2.640856932551186
{'AREA': np.float64(174268.87085842493), 'weighted_R_M': 7.139619016727213, 'weighted_R_T': 0.7782675673564275, 'weighted_R_P': -1.4447580973307292, 'cost_balance': np.float64(3.832271537781395), 'R_T_ratio': 1.6678030081583737e-05, 'R_P_ratio': -6.486417609258277e-05}
Training Iteration 332
Collecting Episode 0
Collecting Episode 10
Collecting Episode 20
Collecting Episode 30
Finish Collecting Episodes in 43.56 seconds
avg value loss 355.71462037828235
Iteration 333/400 - Average Reward: 2.9859709278680384
{'AREA': np.float64(164662.0536445302), 'weighted_R_M': 6.981794804053304, 'weighted_R_T': 1.043614418970214, 'weighted_R_P': -1.056687249077691, 'cost_balance': np.float64(3.9827510358834783), 'R_T_ratio': 2.2372986905883074e-05, 'R_P_ratio': -4.748029345275073e-05}
Training Iteration 333
Collecting Episode 0
Collecting Episode 10
Collecting Episode 20
Collecting Episode 30
Finish Collecting Episodes in 43.56 seconds
avg value loss 374.5346459282769
Iteration 334/400 - Average Reward: 2.9590499420495084
{'AREA': np.float64(171565.30438200934), 'weighted_R_M': 7.109892304968121, 'weighted_R_T': 1.042291725675265, 'weighted_R_P': -1.2581761678059895, 'cost_balance': np.float64(3.9349579154757075), 'R_T_ratio': 2.2337168841029482e-05, 'R_P_ratio': -5.6466443228844446e-05}
Training Iteration 334
Collecting Episode 0
Collecting Episode 10
Collecting Episode 20
Collecting Episode 30
Finish Collecting Episodes in 43.55 seconds
avg value loss 409.8377554151747
Iteration 335/400 - Average Reward: 3.3182392953895032
{'AREA': np.float64(167268.34658591487), 'weighted_R_M': 7.090175666442115, 'weighted_R_T': 1.27226941453086, 'weighted_R_P': -1.101458231608073, 'cost_balance': np.float64(3.9427475420653812), 'R_T_ratio': 2.727412943099367e-05, 'R_P_ratio': -4.943910724151802e-05}
Training Iteration 335
Collecting Episode 0
Collecting Episode 10
Collecting Episode 20
Collecting Episode 30
Finish Collecting Episodes in 43.57 seconds
avg value loss 412.057181040446
Iteration 336/400 - Average Reward: 3.776509828141166
{'AREA': np.float64(175304.4752281865), 'weighted_R_M': 7.36848674601222, 'weighted_R_T': 1.3590103271934721, 'weighted_R_P': -1.1675949096679688, 'cost_balance': np.float64(3.7833923102772298), 'R_T_ratio': 2.9153526860472815e-05, 'R_P_ratio': -5.245439085175027e-05}
Training Iteration 336
Collecting Episode 0
Collecting Episode 10
Collecting Episode 20
Collecting Episode 30
Finish Collecting Episodes in 43.54 seconds
avg value loss 613.2120484246147
Iteration 337/400 - Average Reward: 3.0365357371693893
{'AREA': np.float64(179846.90147992625), 'weighted_R_M': 7.519951433262678, 'weighted_R_T': 0.7622142616245482, 'weighted_R_P': -1.5623253716362848, 'cost_balance': np.float64(3.683304611822792), 'R_T_ratio': 1.6311849807545656e-05, 'R_P_ratio': -7.014237047895759e-05}
Training Iteration 337
Collecting Episode 0
Collecting Episode 10
Collecting Episode 20
Collecting Episode 30
Finish Collecting Episodes in 43.52 seconds
avg value loss 1308.2579680548774
Iteration 338/400 - Average Reward: 2.5734969425118632
{'AREA': np.float64(175413.21717276803), 'weighted_R_M': 7.35204804091336, 'weighted_R_T': 0.5709392411841286, 'weighted_R_P': -1.5575493706597223, 'cost_balance': np.float64(3.7919409827678567), 'R_T_ratio': 1.2211925067398851e-05, 'R_P_ratio': -6.993642603314896e-05}
Training Iteration 338
Collecting Episode 0
Collecting Episode 10
Collecting Episode 20
Collecting Episode 30
Finish Collecting Episodes in 43.60 seconds
avg value loss 474.19178093804254
Iteration 339/400 - Average Reward: 2.7756677062198936
{'AREA': np.float64(171409.90878734313), 'weighted_R_M': 7.200976117254565, 'weighted_R_T': 0.8562509483761258, 'weighted_R_P': -1.433787875705295, 'cost_balance': np.float64(3.847771476855109), 'R_T_ratio': 1.8341734280894225e-05, 'R_P_ratio': -6.435873465002493e-05}
Training Iteration 339
Collecting Episode 0
Collecting Episode 10
Collecting Episode 20
Collecting Episode 30
Finish Collecting Episodes in 43.51 seconds
avg value loss 506.061279296875
Iteration 340/400 - Average Reward: 2.9789307711439
{'AREA': np.float64(179456.26467362544), 'weighted_R_M': 7.5503959801555744, 'weighted_R_T': 0.732761702603764, 'weighted_R_P': -1.6193279690212674, 'cost_balance': np.float64(3.6848989409027118), 'R_T_ratio': 1.5693166511405237e-05, 'R_P_ratio': -7.273036227111667e-05}
Checkpoint saved to checkpoints/ckpt_normal_gnn_l1_bal_single_340_2.98.pt
Training Iteration 340
Collecting Episode 0
Collecting Episode 10
Collecting Episode 20
Collecting Episode 30
Finish Collecting Episodes in 43.52 seconds
avg value loss 441.8032735188802
Iteration 341/400 - Average Reward: 3.023529066497253
{'AREA': np.float64(174583.06654795856), 'weighted_R_M': 7.320807789410335, 'weighted_R_T': 0.9175189286470413, 'weighted_R_P': -1.4394912719726562, 'cost_balance': np.float64(3.775306375020703), 'R_T_ratio': 1.9664571366259346e-05, 'R_P_ratio': -6.463441921094233e-05}
Training Iteration 341
Collecting Episode 0
Collecting Episode 10
Collecting Episode 20
Collecting Episode 30
Finish Collecting Episodes in 43.53 seconds
avg value loss 399.5804748535156
Iteration 342/400 - Average Reward: 2.4987275113558605
{'AREA': np.float64(182763.34918775802), 'weighted_R_M': 7.4555352481859, 'weighted_R_T': 0.5115169253614213, 'weighted_R_P': -1.750477261013455, 'cost_balance': np.float64(3.7178473804447205), 'R_T_ratio': 1.095149092165188e-05, 'R_P_ratio': -7.864590087399642e-05}
Training Iteration 342
Collecting Episode 0
Collecting Episode 10
Collecting Episode 20
Collecting Episode 30
Finish Collecting Episodes in 43.64 seconds
avg value loss 517.4397574530708
Iteration 343/400 - Average Reward: 3.1068674258422107
{'AREA': np.float64(170972.03856758765), 'weighted_R_M': 7.214689047588359, 'weighted_R_T': 1.024566587474611, 'weighted_R_P': -1.2463929918077257, 'cost_balance': np.float64(3.8859951991126453), 'R_T_ratio': 2.196317039180699e-05, 'R_P_ratio': -5.597063518849218e-05}
Training Iteration 343
Collecting Episode 0
Collecting Episode 10
Collecting Episode 20
Collecting Episode 30
Finish Collecting Episodes in 43.51 seconds
avg value loss 783.59839714898
Iteration 344/400 - Average Reward: 3.3123279876696565
{'AREA': np.float64(168494.31422400882), 'weighted_R_M': 7.169843043461798, 'weighted_R_T': 1.128967434167862, 'weighted_R_P': -1.01643795437283, 'cost_balance': np.float64(3.9700445305183516), 'R_T_ratio': 2.4205088306053194e-05, 'R_P_ratio': -4.5666096126301126e-05}
Training Iteration 344
Collecting Episode 0
Collecting Episode 10
Collecting Episode 20
Collecting Episode 30
Finish Collecting Episodes in 43.52 seconds
avg value loss 377.9757893880208
Iteration 345/400 - Average Reward: 3.3192568632463613
{'AREA': np.float64(172240.93223035766), 'weighted_R_M': 7.1460389661442605, 'weighted_R_T': 1.2398933354351256, 'weighted_R_P': -1.1907009548611112, 'cost_balance': np.float64(3.8759744932174405), 'R_T_ratio': 2.6593241425442047e-05, 'R_P_ratio': -5.3462009619488336e-05}
Training Iteration 345
Collecting Episode 0
Collecting Episode 10
Collecting Episode 20
Collecting Episode 30
Finish Collecting Episodes in 43.51 seconds
avg value loss 627.3705190022787
Iteration 346/400 - Average Reward: 3.270239418864043
{'AREA': np.float64(175870.0396376451), 'weighted_R_M': 7.3064206372663545, 'weighted_R_T': 1.0732074992524252, 'weighted_R_P': -1.326949225531684, 'cost_balance': np.float64(3.782439468308688), 'R_T_ratio': 2.3003612182603828e-05, 'R_P_ratio': -5.959073648475107e-05}
Training Iteration 346
Collecting Episode 0
Collecting Episode 10
Collecting Episode 20
Collecting Episode 30
Finish Collecting Episodes in 43.52 seconds
avg value loss 701.1644291347927
Iteration 347/400 - Average Reward: 3.737673492921102
{'AREA': np.float64(174610.48175780178), 'weighted_R_M': 7.3409144755156985, 'weighted_R_T': 1.2831884539789624, 'weighted_R_P': -1.09358639187283, 'cost_balance': np.float64(3.7928430536167173), 'R_T_ratio': 2.7519041178773894e-05, 'R_P_ratio': -4.912685368309145e-05}
Training Iteration 347
Collecting Episode 0
Collecting Episode 10
Collecting Episode 20
Collecting Episode 30
Finish Collecting Episodes in 43.50 seconds
avg value loss 540.2950354682075
Iteration 348/400 - Average Reward: 2.1256366937369524
{'AREA': np.float64(168159.33752719656), 'weighted_R_M': 7.052974129097695, 'weighted_R_T': 0.6067835539579391, 'weighted_R_P': -1.5831324259440105, 'cost_balance': np.float64(3.95098857359629), 'R_T_ratio': 1.3005809069975714e-05, 'R_P_ratio': -7.112668414650031e-05}
Training Iteration 348
Collecting Episode 0
Collecting Episode 10
Collecting Episode 20
Collecting Episode 30
Finish Collecting Episodes in 43.52 seconds
avg value loss 634.7082375420464
Iteration 349/400 - Average Reward: 2.9701430584924915
{'AREA': np.float64(179903.86180537398), 'weighted_R_M': 7.517498676713633, 'weighted_R_T': 0.7423928363455666, 'weighted_R_P': -1.5501539442274306, 'cost_balance': np.float64(3.739594521599382), 'R_T_ratio': 1.5901226029485516e-05, 'R_P_ratio': -6.962354723504137e-05}
Training Iteration 349
Collecting Episode 0
Collecting Episode 10
Collecting Episode 20
Collecting Episode 30
Finish Collecting Episodes in 43.52 seconds
avg value loss 421.80952792697485
Iteration 350/400 - Average Reward: 2.9581919860663928
{'AREA': np.float64(174054.25299896213), 'weighted_R_M': 7.198633249939626, 'weighted_R_T': 0.9506280604335997, 'weighted_R_P': -1.3338673909505208, 'cost_balance': np.float64(3.85720193076278), 'R_T_ratio': 2.037709672003982e-05, 'R_P_ratio': -5.987614239849306e-05}
Training Iteration 350
Collecting Episode 0
Collecting Episode 10
Collecting Episode 20
Collecting Episode 30
Finish Collecting Episodes in 43.60 seconds
avg value loss 398.0808096991645
Iteration 351/400 - Average Reward: 3.380893080986829
{'AREA': np.float64(174937.46350797528), 'weighted_R_M': 7.255904745536908, 'weighted_R_T': 1.2444684108098347, 'weighted_R_P': -1.158953348795573, 'cost_balance': np.float64(3.960526719691779), 'R_T_ratio': 2.6680320641036477e-05, 'R_P_ratio': -5.203809508965645e-05}
Training Iteration 351
Collecting Episode 0
Collecting Episode 10
Collecting Episode 20
Collecting Episode 30
Finish Collecting Episodes in 43.51 seconds
avg value loss 478.2769203186035
Iteration 352/400 - Average Reward: 3.0647969462055094
{'AREA': np.float64(171333.0300570688), 'weighted_R_M': 7.312243175878797, 'weighted_R_T': 0.935110792517662, 'weighted_R_P': -1.2938936021592882, 'cost_balance': np.float64(3.8886634250845966), 'R_T_ratio': 2.00331637382509e-05, 'R_P_ratio': -5.8113119249642635e-05}
Training Iteration 352
Collecting Episode 0
Collecting Episode 10
Collecting Episode 20
Collecting Episode 30
Finish Collecting Episodes in 43.56 seconds
avg value loss 500.92748769124347
Iteration 353/400 - Average Reward: 2.8423281795500466
{'AREA': np.float64(172114.8848752391), 'weighted_R_M': 7.015424144810014, 'weighted_R_T': 0.9567923810746934, 'weighted_R_P': -1.2498135036892362, 'cost_balance': np.float64(3.880074812150925), 'R_T_ratio': 2.05213902585957e-05, 'R_P_ratio': -5.612776502569552e-05}
Training Iteration 353
Collecting Episode 0
Collecting Episode 10
Collecting Episode 20
Collecting Episode 30
Finish Collecting Episodes in 43.55 seconds
avg value loss 580.6374231974283
Iteration 354/400 - Average Reward: 3.1356763107339956
{'AREA': np.float64(165995.32746108767), 'weighted_R_M': 6.967204525255107, 'weighted_R_T': 1.2524668127298355, 'weighted_R_P': -1.0908949110243056, 'cost_balance': np.float64(3.993100106545784), 'R_T_ratio': 2.6858398062225132e-05, 'R_P_ratio': -4.8969174787715726e-05}
Training Iteration 354
Collecting Episode 0
Collecting Episode 10
Collecting Episode 20
Collecting Episode 30
Finish Collecting Episodes in 43.63 seconds
avg value loss 524.8478893703884
Iteration 355/400 - Average Reward: 3.743862644614031
{'AREA': np.float64(173689.86556377684), 'weighted_R_M': 7.18111823694158, 'weighted_R_T': 1.405016005039215, 'weighted_R_P': -1.0398245917426214, 'cost_balance': np.float64(3.802446988374667), 'R_T_ratio': 3.0134120465159014e-05, 'R_P_ratio': -4.6694282072419333e-05}
Training Iteration 355
Collecting Episode 0
Collecting Episode 10
Collecting Episode 20
Collecting Episode 30
Finish Collecting Episodes in 43.55 seconds
avg value loss 833.6201892428928
Iteration 356/400 - Average Reward: 2.702347928386492
{'AREA': np.float64(173396.4696223858), 'weighted_R_M': 7.200168336856425, 'weighted_R_T': 0.7951524489455752, 'weighted_R_P': -1.4523756239149306, 'cost_balance': np.float64(3.840597224627409), 'R_T_ratio': 1.703647037866925e-05, 'R_P_ratio': -6.522127304663579e-05}
Training Iteration 356
Collecting Episode 0
Collecting Episode 10
Collecting Episode 20
Collecting Episode 30
Finish Collecting Episodes in 43.54 seconds
avg value loss 437.0648439195421
Iteration 357/400 - Average Reward: 3.094039703771058
{'AREA': np.float64(179012.54622498812), 'weighted_R_M': 7.523881319776491, 'weighted_R_T': 0.7342509941922294, 'weighted_R_P': -1.513111538357205, 'cost_balance': np.float64(3.6509810852271394), 'R_T_ratio': 1.5722570614415706e-05, 'R_P_ratio': -6.794047661631521e-05}
Training Iteration 357
Collecting Episode 0
Collecting Episode 10
Collecting Episode 20
Collecting Episode 30
Finish Collecting Episodes in 43.57 seconds
avg value loss 520.5947019788954
Iteration 358/400 - Average Reward: 2.733888432642238
{'AREA': np.float64(174834.93218482364), 'weighted_R_M': 7.149096658087931, 'weighted_R_T': 0.8904596567153931, 'weighted_R_P': -1.4109836154513888, 'cost_balance': np.float64(3.894684281192992), 'R_T_ratio': 1.9077188646450373e-05, 'R_P_ratio': -6.334871830593336e-05}
Training Iteration 358
Collecting Episode 0
Collecting Episode 10
Collecting Episode 20
Collecting Episode 30
Finish Collecting Episodes in 43.56 seconds
avg value loss 477.57317479451496
Iteration 359/400 - Average Reward: 2.0551615259610116
{'AREA': np.float64(180800.47434175143), 'weighted_R_M': 7.273732072562173, 'weighted_R_T': 0.3175327761305703, 'weighted_R_P': -1.7239515516493056, 'cost_balance': np.float64(3.81215175849563), 'R_T_ratio': 6.781259010651346e-06, 'R_P_ratio': -7.743092601232416e-05}
Training Iteration 359
Collecting Episode 0
Collecting Episode 10
Collecting Episode 20
Collecting Episode 30
Finish Collecting Episodes in 43.57 seconds
avg value loss 583.5410219828287
Iteration 360/400 - Average Reward: 2.5518930332683443
{'AREA': np.float64(169508.82499635144), 'weighted_R_M': 7.015465827718597, 'weighted_R_T': 0.787348167763816, 'weighted_R_P': -1.28985595703125, 'cost_balance': np.float64(3.9610650034389314), 'R_T_ratio': 1.6877131660711672e-05, 'R_P_ratio': -5.7934455745614314e-05}
Checkpoint saved to checkpoints/ckpt_normal_gnn_l1_bal_single_360_2.55.pt
Training Iteration 360
Collecting Episode 0
Collecting Episode 10
Collecting Episode 20
Collecting Episode 30
Finish Collecting Episodes in 43.56 seconds
avg value loss 461.90216149224176
Iteration 361/400 - Average Reward: 2.770354838213987
{'AREA': np.float64(172973.76909656113), 'weighted_R_M': 7.184947297307695, 'weighted_R_T': 0.7336613618665271, 'weighted_R_P': -1.376355489095052, 'cost_balance': np.float64(3.7718983131803085), 'R_T_ratio': 1.5714444946120078e-05, 'R_P_ratio': -6.17916299975812e-05}
Training Iteration 361
Collecting Episode 0
Collecting Episode 10
Collecting Episode 20
Collecting Episode 30
Finish Collecting Episodes in 43.56 seconds
avg value loss 468.4801610310872
Iteration 362/400 - Average Reward: 3.2915001461321176
{'AREA': np.float64(177989.9121904465), 'weighted_R_M': 7.280273331719703, 'weighted_R_T': 1.0760933574703004, 'weighted_R_P': -1.305100335015191, 'cost_balance': np.float64(3.7597662037458286), 'R_T_ratio': 2.3071758237328915e-05, 'R_P_ratio': -5.8604664497110795e-05}
Training Iteration 362
Collecting Episode 0
Collecting Episode 10
Collecting Episode 20
Collecting Episode 30
Finish Collecting Episodes in 43.56 seconds
avg value loss 626.4535344441732
Iteration 363/400 - Average Reward: 2.8991517501934947
{'AREA': np.float64(172742.84203040955), 'weighted_R_M': 7.084348460969825, 'weighted_R_T': 1.0205941928757563, 'weighted_R_P': -1.3108800252278645, 'cost_balance': np.float64(3.894910869496106), 'R_T_ratio': 2.187872704724018e-05, 'R_P_ratio': -5.8869812479779414e-05}
Training Iteration 363
Collecting Episode 0
Collecting Episode 10
Collecting Episode 20
Collecting Episode 30
Finish Collecting Episodes in 43.67 seconds
avg value loss 503.93062761094836
Iteration 364/400 - Average Reward: 2.7817707208709583
{'AREA': np.float64(185399.41018826616), 'weighted_R_M': 7.5454877602411825, 'weighted_R_T': 0.5670493973626031, 'weighted_R_P': -1.7384847005208333, 'cost_balance': np.float64(3.5922817150270467), 'R_T_ratio': 1.2138567499165988e-05, 'R_P_ratio': -7.807548985918868e-05}
Training Iteration 364
Collecting Episode 0
Collecting Episode 10
Collecting Episode 20
Collecting Episode 30
Finish Collecting Episodes in 43.55 seconds
avg value loss 485.7249069213867
Iteration 365/400 - Average Reward: 2.526891064028152
{'AREA': np.float64(172863.3055140442), 'weighted_R_M': 7.184810282191999, 'weighted_R_T': 0.7548938625388675, 'weighted_R_P': -1.5200525919596355, 'cost_balance': np.float64(3.892760468001753), 'R_T_ratio': 1.6170174788458934e-05, 'R_P_ratio': -6.824929647506534e-05}
Training Iteration 365
Collecting Episode 0
Collecting Episode 10
Collecting Episode 20
Collecting Episode 30
Finish Collecting Episodes in 43.55 seconds
avg value loss 511.88916354709204
Iteration 366/400 - Average Reward: 2.536538814479071
{'AREA': np.float64(172162.73447846153), 'weighted_R_M': 7.070353635822863, 'weighted_R_T': 0.822675304280387, 'weighted_R_P': -1.5056067572699652, 'cost_balance': np.float64(3.85088333707629), 'R_T_ratio': 1.7632959058001675e-05, 'R_P_ratio': -6.761444776273408e-05}
Training Iteration 366
Collecting Episode 0
Collecting Episode 10
Collecting Episode 20
Collecting Episode 30
Finish Collecting Episodes in 43.55 seconds
avg value loss 374.182605319553
Iteration 367/400 - Average Reward: 2.763553345291358
{'AREA': np.float64(169736.80734281195), 'weighted_R_M': 7.237909476474872, 'weighted_R_T': 0.7858820706605911, 'weighted_R_P': -1.3530612521701388, 'cost_balance': np.float64(3.9071769470438165), 'R_T_ratio': 1.6833779892514816e-05, 'R_P_ratio': -6.077096885364249e-05}
Training Iteration 367
Collecting Episode 0
Collecting Episode 10
Collecting Episode 20
Collecting Episode 30
Finish Collecting Episodes in 43.64 seconds
avg value loss 635.2753855387369
Iteration 368/400 - Average Reward: 2.2583724530931146
{'AREA': np.float64(173492.00084989285), 'weighted_R_M': 7.285441716117526, 'weighted_R_T': 0.48938475880357957, 'weighted_R_P': -1.6705720689561632, 'cost_balance': np.float64(3.8458819524656525), 'R_T_ratio': 1.047966070754574e-05, 'R_P_ratio': -7.503152208906651e-05}
Training Iteration 368
Collecting Episode 0
Collecting Episode 10
Collecting Episode 20
Collecting Episode 30
Finish Collecting Episodes in 43.55 seconds
avg value loss 415.20916027492945
Iteration 369/400 - Average Reward: 1.400980282212711
{'AREA': np.float64(175321.28351098773), 'weighted_R_M': 7.019930702011253, 'weighted_R_T': 0.19974861376815373, 'weighted_R_P': -1.9986207750108507, 'cost_balance': np.float64(3.8200782246571214), 'R_T_ratio': 4.2645287887789334e-06, 'R_P_ratio': -8.977405945032046e-05}
Training Iteration 369
Collecting Episode 0
Collecting Episode 10
Collecting Episode 20
Collecting Episode 30
Finish Collecting Episodes in 43.55 seconds
avg value loss 404.0284237331814
Iteration 370/400 - Average Reward: 2.7880941045004874
{'AREA': np.float64(171020.77264981793), 'weighted_R_M': 7.134106689213594, 'weighted_R_T': 0.9264271259307861, 'weighted_R_P': -1.401792738172743, 'cost_balance': np.float64(3.870646981710164), 'R_T_ratio': 1.9858940466009765e-05, 'R_P_ratio': -6.29298242479802e-05}
Training Iteration 370
Collecting Episode 0
Collecting Episode 10
Collecting Episode 20
Collecting Episode 30
Finish Collecting Episodes in 43.56 seconds
avg value loss 583.3958129882812
Iteration 371/400 - Average Reward: 2.9555509651028036
{'AREA': np.float64(167115.91594521122), 'weighted_R_M': 7.316486013128371, 'weighted_R_T': 0.892298087477684, 'weighted_R_P': -1.3333384195963542, 'cost_balance': np.float64(3.919894689256164), 'R_T_ratio': 1.911299285228818e-05, 'R_P_ratio': -5.9848050343628646e-05}
Training Iteration 371
Collecting Episode 0
Collecting Episode 10
Collecting Episode 20
Collecting Episode 30
Finish Collecting Episodes in 43.56 seconds
avg value loss 619.5287958780924
Iteration 372/400 - Average Reward: 2.4676546010240497
{'AREA': np.float64(170206.95075191895), 'weighted_R_M': 7.2547625414186365, 'weighted_R_T': 0.6244637784030702, 'weighted_R_P': -1.4928580390082464, 'cost_balance': np.float64(3.918713666525027), 'R_T_ratio': 1.3363720164274698e-05, 'R_P_ratio': -6.701691062269144e-05}
Training Iteration 372
Collecting Episode 0
Collecting Episode 10
Collecting Episode 20
Collecting Episode 30
Finish Collecting Episodes in 43.56 seconds
avg value loss 448.5337922837999
Iteration 373/400 - Average Reward: 3.426631905707634
{'AREA': np.float64(176922.0342898973), 'weighted_R_M': 7.562056705376664, 'weighted_R_T': 0.952714227967792, 'weighted_R_P': -1.2857284545898438, 'cost_balance': np.float64(3.802410564334039), 'R_T_ratio': 2.0403563139382976e-05, 'R_P_ratio': -5.7747311804794916e-05}
Training Iteration 373
Collecting Episode 0
Collecting Episode 10
Collecting Episode 20
Collecting Episode 30
Finish Collecting Episodes in 43.56 seconds
avg value loss 340.45324283176
Iteration 374/400 - Average Reward: 2.6273060858560107
{'AREA': np.float64(175313.61637678725), 'weighted_R_M': 7.151794279191462, 'weighted_R_T': 0.8638741258117888, 'weighted_R_P': -1.4706785413953993, 'cost_balance': np.float64(3.917683770527609), 'R_T_ratio': 1.850737625877816e-05, 'R_P_ratio': -6.602285354213711e-05}
Training Iteration 374
Collecting Episode 0
Collecting Episode 10
Collecting Episode 20
Collecting Episode 30
Finish Collecting Episodes in 43.55 seconds
avg value loss 339.942330678304
Iteration 375/400 - Average Reward: 3.249718520919689
{'AREA': np.float64(168873.39005106845), 'weighted_R_M': 7.156950896300259, 'weighted_R_T': 1.1480804549323187, 'weighted_R_P': -1.0643141004774306, 'cost_balance': np.float64(3.9909987424016373), 'R_T_ratio': 2.460951659915494e-05, 'R_P_ratio': -4.7793513797436374e-05}
Training Iteration 375
Collecting Episode 0
Collecting Episode 10
Collecting Episode 20
Collecting Episode 30
Finish Collecting Episodes in 43.57 seconds
avg value loss 333.2979969448513
Iteration 376/400 - Average Reward: 2.527713445480913
{'AREA': np.float64(180147.7932999417), 'weighted_R_M': 7.560844681283925, 'weighted_R_T': 0.4314097265402476, 'weighted_R_P': -1.7619171142578125, 'cost_balance': np.float64(3.702623836121824), 'R_T_ratio': 9.218896358915214e-06, 'R_P_ratio': -7.91422818397996e-05}
Training Iteration 376
Collecting Episode 0
Collecting Episode 10
Collecting Episode 20
Collecting Episode 30
Finish Collecting Episodes in 43.66 seconds
avg value loss 477.56593068440753
Iteration 377/400 - Average Reward: 3.4419881080587706
{'AREA': np.float64(172293.09023662045), 'weighted_R_M': 7.320759047016812, 'weighted_R_T': 1.2199893163310156, 'weighted_R_P': -1.200733608669705, 'cost_balance': np.float64(3.898026639503045), 'R_T_ratio': 2.6172130312122437e-05, 'R_P_ratio': -5.399341114648632e-05}
Training Iteration 377
Collecting Episode 0
Collecting Episode 10
Collecting Episode 20
Collecting Episode 30
Finish Collecting Episodes in 43.54 seconds
avg value loss 301.758783976237
Iteration 378/400 - Average Reward: 3.554628679063171
{'AREA': np.float64(175303.98550919883), 'weighted_R_M': 7.312966102135963, 'weighted_R_T': 1.2404699342118368, 'weighted_R_P': -1.1693649291992188, 'cost_balance': np.float64(3.8294424406215715), 'R_T_ratio': 2.6589076692568663e-05, 'R_P_ratio': -5.2500659325117725e-05}
Training Iteration 378
Collecting Episode 0
Collecting Episode 10
Collecting Episode 20
Collecting Episode 30
Finish Collecting Episodes in 43.56 seconds
avg value loss 403.1759096781413
Iteration 379/400 - Average Reward: 2.8739957086121044
{'AREA': np.float64(173932.55339687373), 'weighted_R_M': 7.354571462589472, 'weighted_R_T': 0.8077157868279351, 'weighted_R_P': -1.4506869845920138, 'cost_balance': np.float64(3.837604577006025), 'R_T_ratio': 1.7309110286735836e-05, 'R_P_ratio': -6.516479586756964e-05}
Training Iteration 379
Collecting Episode 0
Collecting Episode 10
Collecting Episode 20
Collecting Episode 30
Finish Collecting Episodes in 43.57 seconds
avg value loss 675.1407008700901
Iteration 380/400 - Average Reward: 2.5474904243472136
{'AREA': np.float64(174873.27862465024), 'weighted_R_M': 7.29875831713596, 'weighted_R_T': 0.7074061185121536, 'weighted_R_P': -1.579575432671441, 'cost_balance': np.float64(3.8790985786860586), 'R_T_ratio': 1.5152547692576235e-05, 'R_P_ratio': -7.093938373904497e-05}
Checkpoint saved to checkpoints/ckpt_normal_gnn_l1_bal_single_380_2.55.pt
Training Iteration 380
Collecting Episode 0
Collecting Episode 10
Collecting Episode 20
Collecting Episode 30
Finish Collecting Episodes in 43.65 seconds
avg value loss 638.0116076999241
Iteration 381/400 - Average Reward: 3.4454492278293603
{'AREA': np.float64(180280.6132967283), 'weighted_R_M': 7.645513153786952, 'weighted_R_T': 0.9811222602923712, 'weighted_R_P': -1.5449574788411458, 'cost_balance': np.float64(3.63622870342619), 'R_T_ratio': 2.102906283743236e-05, 'R_P_ratio': -6.93769422282991e-05}
Training Iteration 381
Collecting Episode 0
Collecting Episode 10
Collecting Episode 20
Collecting Episode 30
Finish Collecting Episodes in 43.55 seconds
avg value loss 673.1383798387316
Iteration 382/400 - Average Reward: 2.9050914713750697
{'AREA': np.float64(171842.69010379922), 'weighted_R_M': 7.264934547285924, 'weighted_R_T': 0.8833246926466624, 'weighted_R_P': -1.3960147433810763, 'cost_balance': np.float64(3.8471530168741404), 'R_T_ratio': 1.8932377746293403e-05, 'R_P_ratio': -6.269388568800389e-05}
Training Iteration 382
Collecting Episode 0
Collecting Episode 10
Collecting Episode 20
Collecting Episode 30
Finish Collecting Episodes in 43.59 seconds
avg value loss 482.8134460449219
Iteration 383/400 - Average Reward: 3.0145310350538543
{'AREA': np.float64(178070.10977253853), 'weighted_R_M': 7.5491284576160576, 'weighted_R_T': 0.7753121753533682, 'weighted_R_P': -1.5735990736219618, 'cost_balance': np.float64(3.7363105079743075), 'R_T_ratio': 1.6617137516500906e-05, 'R_P_ratio': -7.070424188777692e-05}
Training Iteration 383
Collecting Episode 0
Collecting Episode 10
Collecting Episode 20
Collecting Episode 30
Finish Collecting Episodes in 43.59 seconds
avg value loss 735.2397338019478
Iteration 384/400 - Average Reward: 3.0374922552404717
{'AREA': np.float64(181966.91864934357), 'weighted_R_M': 7.5040111806075505, 'weighted_R_T': 0.7430838677618239, 'weighted_R_P': -1.5019438001844618, 'cost_balance': np.float64(3.7076590101990963), 'R_T_ratio': 1.5930465690785737e-05, 'R_P_ratio': -6.748505182273422e-05}
Training Iteration 384
Collecting Episode 0
Collecting Episode 10
Collecting Episode 20
Collecting Episode 30
Finish Collecting Episodes in 43.56 seconds
avg value loss 508.6689198811849
Iteration 385/400 - Average Reward: 2.802606923609144
{'AREA': np.float64(178380.2507916741), 'weighted_R_M': 7.46009602712325, 'weighted_R_T': 0.7310609072446823, 'weighted_R_P': -1.6286536322699652, 'cost_balance': np.float64(3.759896326118058), 'R_T_ratio': 1.565256373219544e-05, 'R_P_ratio': -7.314095926484897e-05}
Training Iteration 385
Collecting Episode 0
Collecting Episode 10
Collecting Episode 20
Collecting Episode 30
Finish Collecting Episodes in 43.56 seconds
avg value loss 429.0246942308214
Iteration 386/400 - Average Reward: 2.7749616257432432
{'AREA': np.float64(166684.36454288114), 'weighted_R_M': 7.0430096995421785, 'weighted_R_T': 1.0595836987098057, 'weighted_R_P': -1.3296822441948786, 'cost_balance': np.float64(3.997949529968613), 'R_T_ratio': 2.2713874747874268e-05, 'R_P_ratio': -5.9707188141022716e-05}
Training Iteration 386
Collecting Episode 0
Collecting Episode 10
Collecting Episode 20
Collecting Episode 30
Finish Collecting Episodes in 43.56 seconds
avg value loss 487.2169494628906
Iteration 387/400 - Average Reward: 3.4996072872179664
{'AREA': np.float64(180634.46381725173), 'weighted_R_M': 7.815055565782434, 'weighted_R_T': 0.8851457320981555, 'weighted_R_P': -1.6387032402886286, 'cost_balance': np.float64(3.5618907778846483), 'R_T_ratio': 1.8972951753922402e-05, 'R_P_ratio': -7.360992776516017e-05}
Training Iteration 387
Collecting Episode 0
Collecting Episode 10
Collecting Episode 20
Collecting Episode 30
Finish Collecting Episodes in 43.55 seconds
avg value loss 392.5663842095269
Iteration 388/400 - Average Reward: 2.6926517732079245
{'AREA': np.float64(177759.66242735984), 'weighted_R_M': 7.4884742940832645, 'weighted_R_T': 0.651960571606954, 'weighted_R_P': -1.575791252983941, 'cost_balance': np.float64(3.8719918227001853), 'R_T_ratio': 1.3956732479638826e-05, 'R_P_ratio': -7.076996687698727e-05}
Training Iteration 388
Collecting Episode 0
Collecting Episode 10
Collecting Episode 20
Collecting Episode 30
Finish Collecting Episodes in 43.64 seconds
avg value loss 628.0639118618435
Iteration 389/400 - Average Reward: 2.5545982994760075
{'AREA': np.float64(174149.38113081214), 'weighted_R_M': 7.256752447242131, 'weighted_R_T': 0.7194769067896737, 'weighted_R_P': -1.6043472290039062, 'cost_balance': np.float64(3.817283802798393), 'R_T_ratio': 1.5402596084947613e-05, 'R_P_ratio': -7.204099056939972e-05}
Training Iteration 389
Collecting Episode 0
Collecting Episode 10
Collecting Episode 20
Collecting Episode 30
Finish Collecting Episodes in 43.56 seconds
avg value loss 497.5710932413737
Iteration 390/400 - Average Reward: 2.824155655068656
{'AREA': np.float64(175025.40545120294), 'weighted_R_M': 7.414793774876873, 'weighted_R_T': 0.7932922823561562, 'weighted_R_P': -1.5478846232096355, 'cost_balance': np.float64(3.836045784517356), 'R_T_ratio': 1.7018253630235458e-05, 'R_P_ratio': -6.957635658396318e-05}
Training Iteration 390
Collecting Episode 0
Collecting Episode 10
Collecting Episode 20
Collecting Episode 30
Finish Collecting Episodes in 43.59 seconds
avg value loss 481.96983422173395
Iteration 391/400 - Average Reward: 3.385857271082285
{'AREA': np.float64(170063.91793401504), 'weighted_R_M': 7.124160762003157, 'weighted_R_T': 1.392927850286166, 'weighted_R_P': -1.1335262722439237, 'cost_balance': np.float64(3.997705049906208), 'R_T_ratio': 2.9884123252758393e-05, 'R_P_ratio': -5.090433267763212e-05}
Training Iteration 391
Collecting Episode 0
Collecting Episode 10
Collecting Episode 20
Collecting Episode 30
Finish Collecting Episodes in 43.55 seconds
avg value loss 521.0313097635905
Iteration 392/400 - Average Reward: 3.178122795574988
{'AREA': np.float64(177312.2530031976), 'weighted_R_M': 7.4343257164040955, 'weighted_R_T': 0.965528205037117, 'weighted_R_P': -1.4009340074327257, 'cost_balance': np.float64(3.8207971109488614), 'R_T_ratio': 2.0700491164420904e-05, 'R_P_ratio': -6.292660179643078e-05}
Training Iteration 392
Collecting Episode 0
Collecting Episode 10
Collecting Episode 20
Collecting Episode 30
Finish Collecting Episodes in 43.59 seconds
avg value loss 382.1944508022732
Iteration 393/400 - Average Reward: 2.9708266717692218
{'AREA': np.float64(180324.7397950533), 'weighted_R_M': 7.439501469442297, 'weighted_R_T': 0.8327265448040433, 'weighted_R_P': -1.5052049424913194, 'cost_balance': np.float64(3.7961963981876385), 'R_T_ratio': 1.784720376596691e-05, 'R_P_ratio': -6.762224490482656e-05}
Training Iteration 393
Collecting Episode 0
Collecting Episode 10
Collecting Episode 20
Collecting Episode 30
Finish Collecting Episodes in 43.52 seconds
avg value loss 306.9385748969184
Iteration 394/400 - Average Reward: 3.276011464987985
{'AREA': np.float64(175298.41340628723), 'weighted_R_M': 7.550036413195711, 'weighted_R_T': 1.0125030626853306, 'weighted_R_P': -1.4832831488715277, 'cost_balance': np.float64(3.803244873578247), 'R_T_ratio': 2.1705376610910616e-05, 'R_P_ratio': -6.660970538919601e-05}
Training Iteration 394
Collecting Episode 0
Collecting Episode 10
Collecting Episode 20
Collecting Episode 30
Finish Collecting Episodes in 43.50 seconds
avg value loss 298.0900925530328
Iteration 395/400 - Average Reward: 2.502402797470697
{'AREA': np.float64(164234.36352951013), 'weighted_R_M': 7.1008956316865, 'weighted_R_T': 0.8581893212265439, 'weighted_R_P': -1.4648996988932292, 'cost_balance': np.float64(3.9917824650096114), 'R_T_ratio': 1.8387138258980764e-05, 'R_P_ratio': -6.575267076137154e-05}
Training Iteration 395
Collecting Episode 0
Collecting Episode 10
Collecting Episode 20
Collecting Episode 30
Finish Collecting Episodes in 43.51 seconds
avg value loss 347.4218970404731
Iteration 396/400 - Average Reward: 2.1912027556293956
{'AREA': np.float64(176387.63417943456), 'weighted_R_M': 7.460333626513602, 'weighted_R_T': 0.403827460275756, 'weighted_R_P': -1.9048504299587674, 'cost_balance': np.float64(3.7681079109541082), 'R_T_ratio': 8.63665167668806e-06, 'R_P_ratio': -8.553254150612626e-05}
Training Iteration 396
Collecting Episode 0
Collecting Episode 10
Collecting Episode 20
Collecting Episode 30
Finish Collecting Episodes in 43.51 seconds
avg value loss 310.1014887491862
Iteration 397/400 - Average Reward: 3.199213797123068
{'AREA': np.float64(178417.7823748142), 'weighted_R_M': 7.505177650962853, 'weighted_R_T': 0.9091467526223924, 'weighted_R_P': -1.4434229532877605, 'cost_balance': np.float64(3.771687620231067), 'R_T_ratio': 1.9479982440284704e-05, 'R_P_ratio': -6.479694892458365e-05}
Training Iteration 397
Collecting Episode 0
Collecting Episode 10
Collecting Episode 20
Collecting Episode 30
Finish Collecting Episodes in 43.50 seconds
avg value loss 471.06091690063477
Iteration 398/400 - Average Reward: 2.4198278775179967
{'AREA': np.float64(173682.44064609997), 'weighted_R_M': 7.253175937729086, 'weighted_R_T': 0.5908389124605391, 'weighted_R_P': -1.522934807671441, 'cost_balance': np.float64(3.90125216192101), 'R_T_ratio': 1.2645577102109327e-05, 'R_P_ratio': -6.839492823858107e-05}
Training Iteration 398
Collecting Episode 0
Collecting Episode 10
Collecting Episode 20
Collecting Episode 30
Finish Collecting Episodes in 43.52 seconds
avg value loss 462.81145011054144
Iteration 399/400 - Average Reward: 3.092043805789823
{'AREA': np.float64(175124.58991659674), 'weighted_R_M': 7.4904496057796575, 'weighted_R_T': 0.8380361232492659, 'weighted_R_P': -1.4447301228841145, 'cost_balance': np.float64(3.791711780201247), 'R_T_ratio': 1.7943840849129725e-05, 'R_P_ratio': -6.485652016695475e-05}
Training Iteration 399
Collecting Episode 0
Collecting Episode 10
Collecting Episode 20
Collecting Episode 30
Finish Collecting Episodes in 43.51 seconds
avg value loss 342.92791748046875
Iteration 400/400 - Average Reward: 2.8199098656833588
{'AREA': np.float64(171240.2701625874), 'weighted_R_M': 7.164789668290824, 'weighted_R_T': 0.9497342060009638, 'weighted_R_P': -1.4073579576280382, 'cost_balance': np.float64(3.8872560635633917), 'R_T_ratio': 2.034741396643601e-05, 'R_P_ratio': -6.316933840065498e-05}
Checkpoint saved to checkpoints/ckpt_normal_gnn_l1_bal_single_400_2.82.pt
