Loaded config: single_shared_attention
Recommendations (np.float64(260241.7340488243), np.float64(867472.4468294143))
LOAD shared Policy with Attention
Prepared to train 2000 iterations
Training Iteration 0
Collecting Episode 0
Collecting Episode 10
Collecting Episode 20
Collecting Episode 30
Collecting Episode 40
Collecting Episode 50
Collecting Episode 60
Finish Collecting Episodes in 91.62 seconds
avg value loss 52010.078721788195
Iteration 1/2000 - Average Reward: -1.0465794220734905
{'AREA': np.float64(172923.61538771508), 'weighted_R_M': 1.3801946033938495, 'weighted_R_T': -0.6291580705179108, 'weighted_R_P': 0.900734371609158, 'cost_balance': np.float64(2.6983503222464704), 'R_T_ratio': -1.8896611935819647e-05, 'R_P_ratio': 3.995183260809924e-05}
Training Iteration 1
Collecting Episode 0
Collecting Episode 10
Collecting Episode 20
Collecting Episode 30
Collecting Episode 40
Collecting Episode 50
Collecting Episode 60
Finish Collecting Episodes in 90.93 seconds
avg value loss 15330.797309027777
Iteration 2/2000 - Average Reward: -0.16431395565935722
{'AREA': np.float64(154971.9815552226), 'weighted_R_M': -0.13102345462428072, 'weighted_R_T': 0.22694727198945153, 'weighted_R_P': 2.955266316731771, 'cost_balance': np.float64(3.2155040937827537), 'R_T_ratio': 6.80177204878982e-06, 'R_P_ratio': 0.00013126728213806263}
Training Iteration 2
Collecting Episode 0
Collecting Episode 10
Collecting Episode 20
Collecting Episode 30
Collecting Episode 40
Collecting Episode 50
Collecting Episode 60
Finish Collecting Episodes in 90.94 seconds
avg value loss 10513.936204698352
Iteration 3/2000 - Average Reward: -0.1745509699297448
{'AREA': np.float64(150446.9128498183), 'weighted_R_M': -0.5042851858153072, 'weighted_R_T': 0.3668929760654767, 'weighted_R_P': 3.247542063395182, 'cost_balance': np.float64(3.2847008197867265), 'R_T_ratio': 1.101129136728428e-05, 'R_P_ratio': 0.00014420060724829042}
Training Iteration 3
Collecting Episode 0
Collecting Episode 10
Collecting Episode 20
Collecting Episode 30
Collecting Episode 40
Collecting Episode 50
Collecting Episode 60
Finish Collecting Episodes in 90.57 seconds
avg value loss 9974.263373480902
Iteration 4/2000 - Average Reward: 0.014164627600823425
{'AREA': np.float64(149098.35068768755), 'weighted_R_M': -0.6580270413013649, 'weighted_R_T': 0.39817454914251965, 'weighted_R_P': 3.34206051296658, 'cost_balance': np.float64(3.0680433873312154), 'R_T_ratio': 1.1950620936707685e-05, 'R_P_ratio': 0.00014839947710657922}
Training Iteration 4
Collecting Episode 0
Collecting Episode 10
Collecting Episode 20
Collecting Episode 30
Collecting Episode 40
Collecting Episode 50
Collecting Episode 60
Finish Collecting Episodes in 90.37 seconds
avg value loss 9227.258205837674
Iteration 5/2000 - Average Reward: 0.10086759292365362
{'AREA': np.float64(148237.1734489532), 'weighted_R_M': -0.6685530115804189, 'weighted_R_T': 0.4086239884297053, 'weighted_R_P': 3.3730218675401478, 'cost_balance': np.float64(3.0122252328366206), 'R_T_ratio': 1.2264215789026564e-05, 'R_P_ratio': 0.00014976556273474075}
Training Iteration 5
Collecting Episode 0
Collecting Episode 10
Collecting Episode 20
Collecting Episode 30
Collecting Episode 40
Collecting Episode 50
Collecting Episode 60
Finish Collecting Episodes in 90.67 seconds
avg value loss 6648.949462890625
Iteration 6/2000 - Average Reward: 0.20039514892656976
{'AREA': np.float64(148439.52103107894), 'weighted_R_M': -0.6959924234619798, 'weighted_R_T': 0.5229686680767272, 'weighted_R_P': 3.4602411058213978, 'cost_balance': np.float64(3.086822199219517), 'R_T_ratio': 1.569969568587484e-05, 'R_P_ratio': 0.00015361611553981993}
Training Iteration 6
Collecting Episode 0
Collecting Episode 10
Collecting Episode 20
Collecting Episode 30
Collecting Episode 40
Collecting Episode 50
Collecting Episode 60
Finish Collecting Episodes in 90.61 seconds
avg value loss 5566.068230523004
Iteration 7/2000 - Average Reward: 0.2419574841365425
{'AREA': np.float64(147890.8251044576), 'weighted_R_M': -0.5670792687140218, 'weighted_R_T': 0.4380139418774181, 'weighted_R_P': 3.456726498074002, 'cost_balance': np.float64(3.0857036861465432), 'R_T_ratio': 1.314306057643217e-05, 'R_P_ratio': 0.00015346142413381122}
Training Iteration 7
Collecting Episode 0
Collecting Episode 10
Collecting Episode 20
Collecting Episode 30
Collecting Episode 40
Collecting Episode 50
Collecting Episode 60
Finish Collecting Episodes in 90.67 seconds
avg value loss 4936.481072319879
Iteration 8/2000 - Average Reward: 0.3676499074273225
{'AREA': np.float64(149517.0616060464), 'weighted_R_M': -0.5762964498012985, 'weighted_R_T': 0.48874204854170483, 'weighted_R_P': 3.429234822591146, 'cost_balance': np.float64(2.9740305051006266), 'R_T_ratio': 1.467090664819537e-05, 'R_P_ratio': 0.00015224213994881176}
Training Iteration 8
Collecting Episode 0
Collecting Episode 10
Collecting Episode 20
Collecting Episode 30
Collecting Episode 40
Collecting Episode 50
Collecting Episode 60
Finish Collecting Episodes in 90.55 seconds
avg value loss 5701.705186631944
Iteration 9/2000 - Average Reward: 0.7117219347273931
{'AREA': np.float64(150179.22343974878), 'weighted_R_M': -0.6290425544334034, 'weighted_R_T': 0.6251420006155968, 'weighted_R_P': 3.5829344855414496, 'cost_balance': np.float64(2.8673120045005898), 'R_T_ratio': 1.8766767258485447e-05, 'R_P_ratio': 0.0001590469861531351}
Training Iteration 9
Collecting Episode 0
Collecting Episode 10
Collecting Episode 20
Collecting Episode 30
Collecting Episode 40
Collecting Episode 50
Collecting Episode 60
Finish Collecting Episodes in 90.28 seconds
avg value loss 4481.002305772569
Iteration 10/2000 - Average Reward: 0.28951737289834356
{'AREA': np.float64(145562.28064287698), 'weighted_R_M': -0.662072944676058, 'weighted_R_T': 0.6028802866737047, 'weighted_R_P': 3.4759402804904513, 'cost_balance': np.float64(3.1272302679593), 'R_T_ratio': 1.8100125491591717e-05, 'R_P_ratio': 0.0001543369539160406}
Training Iteration 10
Collecting Episode 0
Collecting Episode 10
Collecting Episode 20
Collecting Episode 30
Collecting Episode 40
Collecting Episode 50
Collecting Episode 60
Finish Collecting Episodes in 90.16 seconds
avg value loss 4846.755845811632
Iteration 11/2000 - Average Reward: 0.8315082783228718
{'AREA': np.float64(145152.60568186932), 'weighted_R_M': -0.6316434474166372, 'weighted_R_T': 0.7769905245966382, 'weighted_R_P': 3.7403640747070312, 'cost_balance': np.float64(3.0542028846094897), 'R_T_ratio': 2.333371980400228e-05, 'R_P_ratio': 0.00016599489344346383}
Training Iteration 11
Collecting Episode 0
Collecting Episode 10
Collecting Episode 20
Collecting Episode 30
Collecting Episode 40
Collecting Episode 50
Collecting Episode 60
Finish Collecting Episodes in 90.39 seconds
avg value loss 4045.3331841362847
Iteration 12/2000 - Average Reward: 0.4687541659352266
{'AREA': np.float64(151904.28430317895), 'weighted_R_M': -0.5158238369825389, 'weighted_R_T': 0.5447786922256151, 'weighted_R_P': 3.348183102077908, 'cost_balance': np.float64(2.9083837905186276), 'R_T_ratio': 1.635232139176231e-05, 'R_P_ratio': 0.00014868886091195458}
Training Iteration 12
Collecting Episode 0
Collecting Episode 10
Collecting Episode 20
Collecting Episode 30
Collecting Episode 40
Collecting Episode 50
Collecting Episode 60
Finish Collecting Episodes in 90.50 seconds
avg value loss 3883.81642320421
Iteration 13/2000 - Average Reward: 0.598583389306441
{'AREA': np.float64(150219.4716923522), 'weighted_R_M': -0.6312410984623461, 'weighted_R_T': 0.5589291039440367, 'weighted_R_P': 3.4802669949001737, 'cost_balance': np.float64(2.809371612539321), 'R_T_ratio': 1.6776798353490552e-05, 'R_P_ratio': 0.0001545199955493416}
Training Iteration 13
Collecting Episode 0
Collecting Episode 10
Collecting Episode 20
Collecting Episode 30
Collecting Episode 40
Collecting Episode 50
Collecting Episode 60
Finish Collecting Episodes in 90.44 seconds
avg value loss 4677.37336730957
Iteration 14/2000 - Average Reward: 0.489240638523673
{'AREA': np.float64(148950.3693987775), 'weighted_R_M': -0.7214399600421125, 'weighted_R_T': 0.6221917760041025, 'weighted_R_P': 3.5271377563476562, 'cost_balance': np.float64(2.93864894082701), 'R_T_ratio': 1.8681965104689396e-05, 'R_P_ratio': 0.0001565837306244501}
Training Iteration 14
Collecting Episode 0
Collecting Episode 10
Collecting Episode 20
Collecting Episode 30
Collecting Episode 40
Collecting Episode 50
Collecting Episode 60
Finish Collecting Episodes in 90.57 seconds
avg value loss 3935.668172200521
Iteration 15/2000 - Average Reward: 0.8399119656468328
{'AREA': np.float64(150606.36785302358), 'weighted_R_M': -0.5291930849290212, 'weighted_R_T': 0.6333681651287608, 'weighted_R_P': 3.5332323710123696, 'cost_balance': np.float64(2.797495483398942), 'R_T_ratio': 1.9016718387676293e-05, 'R_P_ratio': 0.0001568590301234623}
Training Iteration 15
Collecting Episode 0
Collecting Episode 10
Collecting Episode 20
Collecting Episode 30
Collecting Episode 40
Collecting Episode 50
Collecting Episode 60
Finish Collecting Episodes in 90.64 seconds
avg value loss 3464.801232231988
Iteration 16/2000 - Average Reward: 1.0307462467333406
{'AREA': np.float64(154230.32202882177), 'weighted_R_M': -0.6690314678491833, 'weighted_R_T': 0.6310838378138013, 'weighted_R_P': 3.5943145751953125, 'cost_balance': np.float64(2.525620693612603), 'R_T_ratio': 1.8946533249015556e-05, 'R_P_ratio': 0.00015954787284762814}
Training Iteration 16
Collecting Episode 0
Collecting Episode 10
Collecting Episode 20
Collecting Episode 30
Collecting Episode 40
Collecting Episode 50
Collecting Episode 60
Finish Collecting Episodes in 90.51 seconds
avg value loss 3116.6522759331597
Iteration 17/2000 - Average Reward: 1.1389224098853044
{'AREA': np.float64(152133.70792448655), 'weighted_R_M': -0.5916676742571225, 'weighted_R_T': 0.7613815574182404, 'weighted_R_P': 3.7035920884874134, 'cost_balance': np.float64(2.7343835587100678), 'R_T_ratio': 2.2862291773192062e-05, 'R_P_ratio': 0.00016437734355399033}
Training Iteration 17
Collecting Episode 0
Collecting Episode 10
Collecting Episode 20
Collecting Episode 30
Collecting Episode 40
Collecting Episode 50
Collecting Episode 60
Finish Collecting Episodes in 90.48 seconds
avg value loss 3586.055497911241
Iteration 18/2000 - Average Reward: 1.383150605782349
{'AREA': np.float64(151667.76248597895), 'weighted_R_M': -0.6558227577557368, 'weighted_R_T': 0.7405199309190115, 'weighted_R_P': 3.8225021362304688, 'cost_balance': np.float64(2.5240487126258007), 'R_T_ratio': 2.2233647979217713e-05, 'R_P_ratio': 0.0001696372768842997}
Training Iteration 18
Collecting Episode 0
Collecting Episode 10
Collecting Episode 20
Collecting Episode 30
Collecting Episode 40
Collecting Episode 50
Collecting Episode 60
Finish Collecting Episodes in 90.59 seconds
avg value loss 2197.169474283854
Iteration 19/2000 - Average Reward: 1.0317439113342617
{'AREA': np.float64(150883.9151840065), 'weighted_R_M': -0.7170763609373252, 'weighted_R_T': 0.7491186261177063, 'weighted_R_P': 3.70157708062066, 'cost_balance': np.float64(2.701875436667075), 'R_T_ratio': 2.249464264389742e-05, 'R_P_ratio': 0.00016430437801289658}
Training Iteration 19
Collecting Episode 0
Collecting Episode 10
Collecting Episode 20
Collecting Episode 30
Collecting Episode 40
Collecting Episode 50
Collecting Episode 60
Finish Collecting Episodes in 90.71 seconds
avg value loss 2283.4287677341035
Iteration 20/2000 - Average Reward: 0.7849049003497284
{'AREA': np.float64(150764.39133308738), 'weighted_R_M': -0.7179257902035816, 'weighted_R_T': 0.6852123058504529, 'weighted_R_P': 3.602115207248264, 'cost_balance': np.float64(2.784496827381985), 'R_T_ratio': 2.0574792831394727e-05, 'R_P_ratio': 0.00015990612875800404}
Training Iteration 20
Collecting Episode 0
Collecting Episode 10
Collecting Episode 20
Collecting Episode 30
Collecting Episode 40
Collecting Episode 50
Collecting Episode 60
Finish Collecting Episodes in 90.67 seconds
avg value loss 3005.963629828559
Iteration 21/2000 - Average Reward: 0.9037741331913922
{'AREA': np.float64(153277.54506037154), 'weighted_R_M': -0.7487655514154944, 'weighted_R_T': 0.6395335205727153, 'weighted_R_P': 3.633943345811632, 'cost_balance': np.float64(2.620937178411988), 'R_T_ratio': 1.9200596638730787e-05, 'R_P_ratio': 0.00016130295996788193}
Training Iteration 21
Collecting Episode 0
Collecting Episode 10
Collecting Episode 20
Collecting Episode 30
Collecting Episode 40
Collecting Episode 50
Collecting Episode 60
Finish Collecting Episodes in 90.70 seconds
avg value loss 1351.897204928928
Iteration 22/2000 - Average Reward: 0.8421849334004542
{'AREA': np.float64(149238.7090949433), 'weighted_R_M': -0.6962568998461494, 'weighted_R_T': 0.690496526658535, 'weighted_R_P': 3.6314243740505643, 'cost_balance': np.float64(2.7834790640177256), 'R_T_ratio': 2.0733737077645463e-05, 'R_P_ratio': 0.0001612003622080755}
Training Iteration 22
Collecting Episode 0
Collecting Episode 10
Collecting Episode 20
Collecting Episode 30
Collecting Episode 40
Collecting Episode 50
Collecting Episode 60
Finish Collecting Episodes in 90.88 seconds
avg value loss 1708.3053792317708
Iteration 23/2000 - Average Reward: 0.9564874159146307
{'AREA': np.float64(148663.91182198902), 'weighted_R_M': -0.7490646742874864, 'weighted_R_T': 0.7276107668876648, 'weighted_R_P': 3.7223629421657987, 'cost_balance': np.float64(2.744421612147011), 'R_T_ratio': 2.185119534264504e-05, 'R_P_ratio': 0.00016519273621229402}
Training Iteration 23
Collecting Episode 0
Collecting Episode 10
Collecting Episode 20
Collecting Episode 30
Collecting Episode 40
Collecting Episode 50
Collecting Episode 60
Finish Collecting Episodes in 90.52 seconds
avg value loss 2142.382117377387
Iteration 24/2000 - Average Reward: 0.775848372668002
{'AREA': np.float64(148279.71296616053), 'weighted_R_M': -0.7237621820428709, 'weighted_R_T': 0.6726554905374845, 'weighted_R_P': 3.5822101169162326, 'cost_balance': np.float64(2.7552550548803767), 'R_T_ratio': 2.0198622744108416e-05, 'R_P_ratio': 0.00015902436455802102}
Training Iteration 24
Collecting Episode 0
Collecting Episode 10
Collecting Episode 20
Collecting Episode 30
Collecting Episode 40
Collecting Episode 50
Collecting Episode 60
Finish Collecting Episodes in 90.59 seconds
avg value loss 1281.9539608425564
Iteration 25/2000 - Average Reward: 1.0208069321557156
{'AREA': np.float64(150697.27452736656), 'weighted_R_M': -0.7309865863849659, 'weighted_R_T': 0.6746490382485919, 'weighted_R_P': 3.6978861490885415, 'cost_balance': np.float64(2.6207416741983613), 'R_T_ratio': 2.0255288807847895e-05, 'R_P_ratio': 0.00016413757356641904}
Training Iteration 25
Collecting Episode 0
Collecting Episode 10
Collecting Episode 20
Collecting Episode 30
Collecting Episode 40
Collecting Episode 50
Collecting Episode 60
Finish Collecting Episodes in 90.52 seconds
avg value loss 1663.8201531304253
Iteration 26/2000 - Average Reward: 0.8648745661290983
{'AREA': np.float64(148555.225318794), 'weighted_R_M': -0.7945704245579085, 'weighted_R_T': 0.7057924651437335, 'weighted_R_P': 3.7492828369140625, 'cost_balance': np.float64(2.7956303142514214), 'R_T_ratio': 2.119318527725764e-05, 'R_P_ratio': 0.0001663915212523934}
Training Iteration 26
Collecting Episode 0
Collecting Episode 10
Collecting Episode 20
Collecting Episode 30
Collecting Episode 40
Collecting Episode 50
Collecting Episode 60
Finish Collecting Episodes in 90.53 seconds
avg value loss 1580.6100794474285
Iteration 27/2000 - Average Reward: 0.7215811021871761
{'AREA': np.float64(147621.61941578108), 'weighted_R_M': -0.7248910342769805, 'weighted_R_T': 0.6811108647121323, 'weighted_R_P': 3.59133063422309, 'cost_balance': np.float64(2.8259693675684563), 'R_T_ratio': 2.0449420584907495e-05, 'R_P_ratio': 0.0001594370821439243}
Training Iteration 27
Collecting Episode 0
Collecting Episode 10
Collecting Episode 20
Collecting Episode 30
Collecting Episode 40
Collecting Episode 50
Collecting Episode 60
Finish Collecting Episodes in 90.47 seconds
avg value loss 1457.5994923909504
Iteration 28/2000 - Average Reward: 1.1516680060950522
{'AREA': np.float64(148412.8812069477), 'weighted_R_M': -0.7082563460163429, 'weighted_R_T': 0.7813770530952348, 'weighted_R_P': 3.754836188422309, 'cost_balance': np.float64(2.6762888921687993), 'R_T_ratio': 2.3465736980006633e-05, 'R_P_ratio': 0.00016663566987730317}
Training Iteration 28
Collecting Episode 0
Collecting Episode 10
Collecting Episode 20
Collecting Episode 30
Collecting Episode 40
Collecting Episode 50
Collecting Episode 60
Finish Collecting Episodes in 90.71 seconds
avg value loss 835.1855286492241
Iteration 29/2000 - Average Reward: 1.0991996672237292
{'AREA': np.float64(149258.62510923354), 'weighted_R_M': -0.7627014282788878, 'weighted_R_T': 0.7580903660919931, 'weighted_R_P': 3.8574947781032987, 'cost_balance': np.float64(2.753684050052664), 'R_T_ratio': 2.276311027980661e-05, 'R_P_ratio': 0.00017117852156802048}
Training Iteration 29
Collecting Episode 0
Collecting Episode 10
Collecting Episode 20
Collecting Episode 30
Collecting Episode 40
Collecting Episode 50
Collecting Episode 60
Finish Collecting Episodes in 91.04 seconds
avg value loss 815.6660300360786
Iteration 30/2000 - Average Reward: 1.0258387445032389
{'AREA': np.float64(149352.8697443255), 'weighted_R_M': -0.7787652300123429, 'weighted_R_T': 0.7065023399061627, 'weighted_R_P': 3.761757320827908, 'cost_balance': np.float64(2.6636556900312494), 'R_T_ratio': 2.1215305609012217e-05, 'R_P_ratio': 0.00016694695643745507}
Training Iteration 30
Collecting Episode 0
Collecting Episode 10
Collecting Episode 20
Collecting Episode 30
Collecting Episode 40
Collecting Episode 50
Collecting Episode 60
Finish Collecting Episodes in 90.29 seconds
avg value loss 385.23704783121747
Iteration 31/2000 - Average Reward: 0.835777251133954
{'AREA': np.float64(149822.810588088), 'weighted_R_M': -0.8131039612769908, 'weighted_R_T': 0.6948007891575495, 'weighted_R_P': 3.730613284640842, 'cost_balance': np.float64(2.7765328783762033), 'R_T_ratio': 2.0861798349323484e-05, 'R_P_ratio': 0.0001655653979781846}
Training Iteration 31
Collecting Episode 0
Collecting Episode 10
Collecting Episode 20
Collecting Episode 30
Collecting Episode 40
Collecting Episode 50
Collecting Episode 60
Finish Collecting Episodes in 89.93 seconds
avg value loss 453.14992268880206
Iteration 32/2000 - Average Reward: 1.4137516239619192
{'AREA': np.float64(152591.80151675906), 'weighted_R_M': -0.7207478378141887, 'weighted_R_T': 0.8164444524380896, 'weighted_R_P': 3.8895606994628906, 'cost_balance': np.float64(2.57150568620497), 'R_T_ratio': 2.4516603907672988e-05, 'R_P_ratio': 0.0001726013080681272}
Training Iteration 32
Collecting Episode 0
Collecting Episode 10
Collecting Episode 20
Collecting Episode 30
Collecting Episode 40
Collecting Episode 50
Collecting Episode 60
Finish Collecting Episodes in 89.96 seconds
avg value loss 478.5914018419054
Iteration 33/2000 - Average Reward: 1.6115553599859898
{'AREA': np.float64(152667.07972937), 'weighted_R_M': -0.7536188669571655, 'weighted_R_T': 0.7788681735595068, 'weighted_R_P': 3.9574813842773438, 'cost_balance': np.float64(2.3711753437823475), 'R_T_ratio': 2.3387246608191914e-05, 'R_P_ratio': 0.00017558737767977192}
Training Iteration 33
Collecting Episode 0
Collecting Episode 10
Collecting Episode 20
Collecting Episode 30
Collecting Episode 40
Collecting Episode 50
Collecting Episode 60
Finish Collecting Episodes in 90.03 seconds
avg value loss 530.8656705220541
Iteration 34/2000 - Average Reward: 1.6590817544622243
{'AREA': np.float64(151576.22610611015), 'weighted_R_M': -0.7367998423748455, 'weighted_R_T': 0.7984983838266797, 'weighted_R_P': 3.9518445332845054, 'cost_balance': np.float64(2.35446132957998), 'R_T_ratio': 2.3978698975369985e-05, 'R_P_ratio': 0.00017531565610519792}
Training Iteration 34
Collecting Episode 0
Collecting Episode 10
Collecting Episode 20
Collecting Episode 30
Collecting Episode 40
Collecting Episode 50
Collecting Episode 60
Finish Collecting Episodes in 89.78 seconds
avg value loss 1456.9205746120876
Iteration 35/2000 - Average Reward: 1.5456282551555585
{'AREA': np.float64(152699.76776779076), 'weighted_R_M': -0.7321186665744285, 'weighted_R_T': 0.8219992741942406, 'weighted_R_P': 3.9590445624457464, 'cost_balance': np.float64(2.503296918305985), 'R_T_ratio': 2.4686135955941563e-05, 'R_P_ratio': 0.00017565006936555902}
Training Iteration 35
Collecting Episode 0
Collecting Episode 10
Collecting Episode 20
Collecting Episode 30
Collecting Episode 40
Collecting Episode 50
Collecting Episode 60
Finish Collecting Episodes in 89.75 seconds
avg value loss 416.36753336588544
Iteration 36/2000 - Average Reward: 1.5911526075150404
{'AREA': np.float64(154278.59357309344), 'weighted_R_M': -0.573938230879321, 'weighted_R_T': 0.7098721754219797, 'weighted_R_P': 3.8702629937065973, 'cost_balance': np.float64(2.4150443329839146), 'R_T_ratio': 2.131418387323367e-05, 'R_P_ratio': 0.00017172189780716317}
Training Iteration 36
Collecting Episode 0
Collecting Episode 10
Collecting Episode 20
Collecting Episode 30
Collecting Episode 40
Collecting Episode 50
Collecting Episode 60
Finish Collecting Episodes in 89.56 seconds
avg value loss 427.8669391208225
Iteration 37/2000 - Average Reward: 1.1739079987681988
{'AREA': np.float64(148824.8404932311), 'weighted_R_M': -0.7288534738904168, 'weighted_R_T': 0.724314401547114, 'weighted_R_P': 3.7726156446668835, 'cost_balance': np.float64(2.594168579980112), 'R_T_ratio': 2.1747178808236166e-05, 'R_P_ratio': 0.0001674410569437241}
Training Iteration 37
Collecting Episode 0
Collecting Episode 10
Collecting Episode 20
Collecting Episode 30
Collecting Episode 40
Collecting Episode 50
Collecting Episode 60
Finish Collecting Episodes in 89.66 seconds
avg value loss 981.9153722127279
Iteration 38/2000 - Average Reward: 1.2944871962859503
{'AREA': np.float64(151499.726538816), 'weighted_R_M': -0.6416803887014895, 'weighted_R_T': 0.6658268264598317, 'weighted_R_P': 3.678807152642144, 'cost_balance': np.float64(2.4084663893040448), 'R_T_ratio': 1.9990640886623685e-05, 'R_P_ratio': 0.00016329431559924327}
Training Iteration 38
Collecting Episode 0
Collecting Episode 10
Collecting Episode 20
Collecting Episode 30
Collecting Episode 40
Collecting Episode 50
Collecting Episode 60
Finish Collecting Episodes in 89.47 seconds
avg value loss 490.8103247748481
Iteration 39/2000 - Average Reward: 1.2959203189950332
{'AREA': np.float64(153098.32917349754), 'weighted_R_M': -0.7169112201331195, 'weighted_R_T': 0.7115837393535508, 'weighted_R_P': 3.8627183702256946, 'cost_balance': np.float64(2.5614705731533984), 'R_T_ratio': 2.1366629260111125e-05, 'R_P_ratio': 0.0001713902582310689}
Training Iteration 39
Collecting Episode 0
Collecting Episode 10
Collecting Episode 20
Collecting Episode 30
Collecting Episode 40
Collecting Episode 50
Collecting Episode 60
Finish Collecting Episodes in 89.42 seconds
avg value loss 603.5731913248698
Iteration 40/2000 - Average Reward: 1.8482443841769256
{'AREA': np.float64(153985.44572685508), 'weighted_R_M': -0.7253399194894681, 'weighted_R_T': 0.8420941109458605, 'weighted_R_P': 4.0631968180338545, 'cost_balance': np.float64(2.3317066169941496), 'R_T_ratio': 2.5293019911383035e-05, 'R_P_ratio': 0.00018021733997919244}
Checkpoint saved to checkpoints/ckpt_single_shared_attention_40_1.85.pt
Training Iteration 40
Collecting Episode 0
Collecting Episode 10
Collecting Episode 20
Collecting Episode 30
Collecting Episode 40
Collecting Episode 50
Collecting Episode 60
Finish Collecting Episodes in 89.37 seconds
avg value loss 960.6704389784071
Iteration 41/2000 - Average Reward: 1.3272284689204146
{'AREA': np.float64(152746.46875198916), 'weighted_R_M': -0.693196953385369, 'weighted_R_T': 0.7077958434820175, 'weighted_R_P': 3.8130175272623696, 'cost_balance': np.float64(2.5003879538883584), 'R_T_ratio': 2.1251834740373954e-05, 'R_P_ratio': 0.00016921999642140965}
Training Iteration 41
Collecting Episode 0
Collecting Episode 10
Collecting Episode 20
Collecting Episode 30
Collecting Episode 40
Collecting Episode 50
Collecting Episode 60
Finish Collecting Episodes in 89.41 seconds
avg value loss 1618.2956983778213
Iteration 42/2000 - Average Reward: 1.6264229166748312
{'AREA': np.float64(153139.76323431288), 'weighted_R_M': -0.7626542434931657, 'weighted_R_T': 0.7785696329341995, 'weighted_R_P': 4.018870459662543, 'cost_balance': np.float64(2.4083629286146695), 'R_T_ratio': 2.3378125442520394e-05, 'R_P_ratio': 0.00017828724414329736}
Training Iteration 42
Collecting Episode 0
Collecting Episode 10
Collecting Episode 20
Collecting Episode 30
Collecting Episode 40
Collecting Episode 50
Collecting Episode 60
Finish Collecting Episodes in 89.28 seconds
avg value loss 596.5771959092882
Iteration 43/2000 - Average Reward: 1.41831896240021
{'AREA': np.float64(153567.76008175372), 'weighted_R_M': -0.7051575107267732, 'weighted_R_T': 0.7022565437687768, 'weighted_R_P': 3.880944569905599, 'cost_balance': np.float64(2.4597246557222054), 'R_T_ratio': 2.108530033124229e-05, 'R_P_ratio': 0.0001722002132941405}
Training Iteration 43
Collecting Episode 0
Collecting Episode 10
Collecting Episode 20
Collecting Episode 30
Collecting Episode 40
Collecting Episode 50
Collecting Episode 60
Finish Collecting Episodes in 89.31 seconds
avg value loss 1473.6254484388564
Iteration 44/2000 - Average Reward: 1.8693600030059718
{'AREA': np.float64(155260.9364681909), 'weighted_R_M': -0.7401885871170938, 'weighted_R_T': 0.8169064919153849, 'weighted_R_P': 4.088030073377821, 'cost_balance': np.float64(2.2953879585826367), 'R_T_ratio': 2.453210669168013e-05, 'R_P_ratio': 0.00018132865157961039}
Training Iteration 44
Collecting Episode 0
Collecting Episode 10
Collecting Episode 20
Collecting Episode 30
Collecting Episode 40
Collecting Episode 50
Collecting Episode 60
Finish Collecting Episodes in 89.44 seconds
avg value loss 808.670533074273
Iteration 45/2000 - Average Reward: 1.3586171497073438
{'AREA': np.float64(153075.62133982297), 'weighted_R_M': -0.6991299814858899, 'weighted_R_T': 0.6708357897069719, 'weighted_R_P': 3.815804375542535, 'cost_balance': np.float64(2.4288930426939084), 'R_T_ratio': 2.0142542794065094e-05, 'R_P_ratio': 0.00016932320385477158}
Training Iteration 45
Collecting Episode 0
Collecting Episode 10
Collecting Episode 20
Collecting Episode 30
Collecting Episode 40
Collecting Episode 50
Collecting Episode 60
Finish Collecting Episodes in 89.31 seconds
avg value loss 647.7185914781359
Iteration 46/2000 - Average Reward: 1.6168917165745773
{'AREA': np.float64(153661.6223963411), 'weighted_R_M': -0.7830762863550262, 'weighted_R_T': 0.777518790629175, 'weighted_R_P': 3.981573316786024, 'cost_balance': np.float64(2.3591241124979314), 'R_T_ratio': 2.3349241361862266e-05, 'R_P_ratio': 0.00017664237250962655}
Training Iteration 46
Collecting Episode 0
Collecting Episode 10
Collecting Episode 20
Collecting Episode 30
Collecting Episode 40
Collecting Episode 50
Collecting Episode 60
Finish Collecting Episodes in 89.45 seconds
avg value loss 959.6784023708767
Iteration 47/2000 - Average Reward: 1.507988243654836
{'AREA': np.float64(157737.89454757806), 'weighted_R_M': -0.7526501106117899, 'weighted_R_T': 0.7064288689030541, 'weighted_R_P': 3.848738776312934, 'cost_balance': np.float64(2.2945292953876804), 'R_T_ratio': 2.1210858321819386e-05, 'R_P_ratio': 0.00017078685667623914}
Training Iteration 47
Collecting Episode 0
Collecting Episode 10
Collecting Episode 20
Collecting Episode 30
Collecting Episode 40
Collecting Episode 50
Collecting Episode 60
Finish Collecting Episodes in 89.32 seconds
avg value loss 1130.4916195339626
Iteration 48/2000 - Average Reward: 1.9958228291102893
{'AREA': np.float64(159285.43690427204), 'weighted_R_M': -0.744756966038949, 'weighted_R_T': 0.7413731267054876, 'weighted_R_P': 4.053596920437283, 'cost_balance': np.float64(2.0543902461322068), 'R_T_ratio': 2.2262937150765686e-05, 'R_P_ratio': 0.00017979711682853303}
Training Iteration 48
Collecting Episode 0
Collecting Episode 10
Collecting Episode 20
Collecting Episode 30
Collecting Episode 40
Collecting Episode 50
Collecting Episode 60
Finish Collecting Episodes in 89.45 seconds
avg value loss 1569.102894253201
Iteration 49/2000 - Average Reward: 1.76286256093105
{'AREA': np.float64(156971.69306106455), 'weighted_R_M': -0.7425592388435689, 'weighted_R_T': 0.7618565319312943, 'weighted_R_P': 3.99576907687717, 'cost_balance': np.float64(2.252203811866368), 'R_T_ratio': 2.287694355199463e-05, 'R_P_ratio': 0.00017726548945890604}
Training Iteration 49
Collecting Episode 0
Collecting Episode 10
Collecting Episode 20
Collecting Episode 30
Collecting Episode 40
Collecting Episode 50
Collecting Episode 60
Finish Collecting Episodes in 89.32 seconds
avg value loss 2352.2066006130644
Iteration 50/2000 - Average Reward: 1.7703623744503905
{'AREA': np.float64(155361.544311373), 'weighted_R_M': -0.726389162206538, 'weighted_R_T': 0.7820745102233357, 'weighted_R_P': 3.9415562947591147, 'cost_balance': np.float64(2.226879260487286), 'R_T_ratio': 2.3485091910974758e-05, 'R_P_ratio': 0.0001748725003362619}
Training Iteration 50
Collecting Episode 0
Collecting Episode 10
Collecting Episode 20
Collecting Episode 30
Collecting Episode 40
Collecting Episode 50
Collecting Episode 60
Finish Collecting Episodes in 89.45 seconds
avg value loss 3387.345848083496
Iteration 51/2000 - Average Reward: 1.7997856406598456
{'AREA': np.float64(155940.43288692457), 'weighted_R_M': -0.7124433720014672, 'weighted_R_T': 0.8075922313663695, 'weighted_R_P': 4.059439765082465, 'cost_balance': np.float64(2.35480298515865), 'R_T_ratio': 2.4249957013160956e-05, 'R_P_ratio': 0.0001800763263102794}
Training Iteration 51
Collecting Episode 0
Collecting Episode 10
Collecting Episode 20
Collecting Episode 30
Collecting Episode 40
Collecting Episode 50
Collecting Episode 60
Finish Collecting Episodes in 89.35 seconds
avg value loss 422.1292567782932
Iteration 52/2000 - Average Reward: 1.9718897754986149
{'AREA': np.float64(153448.2615242131), 'weighted_R_M': -0.7866803811186602, 'weighted_R_T': 0.9040017094877031, 'weighted_R_P': 4.2304055955674915, 'cost_balance': np.float64(2.375837142563601), 'R_T_ratio': 2.7150765849974962e-05, 'R_P_ratio': 0.00018759931874281734}
Training Iteration 52
Collecting Episode 0
Collecting Episode 10
Collecting Episode 20
Collecting Episode 30
Collecting Episode 40
Collecting Episode 50
Collecting Episode 60
Finish Collecting Episodes in 89.45 seconds
avg value loss 425.17405785454645
Iteration 53/2000 - Average Reward: 1.928104635910131
{'AREA': np.float64(154470.02808711512), 'weighted_R_M': -0.7125226539395347, 'weighted_R_T': 0.8841971349385049, 'weighted_R_P': 4.138821072048611, 'cost_balance': np.float64(2.3823909265423815), 'R_T_ratio': 2.6555759343098297e-05, 'R_P_ratio': 0.0001835668528702921}
Training Iteration 53
Collecting Episode 0
Collecting Episode 10
Collecting Episode 20
Collecting Episode 30
Collecting Episode 40
Collecting Episode 50
Collecting Episode 60
Finish Collecting Episodes in 89.38 seconds
avg value loss 521.6131040785048
Iteration 54/2000 - Average Reward: 1.560204854247988
{'AREA': np.float64(153592.90225114752), 'weighted_R_M': -0.630413366460036, 'weighted_R_T': 0.7655274950795703, 'weighted_R_P': 3.8599268595377603, 'cost_balance': np.float64(2.434836151290499), 'R_T_ratio': 2.298947164546909e-05, 'R_P_ratio': 0.0001712726029488021}
Training Iteration 54
Collecting Episode 0
Collecting Episode 10
Collecting Episode 20
Collecting Episode 30
Collecting Episode 40
Collecting Episode 50
Collecting Episode 60
Finish Collecting Episodes in 89.54 seconds
avg value loss 373.15203772650824
Iteration 55/2000 - Average Reward: 1.805841433641035
{'AREA': np.float64(152770.47634078562), 'weighted_R_M': -0.6436893784110806, 'weighted_R_T': 0.7978593930602074, 'weighted_R_P': 3.9809930589463978, 'cost_balance': np.float64(2.329321625149447), 'R_T_ratio': 2.3959871369956993e-05, 'R_P_ratio': 0.00017661484917247703}
Training Iteration 55
Collecting Episode 0
Collecting Episode 10
Collecting Episode 20
Collecting Episode 30
Collecting Episode 40
Collecting Episode 50
Collecting Episode 60
Finish Collecting Episodes in 89.41 seconds
avg value loss 746.650754292806
Iteration 56/2000 - Average Reward: 1.5285860890483793
{'AREA': np.float64(152481.72763453156), 'weighted_R_M': -0.726176013315833, 'weighted_R_T': 0.7599581860833697, 'weighted_R_P': 3.954154544406467, 'cost_balance': np.float64(2.4593506299915084), 'R_T_ratio': 2.2823491951100745e-05, 'R_P_ratio': 0.00017540661844040524}
Training Iteration 56
Collecting Episode 0
Collecting Episode 10
Collecting Episode 20
Collecting Episode 30
Collecting Episode 40
Collecting Episode 50
Collecting Episode 60
Finish Collecting Episodes in 89.41 seconds
avg value loss 1007.3966946072048
Iteration 57/2000 - Average Reward: 1.5901546750424638
{'AREA': np.float64(153788.398368836), 'weighted_R_M': -0.7605276488923968, 'weighted_R_T': 0.7756132003333833, 'weighted_R_P': 3.945950402153863, 'cost_balance': np.float64(2.3708812776481567), 'R_T_ratio': 2.328980788965682e-05, 'R_P_ratio': 0.0001750786919554264}
Training Iteration 57
Collecting Episode 0
Collecting Episode 10
Collecting Episode 20
Collecting Episode 30
Collecting Episode 40
Collecting Episode 50
Collecting Episode 60
Finish Collecting Episodes in 89.42 seconds
avg value loss 564.8935919867622
Iteration 58/2000 - Average Reward: 1.7003804431749612
{'AREA': np.float64(153029.88030826338), 'weighted_R_M': -0.8233326326063535, 'weighted_R_T': 0.7890775385830138, 'weighted_R_P': 4.053727467854817, 'cost_balance': np.float64(2.3190919261572045), 'R_T_ratio': 2.3698007970700725e-05, 'R_P_ratio': 0.00017980049615274392}
Training Iteration 58
Collecting Episode 0
Collecting Episode 10
Collecting Episode 20
Collecting Episode 30
Collecting Episode 40
Collecting Episode 50
Collecting Episode 60
Finish Collecting Episodes in 89.44 seconds
avg value loss 395.67000113593207
Iteration 59/2000 - Average Reward: 1.272694727295958
{'AREA': np.float64(153973.23384811764), 'weighted_R_M': -0.7781938656495792, 'weighted_R_T': 0.6008629376689593, 'weighted_R_P': 3.766556633843316, 'cost_balance': np.float64(2.316530972659419), 'R_T_ratio': 1.8036539098110884e-05, 'R_P_ratio': 0.00016715455450986663}
Training Iteration 59
Collecting Episode 0
Collecting Episode 10
Collecting Episode 20
Collecting Episode 30
Collecting Episode 40
Collecting Episode 50
Collecting Episode 60
Finish Collecting Episodes in 89.54 seconds
avg value loss 996.5550181070963
Iteration 60/2000 - Average Reward: 1.6545013189186446
{'AREA': np.float64(155520.7535861338), 'weighted_R_M': -0.7262669529300183, 'weighted_R_T': 0.7504297213421928, 'weighted_R_P': 3.904052310519748, 'cost_balance': np.float64(2.273713755527505), 'R_T_ratio': 2.2532289039605012e-05, 'R_P_ratio': 0.0001732352793400264}
Training Iteration 60
Collecting Episode 0
Collecting Episode 10
Collecting Episode 20
Collecting Episode 30
Collecting Episode 40
Collecting Episode 50
Collecting Episode 60
Finish Collecting Episodes in 89.43 seconds
avg value loss 3373.123910692003
Iteration 61/2000 - Average Reward: 1.8831824644261763
{'AREA': np.float64(156874.81474650474), 'weighted_R_M': -0.7568641978325306, 'weighted_R_T': 0.8261390030384064, 'weighted_R_P': 4.066089206271702, 'cost_balance': np.float64(2.2521815360716095), 'R_T_ratio': 2.480928131193426e-05, 'R_P_ratio': 0.00018036765455252092}
Training Iteration 61
Collecting Episode 0
Collecting Episode 10
Collecting Episode 20
Collecting Episode 30
Collecting Episode 40
Collecting Episode 50
Collecting Episode 60
Finish Collecting Episodes in 89.54 seconds
avg value loss 509.8659901089138
Iteration 62/2000 - Average Reward: 1.8881981776794419
{'AREA': np.float64(154635.17797820512), 'weighted_R_M': -0.7521100654270817, 'weighted_R_T': 0.8193853621681532, 'weighted_R_P': 4.1559164259168835, 'cost_balance': np.float64(2.3349935414775356), 'R_T_ratio': 2.4605783177339413e-05, 'R_P_ratio': 0.00018431928046853488}
Training Iteration 62
Collecting Episode 0
Collecting Episode 10
Collecting Episode 20
Collecting Episode 30
Collecting Episode 40
Collecting Episode 50
Collecting Episode 60
Finish Collecting Episodes in 89.44 seconds
avg value loss 531.8890592787001
Iteration 63/2000 - Average Reward: 1.5028079525929772
{'AREA': np.float64(153024.44602039963), 'weighted_R_M': -0.7520189250030348, 'weighted_R_T': 0.7309661143355899, 'weighted_R_P': 3.8986295064290366, 'cost_balance': np.float64(2.374768752244363), 'R_T_ratio': 2.1949691421296264e-05, 'R_P_ratio': 0.00017298399171154622}
Training Iteration 63
Collecting Episode 0
Collecting Episode 10
Collecting Episode 20
Collecting Episode 30
Collecting Episode 40
Collecting Episode 50
Collecting Episode 60
Finish Collecting Episodes in 89.55 seconds
avg value loss 826.0090611775717
Iteration 64/2000 - Average Reward: 1.5079962191003788
{'AREA': np.float64(152638.69068868356), 'weighted_R_M': -0.7276084716632896, 'weighted_R_T': 0.7538399141695764, 'weighted_R_P': 3.955033196343316, 'cost_balance': np.float64(2.4732684164496215), 'R_T_ratio': 2.263597130500018e-05, 'R_P_ratio': 0.00017545962510597443}
Training Iteration 64
Collecting Episode 0
Collecting Episode 10
Collecting Episode 20
Collecting Episode 30
Collecting Episode 40
Collecting Episode 50
Collecting Episode 60
Finish Collecting Episodes in 89.43 seconds
avg value loss 607.6844965616862
Iteration 65/2000 - Average Reward: 1.478611513441946
{'AREA': np.float64(150374.61602404978), 'weighted_R_M': -0.7674524189753558, 'weighted_R_T': 0.7947234229909049, 'weighted_R_P': 3.907462226019965, 'cost_balance': np.float64(2.456121709188088), 'R_T_ratio': 2.3866424512146587e-05, 'R_P_ratio': 0.0001733596851060917}
Training Iteration 65
Collecting Episode 0
Collecting Episode 10
Collecting Episode 20
Collecting Episode 30
Collecting Episode 40
Collecting Episode 50
Collecting Episode 60
Finish Collecting Episodes in 89.54 seconds
avg value loss 795.8207660251194
Iteration 66/2000 - Average Reward: 1.6382736951668955
{'AREA': np.float64(154038.27652836475), 'weighted_R_M': -0.7828177461632448, 'weighted_R_T': 0.8042073912090726, 'weighted_R_P': 4.027443355984158, 'cost_balance': np.float64(2.4105593092316457), 'R_T_ratio': 2.414769953603155e-05, 'R_P_ratio': 0.00017866683513225056}
Training Iteration 66
Collecting Episode 0
Collecting Episode 10
Collecting Episode 20
Collecting Episode 30
Collecting Episode 40
Collecting Episode 50
Collecting Episode 60
Finish Collecting Episodes in 89.44 seconds
avg value loss 952.9726265801323
Iteration 67/2000 - Average Reward: 1.949575172776046
{'AREA': np.float64(157069.434976824), 'weighted_R_M': -0.8421525275487309, 'weighted_R_T': 0.7820579533775648, 'weighted_R_P': 4.07383049858941, 'cost_balance': np.float64(2.064160747446982), 'R_T_ratio': 2.3483211228038216e-05, 'R_P_ratio': 0.00018070529116840126}
Training Iteration 67
Collecting Episode 0
Collecting Episode 10
Collecting Episode 20
Collecting Episode 30
Collecting Episode 40
Collecting Episode 50
Collecting Episode 60
Finish Collecting Episodes in 89.54 seconds
avg value loss 2933.863547431098
Iteration 68/2000 - Average Reward: 1.3451845170024574
{'AREA': np.float64(151813.04231123836), 'weighted_R_M': -0.708378449693555, 'weighted_R_T': 0.7493524915642209, 'weighted_R_P': 3.8463143242730036, 'cost_balance': np.float64(2.5421038379122813), 'R_T_ratio': 2.2501086616799e-05, 'R_P_ratio': 0.00017068314683024412}
Training Iteration 68
Collecting Episode 0
Collecting Episode 10
Collecting Episode 20
Collecting Episode 30
Collecting Episode 40
Collecting Episode 50
Collecting Episode 60
Finish Collecting Episodes in 89.37 seconds
avg value loss 1247.0081804063584
Iteration 69/2000 - Average Reward: 1.7007072703757633
{'AREA': np.float64(156303.7448667814), 'weighted_R_M': -0.6658395028121554, 'weighted_R_T': 0.7117839737070931, 'weighted_R_P': 3.8574701944986978, 'cost_balance': np.float64(2.202707394203876), 'R_T_ratio': 2.1370859274651927e-05, 'R_P_ratio': 0.00017115664351760287}
Training Iteration 69
Collecting Episode 0
Collecting Episode 10
Collecting Episode 20
Collecting Episode 30
Collecting Episode 40
Collecting Episode 50
Collecting Episode 60
Finish Collecting Episodes in 89.28 seconds
avg value loss 1949.5388624403213
Iteration 70/2000 - Average Reward: 1.7091729507083073
{'AREA': np.float64(155261.62420398282), 'weighted_R_M': -0.7010537652612483, 'weighted_R_T': 0.7246827913655175, 'weighted_R_P': 3.9361517164442272, 'cost_balance': np.float64(2.2506078020040134), 'R_T_ratio': 2.175720406804366e-05, 'R_P_ratio': 0.00017463293938754478}
Training Iteration 70
Collecting Episode 0
Collecting Episode 10
Collecting Episode 20
Collecting Episode 30
Collecting Episode 40
Collecting Episode 50
Collecting Episode 60
Finish Collecting Episodes in 89.25 seconds
avg value loss 1215.1113815307617
Iteration 71/2000 - Average Reward: 1.7813216933282092
{'AREA': np.float64(157880.31776816328), 'weighted_R_M': -0.7508140826910474, 'weighted_R_T': 0.7691167088018523, 'weighted_R_P': 4.0057568020290795, 'cost_balance': np.float64(2.242737718127412), 'R_T_ratio': 2.309254678600307e-05, 'R_P_ratio': 0.00017771528570226236}
Training Iteration 71
Collecting Episode 0
Collecting Episode 10
Collecting Episode 20
Collecting Episode 30
Collecting Episode 40
Collecting Episode 50
Collecting Episode 60
Finish Collecting Episodes in 89.27 seconds
avg value loss 1096.0497097439236
Iteration 72/2000 - Average Reward: 1.8129539995635342
{'AREA': np.float64(154343.06351158736), 'weighted_R_M': -0.6884657861369811, 'weighted_R_T': 0.8036868853701485, 'weighted_R_P': 3.983456081814236, 'cost_balance': np.float64(2.2857231792869332), 'R_T_ratio': 2.4135944657641436e-05, 'R_P_ratio': 0.00017671867337300097}
Training Iteration 72
Collecting Episode 0
Collecting Episode 10
Collecting Episode 20
Collecting Episode 30
Collecting Episode 40
Collecting Episode 50
Collecting Episode 60
Finish Collecting Episodes in 89.37 seconds
avg value loss 919.8606457180447
Iteration 73/2000 - Average Reward: 1.7438560579062647
{'AREA': np.float64(157375.22276588232), 'weighted_R_M': -0.6361271465889836, 'weighted_R_T': 0.7115785653392473, 'weighted_R_P': 3.978706783718533, 'cost_balance': np.float64(2.3103021526833616), 'R_T_ratio': 2.136545229632852e-05, 'R_P_ratio': 0.00017650530326411099}
Training Iteration 73
Collecting Episode 0
Collecting Episode 10
Collecting Episode 20
Collecting Episode 30
Collecting Episode 40
Collecting Episode 50
Collecting Episode 60
Finish Collecting Episodes in 89.31 seconds
avg value loss 1110.6310153537327
Iteration 74/2000 - Average Reward: 1.984767562974917
{'AREA': np.float64(155556.85200832287), 'weighted_R_M': -0.6580220438249348, 'weighted_R_T': 0.8294902121027311, 'weighted_R_P': 4.13042492336697, 'cost_balance': np.float64(2.3171255411101956), 'R_T_ratio': 2.4910341512706905e-05, 'R_P_ratio': 0.00018318701263991203}
Training Iteration 74
Collecting Episode 0
Collecting Episode 10
Collecting Episode 20
Collecting Episode 30
Collecting Episode 40
Collecting Episode 50
Collecting Episode 60
Finish Collecting Episodes in 89.41 seconds
avg value loss 1144.7225748697917
Iteration 75/2000 - Average Reward: 1.6638887884974893
{'AREA': np.float64(155165.0739406573), 'weighted_R_M': -0.7104515572073069, 'weighted_R_T': 0.6954915192392137, 'weighted_R_P': 3.8931206597222223, 'cost_balance': np.float64(2.2142718283462943), 'R_T_ratio': 2.0880327321545766e-05, 'R_P_ratio': 0.00017274232358169581}
Training Iteration 75
Collecting Episode 0
Collecting Episode 10
Collecting Episode 20
Collecting Episode 30
Collecting Episode 40
Collecting Episode 50
Collecting Episode 60
Finish Collecting Episodes in 89.30 seconds
avg value loss 1130.434689839681
Iteration 76/2000 - Average Reward: 1.8594055159095053
{'AREA': np.float64(152281.94545120327), 'weighted_R_M': -0.7658101206087748, 'weighted_R_T': 0.8677013425363435, 'weighted_R_P': 4.084622277153863, 'cost_balance': np.float64(2.3271079800143983), 'R_T_ratio': 2.6058066029552296e-05, 'R_P_ratio': 0.0001811919998424869}
Training Iteration 76
Collecting Episode 0
Collecting Episode 10
Collecting Episode 20
Collecting Episode 30
Collecting Episode 40
Collecting Episode 50
Collecting Episode 60
Finish Collecting Episodes in 89.38 seconds
avg value loss 1009.9304546780056
Iteration 77/2000 - Average Reward: 2.0446999208264365
{'AREA': np.float64(159334.25984310632), 'weighted_R_M': -0.7431602489439482, 'weighted_R_T': 0.8149000091685189, 'weighted_R_P': 4.190099504258898, 'cost_balance': np.float64(2.2171393380614632), 'R_T_ratio': 2.4470535256217636e-05, 'R_P_ratio': 0.00018583159436718252}
Training Iteration 77
Collecting Episode 0
Collecting Episode 10
Collecting Episode 20
Collecting Episode 30
Collecting Episode 40
Collecting Episode 50
Collecting Episode 60
Finish Collecting Episodes in 89.29 seconds
avg value loss 1274.6638734605576
Iteration 78/2000 - Average Reward: 1.8842662421714824
{'AREA': np.float64(154212.02821635705), 'weighted_R_M': -0.6999528192750909, 'weighted_R_T': 0.815305651889907, 'weighted_R_P': 4.041790008544922, 'cost_balance': np.float64(2.272876597664214), 'R_T_ratio': 2.4485048835864382e-05, 'R_P_ratio': 0.00017928873616936589}
Training Iteration 78
Collecting Episode 0
Collecting Episode 10
Collecting Episode 20
Collecting Episode 30
Collecting Episode 40
Collecting Episode 50
Collecting Episode 60
Finish Collecting Episodes in 89.35 seconds
avg value loss 1279.9979010687935
Iteration 79/2000 - Average Reward: 1.691421852013769
{'AREA': np.float64(155798.27443355153), 'weighted_R_M': -0.6355179099683583, 'weighted_R_T': 0.7605599247746997, 'weighted_R_P': 3.8810318840874567, 'cost_balance': np.float64(2.3146520435628655), 'R_T_ratio': 2.2837424566715977e-05, 'R_P_ratio': 0.00017220247088029557}
Training Iteration 79
Collecting Episode 0
Collecting Episode 10
Collecting Episode 20
Collecting Episode 30
Collecting Episode 40
Collecting Episode 50
Collecting Episode 60
Finish Collecting Episodes in 89.31 seconds
avg value loss 977.7135111490885
Iteration 80/2000 - Average Reward: 1.824342004831932
{'AREA': np.float64(157253.41934256555), 'weighted_R_M': -0.7248018098980538, 'weighted_R_T': 0.7512834328744147, 'weighted_R_P': 3.9851468404134116, 'cost_balance': np.float64(2.1872864533297207), 'R_T_ratio': 2.255769945737803e-05, 'R_P_ratio': 0.00017680293518910575}
Checkpoint saved to checkpoints/ckpt_single_shared_attention_80_1.82.pt
Training Iteration 80
Collecting Episode 0
Collecting Episode 10
Collecting Episode 20
Collecting Episode 30
Collecting Episode 40
Collecting Episode 50
Collecting Episode 60
Finish Collecting Episodes in 89.39 seconds
avg value loss 730.7030978732639
Iteration 81/2000 - Average Reward: 1.8800909067633458
{'AREA': np.float64(154127.41983834453), 'weighted_R_M': -0.7220410485990416, 'weighted_R_T': 0.8497381996777322, 'weighted_R_P': 4.077127244737413, 'cost_balance': np.float64(2.3247334968592956), 'R_T_ratio': 2.5518392500269006e-05, 'R_P_ratio': 0.0001808586246422266}
Training Iteration 81
Collecting Episode 0
Collecting Episode 10
Collecting Episode 20
Collecting Episode 30
Collecting Episode 40
Collecting Episode 50
Collecting Episode 60
Finish Collecting Episodes in 89.28 seconds
avg value loss 1054.4864790174697
Iteration 82/2000 - Average Reward: 1.6411379110132758
{'AREA': np.float64(152557.23769530296), 'weighted_R_M': -0.7337270658997821, 'weighted_R_T': 0.8167047053575516, 'weighted_R_P': 3.9829588996039496, 'cost_balance': np.float64(2.424798633629988), 'R_T_ratio': 2.452602396204225e-05, 'R_P_ratio': 0.00017669522348140608}
Training Iteration 82
Collecting Episode 0
Collecting Episode 10
Collecting Episode 20
Collecting Episode 30
Collecting Episode 40
Collecting Episode 50
Collecting Episode 60
Finish Collecting Episodes in 89.28 seconds
avg value loss 1506.4632517496746
Iteration 83/2000 - Average Reward: 1.7244740678644221
{'AREA': np.float64(156462.74246711083), 'weighted_R_M': -0.6677216206829447, 'weighted_R_T': 0.791638158261776, 'weighted_R_P': 3.955477820502387, 'cost_balance': np.float64(2.354920290667321), 'R_T_ratio': 2.3772570782364883e-05, 'R_P_ratio': 0.00017548286701366914}
Training Iteration 83
Collecting Episode 0
Collecting Episode 10
Collecting Episode 20
Collecting Episode 30
Collecting Episode 40
Collecting Episode 50
Collecting Episode 60
Finish Collecting Episodes in 89.38 seconds
avg value loss 1374.5815624660916
Iteration 84/2000 - Average Reward: 2.1278155579154068
{'AREA': np.float64(156414.28017068154), 'weighted_R_M': -0.7993922118274794, 'weighted_R_T': 0.8952814257807202, 'weighted_R_P': 4.208420223659939, 'cost_balance': np.float64(2.1764938764012127), 'R_T_ratio': 2.6887463174028582e-05, 'R_P_ratio': 0.00018663955321210346}
Training Iteration 84
Collecting Episode 0
Collecting Episode 10
Collecting Episode 20
Collecting Episode 30
Collecting Episode 40
Collecting Episode 50
Collecting Episode 60
Finish Collecting Episodes in 89.27 seconds
avg value loss 1191.339631822374
Iteration 85/2000 - Average Reward: 1.727456986761859
{'AREA': np.float64(157369.8752772361), 'weighted_R_M': -0.7080369423976864, 'weighted_R_T': 0.7211592876248889, 'weighted_R_P': 3.9514651828342013, 'cost_balance': np.float64(2.2371305308441745), 'R_T_ratio': 2.1654155872782854e-05, 'R_P_ratio': 0.0001753061748791899}
Training Iteration 85
Collecting Episode 0
Collecting Episode 10
Collecting Episode 20
Collecting Episode 30
Collecting Episode 40
Collecting Episode 50
Collecting Episode 60
Finish Collecting Episodes in 89.40 seconds
avg value loss 3035.669962565104
Iteration 86/2000 - Average Reward: 2.085133717815754
{'AREA': np.float64(159341.32146481343), 'weighted_R_M': -0.6847368078065806, 'weighted_R_T': 0.8251647361450725, 'weighted_R_P': 4.021390279134114, 'cost_balance': np.float64(2.0766844917848406), 'R_T_ratio': 2.477937963802727e-05, 'R_P_ratio': 0.00017838493423428462}
Training Iteration 86
Collecting Episode 0
Collecting Episode 10
Collecting Episode 20
Collecting Episode 30
Collecting Episode 40
Collecting Episode 50
Collecting Episode 60
Finish Collecting Episodes in 89.28 seconds
avg value loss 875.4136047363281
Iteration 87/2000 - Average Reward: 2.05577524109847
{'AREA': np.float64(153947.2869975251), 'weighted_R_M': -0.704291112608088, 'weighted_R_T': 0.833339678744475, 'weighted_R_P': 4.192483266194661, 'cost_balance': np.float64(2.2657565771303236), 'R_T_ratio': 2.5026385057506467e-05, 'R_P_ratio': 0.00018593207364650223}
Training Iteration 87
Collecting Episode 0
Collecting Episode 10
Collecting Episode 20
Collecting Episode 30
Collecting Episode 40
Collecting Episode 50
Collecting Episode 60
Finish Collecting Episodes in 89.41 seconds
avg value loss 900.5978368123373
Iteration 88/2000 - Average Reward: 1.8737091089779925
{'AREA': np.float64(154736.4297879688), 'weighted_R_M': -0.8689494664561911, 'weighted_R_T': 0.9291629410452313, 'weighted_R_P': 4.148603227403429, 'cost_balance': np.float64(2.335107600958416), 'R_T_ratio': 2.791006352284267e-05, 'R_P_ratio': 0.0001839894554876493}
Training Iteration 88
Collecting Episode 0
Collecting Episode 10
Collecting Episode 20
Collecting Episode 30
Collecting Episode 40
Collecting Episode 50
Collecting Episode 60
Finish Collecting Episodes in 89.29 seconds
avg value loss 707.2747955322266
Iteration 89/2000 - Average Reward: 1.8244637344161876
{'AREA': np.float64(153352.70342644549), 'weighted_R_M': -0.7582645963641172, 'weighted_R_T': 0.8249298358956972, 'weighted_R_P': 4.011478847927517, 'cost_balance': np.float64(2.253680345040385), 'R_T_ratio': 2.477213937143267e-05, 'R_P_ratio': 0.00017795931935335772}
Training Iteration 89
Collecting Episode 0
Collecting Episode 10
Collecting Episode 20
Collecting Episode 30
Collecting Episode 40
Collecting Episode 50
Collecting Episode 60
Finish Collecting Episodes in 89.38 seconds
avg value loss 860.8191553751627
Iteration 90/2000 - Average Reward: 2.152133421571408
{'AREA': np.float64(154162.56671213795), 'weighted_R_M': -0.7447609914648233, 'weighted_R_T': 0.9592011984851625, 'weighted_R_P': 4.300149705674913, 'cost_balance': np.float64(2.36245648861088), 'R_T_ratio': 2.8808949831232722e-05, 'R_P_ratio': 0.00019067526754716778}
Training Iteration 90
Collecting Episode 0
Collecting Episode 10
Collecting Episode 20
Collecting Episode 30
Collecting Episode 40
Collecting Episode 50
Collecting Episode 60
Finish Collecting Episodes in 89.55 seconds
avg value loss 917.6951649983724
Iteration 91/2000 - Average Reward: 1.6888831146255445
{'AREA': np.float64(153777.59656585075), 'weighted_R_M': -0.7250016173205344, 'weighted_R_T': 0.7846682435936398, 'weighted_R_P': 3.973679436577691, 'cost_balance': np.float64(2.344462938058824), 'R_T_ratio': 2.356432178752933e-05, 'R_P_ratio': 0.00017628739962872853}
Training Iteration 91
Collecting Episode 0
Collecting Episode 10
Collecting Episode 20
Collecting Episode 30
Collecting Episode 40
Collecting Episode 50
Collecting Episode 60
Finish Collecting Episodes in 89.55 seconds
avg value loss 1203.4587224324544
Iteration 92/2000 - Average Reward: 1.8427979549030877
{'AREA': np.float64(156115.32875962803), 'weighted_R_M': -0.7396652830004515, 'weighted_R_T': 0.809868797659874, 'weighted_R_P': 4.0416107177734375, 'cost_balance': np.float64(2.2690162819143773), 'R_T_ratio': 2.432094207441282e-05, 'R_P_ratio': 0.00017927091027795475}
Training Iteration 92
Collecting Episode 0
Collecting Episode 10
Collecting Episode 20
Collecting Episode 30
Collecting Episode 40
Collecting Episode 50
Collecting Episode 60
Finish Collecting Episodes in 89.46 seconds
avg value loss 1556.0717764960395
Iteration 93/2000 - Average Reward: 1.5004535596688382
{'AREA': np.float64(151150.91892905935), 'weighted_R_M': -0.8025872371684576, 'weighted_R_T': 0.7613168822394477, 'weighted_R_P': 3.971260494656033, 'cost_balance': np.float64(2.429536572175655), 'R_T_ratio': 2.2860492795916275e-05, 'R_P_ratio': 0.00017618969419537346}
Training Iteration 93
Collecting Episode 0
Collecting Episode 10
Collecting Episode 20
Collecting Episode 30
Collecting Episode 40
Collecting Episode 50
Collecting Episode 60
Finish Collecting Episodes in 89.57 seconds
avg value loss 1203.8256916469998
Iteration 94/2000 - Average Reward: 1.898346297281225
{'AREA': np.float64(158434.66938275172), 'weighted_R_M': -0.7834837770160448, 'weighted_R_T': 0.8616016970740424, 'weighted_R_P': 4.159283955891927, 'cost_balance': np.float64(2.3390555764032595), 'R_T_ratio': 2.587924629768004e-05, 'R_P_ratio': 0.0001844362319756401}
Training Iteration 94
Collecting Episode 0
Collecting Episode 10
Collecting Episode 20
Collecting Episode 30
Collecting Episode 40
Collecting Episode 50
Collecting Episode 60
Finish Collecting Episodes in 89.47 seconds
avg value loss 2423.620806376139
Iteration 95/2000 - Average Reward: 1.9788399996468797
{'AREA': np.float64(156694.95516487487), 'weighted_R_M': -0.7590284341493114, 'weighted_R_T': 0.845835440688663, 'weighted_R_P': 4.131627824571398, 'cost_balance': np.float64(2.239594840515115), 'R_T_ratio': 2.5399521628999278e-05, 'R_P_ratio': 0.0001832609048076608}
Training Iteration 95
Collecting Episode 0
Collecting Episode 10
Collecting Episode 20
Collecting Episode 30
Collecting Episode 40
Collecting Episode 50
Collecting Episode 60
Finish Collecting Episodes in 89.31 seconds
avg value loss 946.2720421685112
Iteration 96/2000 - Average Reward: 2.055486707346669
{'AREA': np.float64(152352.73911404482), 'weighted_R_M': -0.8051787413095453, 'weighted_R_T': 0.9486431048976051, 'weighted_R_P': 4.299143473307292, 'cost_balance': np.float64(2.3871211308577225), 'R_T_ratio': 2.8494281421252863e-05, 'R_P_ratio': 0.00019062953225574338}
Training Iteration 96
Collecting Episode 0
Collecting Episode 10
Collecting Episode 20
Collecting Episode 30
Collecting Episode 40
Collecting Episode 50
Collecting Episode 60
Finish Collecting Episodes in 89.62 seconds
avg value loss 1107.9433059692383
Iteration 97/2000 - Average Reward: 2.133769234901087
{'AREA': np.float64(156603.18759746678), 'weighted_R_M': -0.7757077065295258, 'weighted_R_T': 0.9266768271724383, 'weighted_R_P': 4.217097388373481, 'cost_balance': np.float64(2.234297273830601), 'R_T_ratio': 2.7832083546308e-05, 'R_P_ratio': 0.0001870343510405048}
Training Iteration 97
Collecting Episode 0
Collecting Episode 10
Collecting Episode 20
Collecting Episode 30
Collecting Episode 40
Collecting Episode 50
Collecting Episode 60
Finish Collecting Episodes in 89.49 seconds
avg value loss 1269.2256902058919
Iteration 98/2000 - Average Reward: 1.9529561398925983
{'AREA': np.float64(156166.8905824854), 'weighted_R_M': -0.7413966540873136, 'weighted_R_T': 0.8440519579582744, 'weighted_R_P': 4.099302927652995, 'cost_balance': np.float64(2.2490020867031872), 'R_T_ratio': 2.5348245022225384e-05, 'R_P_ratio': 0.0001818198545124636}
Training Iteration 98
Collecting Episode 0
Collecting Episode 10
Collecting Episode 20
Collecting Episode 30
Collecting Episode 40
Collecting Episode 50
Collecting Episode 60
Finish Collecting Episodes in 89.55 seconds
avg value loss 1033.639052497016
Iteration 99/2000 - Average Reward: 1.675017040268156
{'AREA': np.float64(153987.56979957235), 'weighted_R_M': -0.8684210200798488, 'weighted_R_T': 0.7861169675985972, 'weighted_R_P': 4.043051401774089, 'cost_balance': np.float64(2.285730312786809), 'R_T_ratio': 2.3606784922844404e-05, 'R_P_ratio': 0.00017935744473443173}
Training Iteration 99
Collecting Episode 0
Collecting Episode 10
Collecting Episode 20
Collecting Episode 30
Collecting Episode 40
Collecting Episode 50
Collecting Episode 60
Finish Collecting Episodes in 89.48 seconds
avg value loss 1968.46947394477
Iteration 100/2000 - Average Reward: 1.9418745542837617
{'AREA': np.float64(153021.30946454854), 'weighted_R_M': -0.780725266873459, 'weighted_R_T': 0.8934570683373345, 'weighted_R_P': 4.24434068467882, 'cost_balance': np.float64(2.4151979361967406), 'R_T_ratio': 2.6837540809432963e-05, 'R_P_ratio': 0.0001881819378400065}
Training Iteration 100
Collecting Episode 0
Collecting Episode 10
Collecting Episode 20
Collecting Episode 30
Collecting Episode 40
Collecting Episode 50
Collecting Episode 60
Finish Collecting Episodes in 89.54 seconds
avg value loss 1852.9014824761284
Iteration 101/2000 - Average Reward: 2.2171368194136045
{'AREA': np.float64(155228.61022298125), 'weighted_R_M': -0.7387960966059635, 'weighted_R_T': 0.9029436235626539, 'weighted_R_P': 4.292638566758898, 'cost_balance': np.float64(2.239649267380303), 'R_T_ratio': 2.711797040065886e-05, 'R_P_ratio': 0.0001903394300243518}
Training Iteration 101
Collecting Episode 0
Collecting Episode 10
Collecting Episode 20
Collecting Episode 30
Collecting Episode 40
Collecting Episode 50
Collecting Episode 60
Finish Collecting Episodes in 89.27 seconds
avg value loss 613.9325773451063
Iteration 102/2000 - Average Reward: 2.321052261046134
{'AREA': np.float64(154968.0998700388), 'weighted_R_M': -0.7763940566475058, 'weighted_R_T': 0.990297541850143, 'weighted_R_P': 4.319164699978298, 'cost_balance': np.float64(2.212015908968061), 'R_T_ratio': 2.974547852241691e-05, 'R_P_ratio': 0.0001915247156455413}
Training Iteration 102
Collecting Episode 0
Collecting Episode 10
Collecting Episode 20
Collecting Episode 30
Collecting Episode 40
Collecting Episode 50
Collecting Episode 60
Finish Collecting Episodes in 89.35 seconds
avg value loss 652.6917071872288
Iteration 103/2000 - Average Reward: 1.7932297697795245
{'AREA': np.float64(154038.76278449618), 'weighted_R_M': -0.8455912374092804, 'weighted_R_T': 0.8185813203454018, 'weighted_R_P': 4.189299689398871, 'cost_balance': np.float64(2.3690599903000105), 'R_T_ratio': 2.458036981303603e-05, 'R_P_ratio': 0.00018579707723611247}
Training Iteration 103
Collecting Episode 0
Collecting Episode 10
Collecting Episode 20
Collecting Episode 30
Collecting Episode 40
Collecting Episode 50
Collecting Episode 60
Finish Collecting Episodes in 89.30 seconds
avg value loss 472.3045171101888
Iteration 104/2000 - Average Reward: 1.89934849303164
{'AREA': np.float64(154828.76499087916), 'weighted_R_M': -0.7896975958670333, 'weighted_R_T': 0.8367415931489732, 'weighted_R_P': 4.2261941697862415, 'cost_balance': np.float64(2.3738896682030077), 'R_T_ratio': 2.5126612143274658e-05, 'R_P_ratio': 0.0001874159130166}
Training Iteration 104
Collecting Episode 0
Collecting Episode 10
Collecting Episode 20
Collecting Episode 30
Collecting Episode 40
Collecting Episode 50
Collecting Episode 60
Finish Collecting Episodes in 89.38 seconds
avg value loss 394.38214111328125
Iteration 105/2000 - Average Reward: 2.214825765171554
{'AREA': np.float64(157305.85614282018), 'weighted_R_M': -0.8220829050161329, 'weighted_R_T': 0.8996705421143107, 'weighted_R_P': 4.279098086886936, 'cost_balance': np.float64(2.141859964428356), 'R_T_ratio': 2.7018706397515123e-05, 'R_P_ratio': 0.00018976087191916827}
Training Iteration 105
Collecting Episode 0
Collecting Episode 10
Collecting Episode 20
Collecting Episode 30
Collecting Episode 40
Collecting Episode 50
Collecting Episode 60
Finish Collecting Episodes in 89.34 seconds
avg value loss 553.8827412923177
Iteration 106/2000 - Average Reward: 1.992911204611624
{'AREA': np.float64(155672.61619547033), 'weighted_R_M': -0.8323701179965105, 'weighted_R_T': 0.8686445653438568, 'weighted_R_P': 4.262605455186632, 'cost_balance': np.float64(2.3059686951430254), 'R_T_ratio': 2.6087219399802592e-05, 'R_P_ratio': 0.00018902199443405888}
Training Iteration 106
Collecting Episode 0
Collecting Episode 10
Collecting Episode 20
Collecting Episode 30
Collecting Episode 40
Collecting Episode 50
Collecting Episode 60
Finish Collecting Episodes in 89.34 seconds
avg value loss 1217.524639553494
Iteration 107/2000 - Average Reward: 1.9030135753693886
{'AREA': np.float64(152162.38828613507), 'weighted_R_M': -0.8529687581186509, 'weighted_R_T': 0.8938063143028153, 'weighted_R_P': 4.1917745802137585, 'cost_balance': np.float64(2.329598562425664), 'R_T_ratio': 2.6844373508640316e-05, 'R_P_ratio': 0.00018588851228826562}
Training Iteration 107
Collecting Episode 0
Collecting Episode 10
Collecting Episode 20
Collecting Episode 30
Collecting Episode 40
Collecting Episode 50
Collecting Episode 60
Finish Collecting Episodes in 89.31 seconds
avg value loss 869.4240718417698
Iteration 108/2000 - Average Reward: 1.9422432994664025
{'AREA': np.float64(158867.67280750687), 'weighted_R_M': -0.7726439714509373, 'weighted_R_T': 0.8513214480545785, 'weighted_R_P': 3.99985843234592, 'cost_balance': np.float64(2.1362926171264647), 'R_T_ratio': 2.556541105984103e-05, 'R_P_ratio': 0.00017744964413418662}
Training Iteration 108
Collecting Episode 0
Collecting Episode 10
Collecting Episode 20
Collecting Episode 30
Collecting Episode 40
Collecting Episode 50
Collecting Episode 60
Finish Collecting Episodes in 89.27 seconds
avg value loss 788.785031636556
Iteration 109/2000 - Average Reward: 2.038946628861595
{'AREA': np.float64(153755.62522583883), 'weighted_R_M': -0.7125487228707547, 'weighted_R_T': 0.8673122558328841, 'weighted_R_P': 4.08931647406684, 'cost_balance': np.float64(2.2051333816775385), 'R_T_ratio': 2.604928376082369e-05, 'R_P_ratio': 0.00018137944500415702}
Training Iteration 109
Collecting Episode 0
Collecting Episode 10
Collecting Episode 20
Collecting Episode 30
Collecting Episode 40
Collecting Episode 50
Collecting Episode 60
Finish Collecting Episodes in 89.29 seconds
avg value loss 1045.8389426337349
Iteration 110/2000 - Average Reward: 2.2363841658031256
{'AREA': np.float64(155673.44715123094), 'weighted_R_M': -0.7158745205205277, 'weighted_R_T': 0.9697401482197974, 'weighted_R_P': 4.293000962999132, 'cost_balance': np.float64(2.3104824227894163), 'R_T_ratio': 2.9127650725736347e-05, 'R_P_ratio': 0.00019035693398368933}
Training Iteration 110
Collecting Episode 0
Collecting Episode 10
Collecting Episode 20
Collecting Episode 30
Collecting Episode 40
Collecting Episode 50
Collecting Episode 60
Finish Collecting Episodes in 89.24 seconds
avg value loss 902.4871546427408
Iteration 111/2000 - Average Reward: 2.2743555793422274
{'AREA': np.float64(155129.92894548128), 'weighted_R_M': -0.8509297447005034, 'weighted_R_T': 0.9263456902570195, 'weighted_R_P': 4.316781361897786, 'cost_balance': np.float64(2.117841726597503), 'R_T_ratio': 2.7822878621319098e-05, 'R_P_ratio': 0.00019140785063952325}
Training Iteration 111
Collecting Episode 0
Collecting Episode 10
Collecting Episode 20
Collecting Episode 30
Collecting Episode 40
Collecting Episode 50
Collecting Episode 60
Finish Collecting Episodes in 89.37 seconds
avg value loss 2050.4065085517036
Iteration 112/2000 - Average Reward: 2.1657859090870866
{'AREA': np.float64(151148.19024621922), 'weighted_R_M': -0.7659787351854498, 'weighted_R_T': 0.9917105651564069, 'weighted_R_P': 4.247047848171658, 'cost_balance': np.float64(2.3069937573139074), 'R_T_ratio': 2.9790239138594948e-05, 'R_P_ratio': 0.00018832203413726093}
Training Iteration 112
Collecting Episode 0
Collecting Episode 10
Collecting Episode 20
Collecting Episode 30
Collecting Episode 40
Collecting Episode 50
Collecting Episode 60
Finish Collecting Episodes in 89.26 seconds
avg value loss 431.14805687798395
Iteration 113/2000 - Average Reward: 2.1790064472394683
{'AREA': np.float64(156754.98334550852), 'weighted_R_M': -0.7904942303332265, 'weighted_R_T': 0.9171292185783386, 'weighted_R_P': 4.208638085259332, 'cost_balance': np.float64(2.1562666347087807), 'R_T_ratio': 2.75451365062669e-05, 'R_P_ratio': 0.00018664587209567417}
Training Iteration 113
Collecting Episode 0
Collecting Episode 10
Collecting Episode 20
Collecting Episode 30
Collecting Episode 40
Collecting Episode 50
Collecting Episode 60
Finish Collecting Episodes in 89.41 seconds
avg value loss 510.40007951524524
Iteration 114/2000 - Average Reward: 2.0756902818296417
{'AREA': np.float64(156322.7410216258), 'weighted_R_M': -0.6500754274063891, 'weighted_R_T': 0.8502209352122413, 'weighted_R_P': 4.137577904595269, 'cost_balance': np.float64(2.262033122645756), 'R_T_ratio': 2.553155964533001e-05, 'R_P_ratio': 0.0001835292349281157}
Training Iteration 114
Collecting Episode 0
Collecting Episode 10
Collecting Episode 20
Collecting Episode 30
Collecting Episode 40
Collecting Episode 50
Collecting Episode 60
Finish Collecting Episodes in 89.23 seconds
avg value loss 657.1982752482096
Iteration 115/2000 - Average Reward: 2.832463596106714
{'AREA': np.float64(157449.93008976203), 'weighted_R_M': -0.8227963691890383, 'weighted_R_T': 1.124414201411936, 'weighted_R_P': 4.607350243462457, 'cost_balance': np.float64(2.076504475282553), 'R_T_ratio': 3.377880246928675e-05, 'R_P_ratio': 0.00020419477689869058}
Training Iteration 115
Collecting Episode 0
Collecting Episode 10
Collecting Episode 20
Collecting Episode 30
Collecting Episode 40
Collecting Episode 50
Collecting Episode 60
Finish Collecting Episodes in 89.37 seconds
avg value loss 428.0899827745226
Iteration 116/2000 - Average Reward: 2.4335475108754405
{'AREA': np.float64(153690.95803126955), 'weighted_R_M': -0.7233244639962019, 'weighted_R_T': 0.9307813727193408, 'weighted_R_P': 4.258661482069227, 'cost_balance': np.float64(2.032570882050733), 'R_T_ratio': 2.795303475430623e-05, 'R_P_ratio': 0.0001888554756133775}
Training Iteration 116
Collecting Episode 0
Collecting Episode 10
Collecting Episode 20
Collecting Episode 30
Collecting Episode 40
Collecting Episode 50
Collecting Episode 60
Finish Collecting Episodes in 89.27 seconds
avg value loss 866.2002894083658
Iteration 117/2000 - Average Reward: 1.9855022029563163
{'AREA': np.float64(155781.62314158844), 'weighted_R_M': -0.8142557579191513, 'weighted_R_T': 0.8511569143997298, 'weighted_R_P': 4.088325500488281, 'cost_balance': np.float64(2.1397244594770193), 'R_T_ratio': 2.556345011877718e-05, 'R_P_ratio': 0.000181344576243155}
Training Iteration 117
Collecting Episode 0
Collecting Episode 10
Collecting Episode 20
Collecting Episode 30
Collecting Episode 40
Collecting Episode 50
Collecting Episode 60
Finish Collecting Episodes in 89.38 seconds
avg value loss 852.6437895033094
Iteration 118/2000 - Average Reward: 1.8914521049268336
{'AREA': np.float64(152001.98648333404), 'weighted_R_M': -0.7625922334877436, 'weighted_R_T': 0.9239309777816137, 'weighted_R_P': 4.144720713297526, 'cost_balance': np.float64(2.4146073572871223), 'R_T_ratio': 2.774847814925041e-05, 'R_P_ratio': 0.0001838337242125269}
Training Iteration 118
Collecting Episode 0
Collecting Episode 10
Collecting Episode 20
Collecting Episode 30
Collecting Episode 40
Collecting Episode 50
Collecting Episode 60
Finish Collecting Episodes in 89.26 seconds
avg value loss 315.7282129923503
Iteration 119/2000 - Average Reward: 2.5025482550134055
{'AREA': np.float64(155391.88673681286), 'weighted_R_M': -0.8209359477349507, 'weighted_R_T': 1.0149325761530135, 'weighted_R_P': 4.433309766981337, 'cost_balance': np.float64(2.124758133222021), 'R_T_ratio': 3.0486035637330373e-05, 'R_P_ratio': 0.0001965306834335909}
Training Iteration 119
Collecting Episode 0
Collecting Episode 10
Collecting Episode 20
Collecting Episode 30
Collecting Episode 40
Collecting Episode 50
Collecting Episode 60
Finish Collecting Episodes in 89.33 seconds
avg value loss 492.72436820136176
Iteration 120/2000 - Average Reward: 1.9817056406755
{'AREA': np.float64(152602.92049526423), 'weighted_R_M': -0.7705655319469871, 'weighted_R_T': 0.8969174491034614, 'weighted_R_P': 4.164875030517578, 'cost_balance': np.float64(2.3095213130608596), 'R_T_ratio': 2.6937290263557042e-05, 'R_P_ratio': 0.0001847126435886643}
Checkpoint saved to checkpoints/ckpt_single_shared_attention_120_1.98.pt
Training Iteration 120
Collecting Episode 0
Collecting Episode 10
Collecting Episode 20
Collecting Episode 30
Collecting Episode 40
Collecting Episode 50
Collecting Episode 60
Finish Collecting Episodes in 89.26 seconds
avg value loss 894.4007195366753
Iteration 121/2000 - Average Reward: 2.587427871748029
{'AREA': np.float64(156563.72258410256), 'weighted_R_M': -0.7614192048735681, 'weighted_R_T': 1.0123445341984432, 'weighted_R_P': 4.400898827446832, 'cost_balance': np.float64(2.064396285236308), 'R_T_ratio': 3.0406324353833712e-05, 'R_P_ratio': 0.00019511655528923414}
Training Iteration 121
Collecting Episode 0
Collecting Episode 10
Collecting Episode 20
Collecting Episode 30
Collecting Episode 40
Collecting Episode 50
Collecting Episode 60
Finish Collecting Episodes in 89.27 seconds
avg value loss 465.5492600335015
Iteration 122/2000 - Average Reward: 2.7476314098845855
{'AREA': np.float64(158695.59906477347), 'weighted_R_M': -0.7653037960034352, 'weighted_R_T': 1.0469421330425475, 'weighted_R_P': 4.564474741617839, 'cost_balance': np.float64(2.0984816858240363), 'R_T_ratio': 3.145136214363014e-05, 'R_P_ratio': 0.00020228649842223155}
Training Iteration 122
Collecting Episode 0
Collecting Episode 10
Collecting Episode 20
Collecting Episode 30
Collecting Episode 40
Collecting Episode 50
Collecting Episode 60
Finish Collecting Episodes in 89.38 seconds
avg value loss 581.0257123311361
Iteration 123/2000 - Average Reward: 2.3385803693219915
{'AREA': np.float64(156204.94995534897), 'weighted_R_M': -0.7907573324222944, 'weighted_R_T': 0.967071909043524, 'weighted_R_P': 4.288605584038629, 'cost_balance': np.float64(2.1263397981251595), 'R_T_ratio': 2.9047532397432877e-05, 'R_P_ratio': 0.00019016669857397115}
Training Iteration 123
Collecting Episode 0
Collecting Episode 10
Collecting Episode 20
Collecting Episode 30
Collecting Episode 40
Collecting Episode 50
Collecting Episode 60
Finish Collecting Episodes in 89.33 seconds
avg value loss 380.93544514973956
Iteration 124/2000 - Average Reward: 2.486329192056372
{'AREA': np.float64(156391.91540313698), 'weighted_R_M': -0.7549620045296656, 'weighted_R_T': 0.9445861602822939, 'weighted_R_P': 4.305098639594184, 'cost_balance': np.float64(2.008393602419951), 'R_T_ratio': 2.8371307725102375e-05, 'R_P_ratio': 0.00019087111781294444}
Training Iteration 124
Collecting Episode 0
Collecting Episode 10
Collecting Episode 20
Collecting Episode 30
Collecting Episode 40
Collecting Episode 50
Collecting Episode 60
Finish Collecting Episodes in 89.38 seconds
avg value loss 637.5923411051432
Iteration 125/2000 - Average Reward: 2.5816879846485485
{'AREA': np.float64(157400.83613165334), 'weighted_R_M': -0.8439235680186054, 'weighted_R_T': 1.0213990592294269, 'weighted_R_P': 4.448180728488499, 'cost_balance': np.float64(2.0439682326776047), 'R_T_ratio': 3.06788925862534e-05, 'R_P_ratio': 0.00019720431359790711}
Training Iteration 125
Collecting Episode 0
Collecting Episode 10
Collecting Episode 20
Collecting Episode 30
Collecting Episode 40
Collecting Episode 50
Collecting Episode 60
Finish Collecting Episodes in 89.27 seconds
avg value loss 1179.6091304355198
Iteration 126/2000 - Average Reward: 2.5374648750488027
{'AREA': np.float64(155943.6413356579), 'weighted_R_M': -0.7337111350324348, 'weighted_R_T': 0.9256471983260579, 'weighted_R_P': 4.3680135938856335, 'cost_balance': np.float64(2.022484784060524), 'R_T_ratio': 2.780048030088152e-05, 'R_P_ratio': 0.00019365135620812927}
Training Iteration 126
Collecting Episode 0
Collecting Episode 10
Collecting Episode 20
Collecting Episode 30
Collecting Episode 40
Collecting Episode 50
Collecting Episode 60
Finish Collecting Episodes in 89.38 seconds
avg value loss 393.03671688503687
Iteration 127/2000 - Average Reward: 2.278103816394125
{'AREA': np.float64(154939.19742407004), 'weighted_R_M': -0.794226802827729, 'weighted_R_T': 0.8948592262135612, 'weighted_R_P': 4.222856733534071, 'cost_balance': np.float64(2.045385345899496), 'R_T_ratio': 2.6875516002242754e-05, 'R_P_ratio': 0.00018727106525947803}
Training Iteration 127
Collecting Episode 0
Collecting Episode 10
Collecting Episode 20
Collecting Episode 30
Collecting Episode 40
Collecting Episode 50
Collecting Episode 60
Finish Collecting Episodes in 89.27 seconds
avg value loss 365.5865423414442
Iteration 128/2000 - Average Reward: 2.9157060139954813
{'AREA': np.float64(159190.89440999844), 'weighted_R_M': -0.5904902220760656, 'weighted_R_T': 1.0853778156969283, 'weighted_R_P': 4.4549437628851996, 'cost_balance': np.float64(2.0341253466641613), 'R_T_ratio': 3.2604558992185224e-05, 'R_P_ratio': 0.00019748356092315808}
Training Iteration 128
Collecting Episode 0
Collecting Episode 10
Collecting Episode 20
Collecting Episode 30
Collecting Episode 40
Collecting Episode 50
Collecting Episode 60
Finish Collecting Episodes in 89.32 seconds
avg value loss 591.2488848368326
Iteration 129/2000 - Average Reward: 2.3418566246659287
{'AREA': np.float64(154147.87710979988), 'weighted_R_M': -0.8327809528090155, 'weighted_R_T': 0.977799711128076, 'weighted_R_P': 4.430007510715061, 'cost_balance': np.float64(2.2331696399321657), 'R_T_ratio': 2.9367957574673155e-05, 'R_P_ratio': 0.00019638407813851424}
Training Iteration 129
Collecting Episode 0
Collecting Episode 10
Collecting Episode 20
Collecting Episode 30
Collecting Episode 40
Collecting Episode 50
Collecting Episode 60
Finish Collecting Episodes in 89.28 seconds
avg value loss 1334.6196005079482
Iteration 130/2000 - Average Reward: 2.416995610175137
{'AREA': np.float64(154307.17784266567), 'weighted_R_M': -0.7330889693579997, 'weighted_R_T': 0.9471198759145207, 'weighted_R_P': 4.394207424587673, 'cost_balance': np.float64(2.1912427088662065), 'R_T_ratio': 2.844631434589795e-05, 'R_P_ratio': 0.00019480215167870055}
Training Iteration 130
Collecting Episode 0
Collecting Episode 10
Collecting Episode 20
Collecting Episode 30
Collecting Episode 40
Collecting Episode 50
Collecting Episode 60
Finish Collecting Episodes in 89.34 seconds
avg value loss 537.2897482977974
Iteration 131/2000 - Average Reward: 2.509734282755138
{'AREA': np.float64(155375.846305432), 'weighted_R_M': -0.786360597073124, 'weighted_R_T': 1.0001597305138905, 'weighted_R_P': 4.396430969238281, 'cost_balance': np.float64(2.100495824880758), 'R_T_ratio': 3.004303953393597e-05, 'R_P_ratio': 0.00019490296084478942}
Training Iteration 131
Collecting Episode 0
Collecting Episode 10
Collecting Episode 20
Collecting Episode 30
Collecting Episode 40
Collecting Episode 50
Collecting Episode 60
Finish Collecting Episodes in 89.29 seconds
avg value loss 244.88309860229492
Iteration 132/2000 - Average Reward: 2.989913130256658
{'AREA': np.float64(161223.73799409682), 'weighted_R_M': -0.6407609699067002, 'weighted_R_T': 1.0148979102571805, 'weighted_R_P': 4.576396094428168, 'cost_balance': np.float64(1.9606199201306456), 'R_T_ratio': 3.0485741212780816e-05, 'R_P_ratio': 0.00020281224749694551}
Training Iteration 132
Collecting Episode 0
Collecting Episode 10
Collecting Episode 20
Collecting Episode 30
Collecting Episode 40
Collecting Episode 50
Collecting Episode 60
Finish Collecting Episodes in 89.37 seconds
avg value loss 282.0409418741862
Iteration 133/2000 - Average Reward: 2.5817662465269677
{'AREA': np.float64(156440.54712927595), 'weighted_R_M': -0.8813480216087757, 'weighted_R_T': 1.0359934013750818, 'weighted_R_P': 4.462813059488933, 'cost_balance': np.float64(2.035692193036285), 'R_T_ratio': 3.1118030386187126e-05, 'R_P_ratio': 0.00019785001682777933}
Training Iteration 133
Collecting Episode 0
Collecting Episode 10
Collecting Episode 20
Collecting Episode 30
Collecting Episode 40
Collecting Episode 50
Collecting Episode 60
Finish Collecting Episodes in 89.36 seconds
avg value loss 330.17070812649195
Iteration 134/2000 - Average Reward: 2.4742801783852175
{'AREA': np.float64(160885.21296443982), 'weighted_R_M': -0.7279441177372266, 'weighted_R_T': 0.9702440972129504, 'weighted_R_P': 4.284190283881293, 'cost_balance': np.float64(2.052210094966202), 'R_T_ratio': 2.9144828293445643e-05, 'R_P_ratio': 0.00018995644998467183}
Training Iteration 134
Collecting Episode 0
Collecting Episode 10
Collecting Episode 20
Collecting Episode 30
Collecting Episode 40
Collecting Episode 50
Collecting Episode 60
Finish Collecting Episodes in 89.25 seconds
avg value loss 820.972524854872
Iteration 135/2000 - Average Reward: 2.672882025485807
{'AREA': np.float64(157533.8824543503), 'weighted_R_M': -0.7883025644571009, 'weighted_R_T': 0.9903984351290597, 'weighted_R_P': 4.493219163682726, 'cost_balance': np.float64(2.022433005824657), 'R_T_ratio': 2.974979512023067e-05, 'R_P_ratio': 0.00019915711689949545}
Training Iteration 135
Collecting Episode 0
Collecting Episode 10
Collecting Episode 20
Collecting Episode 30
Collecting Episode 40
Collecting Episode 50
Collecting Episode 60
Finish Collecting Episodes in 89.30 seconds
avg value loss 1165.7680486043294
Iteration 136/2000 - Average Reward: 2.809031860133271
{'AREA': np.float64(159173.6736408572), 'weighted_R_M': -0.6678367858933901, 'weighted_R_T': 0.9714863780472014, 'weighted_R_P': 4.411019219292535, 'cost_balance': np.float64(1.9056369497248784), 'R_T_ratio': 2.9181111810412817e-05, 'R_P_ratio': 0.00019553888840751857}
Training Iteration 136
Collecting Episode 0
Collecting Episode 10
Collecting Episode 20
Collecting Episode 30
Collecting Episode 40
Collecting Episode 50
Collecting Episode 60
Finish Collecting Episodes in 89.30 seconds
avg value loss 1243.2325994703506
Iteration 137/2000 - Average Reward: 2.3438093116144754
{'AREA': np.float64(155531.32395340587), 'weighted_R_M': -0.6602998093684518, 'weighted_R_T': 0.9637434656421343, 'weighted_R_P': 4.2382922702365455, 'cost_balance': np.float64(2.1979266286349692), 'R_T_ratio': 2.8947967341487622e-05, 'R_P_ratio': 0.00018792936336098972}
Training Iteration 137
Collecting Episode 0
Collecting Episode 10
Collecting Episode 20
Collecting Episode 30
Collecting Episode 40
Collecting Episode 50
Collecting Episode 60
Finish Collecting Episodes in 89.44 seconds
avg value loss 453.6817872789171
Iteration 138/2000 - Average Reward: 3.1272866400993533
{'AREA': np.float64(158772.80236097184), 'weighted_R_M': -0.5888375983890405, 'weighted_R_T': 1.0769710772567325, 'weighted_R_P': 4.514428880479601, 'cost_balance': np.float64(1.8752757137088376), 'R_T_ratio': 3.2348796061269315e-05, 'R_P_ratio': 0.00020011654980168892}
Training Iteration 138
Collecting Episode 0
Collecting Episode 10
Collecting Episode 20
Collecting Episode 30
Collecting Episode 40
Collecting Episode 50
Collecting Episode 60
Finish Collecting Episodes in 89.27 seconds
avg value loss 533.6401528252495
Iteration 139/2000 - Average Reward: 2.5341201606723995
{'AREA': np.float64(156161.41623491002), 'weighted_R_M': -0.7344464109561765, 'weighted_R_T': 0.9665441595845752, 'weighted_R_P': 4.386867099338108, 'cost_balance': np.float64(2.084844673451719), 'R_T_ratio': 2.9030053021589538e-05, 'R_P_ratio': 0.00019447808688452837}
Training Iteration 139
Collecting Episode 0
Collecting Episode 10
Collecting Episode 20
Collecting Episode 30
Collecting Episode 40
Collecting Episode 50
Collecting Episode 60
Finish Collecting Episodes in 89.43 seconds
avg value loss 1947.7332259284126
Iteration 140/2000 - Average Reward: 2.729183203721833
{'AREA': np.float64(160417.6774204565), 'weighted_R_M': -0.649294841142263, 'weighted_R_T': 0.9420824547608694, 'weighted_R_P': 4.384531656901042, 'cost_balance': np.float64(1.9481360634131073), 'R_T_ratio': 2.829528923326922e-05, 'R_P_ratio': 0.00019437871634396067}
Training Iteration 140
Collecting Episode 0
Collecting Episode 10
Collecting Episode 20
Collecting Episode 30
Collecting Episode 40
Collecting Episode 50
Collecting Episode 60
Finish Collecting Episodes in 89.27 seconds
avg value loss 1955.4573279486763
Iteration 141/2000 - Average Reward: 1.7869290650705807
{'AREA': np.float64(173875.15153251102), 'weighted_R_M': -0.8141662775644565, 'weighted_R_T': 0.5424571136633555, 'weighted_R_P': 3.8515357971191406, 'cost_balance': np.float64(1.7928975551495019), 'R_T_ratio': 1.6279208433337163e-05, 'R_P_ratio': 0.00017084987790850277}
Training Iteration 141
Collecting Episode 0
Collecting Episode 10
Collecting Episode 20
Collecting Episode 30
Collecting Episode 40
Collecting Episode 50
Collecting Episode 60
Finish Collecting Episodes in 89.42 seconds
avg value loss 1298.1313976711697
Iteration 142/2000 - Average Reward: 1.7645703178390653
{'AREA': np.float64(167226.02029469304), 'weighted_R_M': -0.46969570737372934, 'weighted_R_T': 0.48688147134251064, 'weighted_R_P': 3.6201078626844616, 'cost_balance': np.float64(1.8727233117351285), 'R_T_ratio': 1.4611446149058306e-05, 'R_P_ratio': 0.0001606261713510785}
Training Iteration 142
Collecting Episode 0
Collecting Episode 10
Collecting Episode 20
Collecting Episode 30
Collecting Episode 40
Collecting Episode 50
Collecting Episode 60
Finish Collecting Episodes in 89.66 seconds
avg value loss 1951.6212412516277
Iteration 143/2000 - Average Reward: 1.3336313187286981
{'AREA': np.float64(183655.18071771998), 'weighted_R_M': 0.7955286169362807, 'weighted_R_T': 0.21183345963557562, 'weighted_R_P': 2.123355441623264, 'cost_balance': np.float64(1.7970862228681073), 'R_T_ratio': 6.3420125187702014e-06, 'R_P_ratio': 9.435607689108061e-05}
Training Iteration 143
Collecting Episode 0
Collecting Episode 10
Collecting Episode 20
Collecting Episode 30
Collecting Episode 40
Collecting Episode 50
Collecting Episode 60
Finish Collecting Episodes in 89.65 seconds
avg value loss 699.3361197577583
Iteration 144/2000 - Average Reward: 1.83304219793192
{'AREA': np.float64(177715.41617668868), 'weighted_R_M': 3.246332391010987, 'weighted_R_T': 0.37375009639395607, 'weighted_R_P': 0.0019484625922309028, 'cost_balance': np.float64(1.78898873427769), 'R_T_ratio': 1.1205249705395492e-05, 'R_P_ratio': -9.082693989815995e-08}
Training Iteration 144
Collecting Episode 0
Collecting Episode 10
Collecting Episode 20
Collecting Episode 30
Collecting Episode 40
Collecting Episode 50
Collecting Episode 60
Finish Collecting Episodes in 89.52 seconds
avg value loss 621.8009321424696
Iteration 145/2000 - Average Reward: 1.258480702585075
{'AREA': np.float64(180863.12002726542), 'weighted_R_M': 0.9486388361852328, 'weighted_R_T': 0.31288816614283455, 'weighted_R_P': 1.6928863525390625, 'cost_balance': np.float64(1.6959326415356692), 'R_T_ratio': 9.38459375188679e-06, 'R_P_ratio': 7.525194725070221e-05}
Training Iteration 145
Collecting Episode 0
Collecting Episode 10
Collecting Episode 20
Collecting Episode 30
Collecting Episode 40
Collecting Episode 50
Collecting Episode 60
Finish Collecting Episodes in 89.66 seconds
avg value loss 542.4059270222982
Iteration 146/2000 - Average Reward: 1.262163604680811
{'AREA': np.float64(171998.19794577739), 'weighted_R_M': 1.754279654106439, 'weighted_R_T': 0.35669654690557057, 'weighted_R_P': 1.0852974785698786, 'cost_balance': np.float64(1.9341100700699165), 'R_T_ratio': 1.0696463702252376e-05, 'R_P_ratio': 4.824660626900746e-05}
Training Iteration 146
Collecting Episode 0
Collecting Episode 10
Collecting Episode 20
Collecting Episode 30
Collecting Episode 40
Collecting Episode 50
Collecting Episode 60
Finish Collecting Episodes in 89.49 seconds
avg value loss 393.62344487508136
Iteration 147/2000 - Average Reward: 1.5414053860974188
{'AREA': np.float64(170116.4212544279), 'weighted_R_M': 2.0725906250222073, 'weighted_R_T': 0.5674833017918799, 'weighted_R_P': 0.9614312913682725, 'cost_balance': np.float64(2.060099838155764), 'R_T_ratio': 1.7035139962695874e-05, 'R_P_ratio': 4.271801354438498e-05}
Training Iteration 147
Collecting Episode 0
Collecting Episode 10
Collecting Episode 20
Collecting Episode 30
Collecting Episode 40
Collecting Episode 50
Collecting Episode 60
Finish Collecting Episodes in 89.54 seconds
avg value loss 1340.605027940538
Iteration 148/2000 - Average Reward: 1.09611494045627
{'AREA': np.float64(167835.0478456676), 'weighted_R_M': 1.0895309084252303, 'weighted_R_T': 0.5327061646514468, 'weighted_R_P': 1.5949757893880208, 'cost_balance': np.float64(2.1210979160648566), 'R_T_ratio': 1.5985453766582174e-05, 'R_P_ratio': 7.093596592515195e-05}
Training Iteration 148
Collecting Episode 0
Collecting Episode 10
Collecting Episode 20
Collecting Episode 30
Collecting Episode 40
Collecting Episode 50
Collecting Episode 60
Finish Collecting Episodes in 89.47 seconds
avg value loss 2329.2906901041665
Iteration 149/2000 - Average Reward: 1.9240384349638286
{'AREA': np.float64(176029.09785086435), 'weighted_R_M': 2.263139384393273, 'weighted_R_T': 0.4822289968530337, 'weighted_R_P': 1.04593997531467, 'cost_balance': np.float64(1.8672699198037965), 'R_T_ratio': 1.4468663572577021e-05, 'R_P_ratio': 4.649133016538921e-05}
Training Iteration 149
Collecting Episode 0
Collecting Episode 10
Collecting Episode 20
Collecting Episode 30
Collecting Episode 40
Collecting Episode 50
Collecting Episode 60
Finish Collecting Episodes in 89.56 seconds
avg value loss 570.1147371927897
Iteration 150/2000 - Average Reward: 1.6271914366774984
{'AREA': np.float64(184449.34976201088), 'weighted_R_M': 1.942233841239714, 'weighted_R_T': 0.2788483268684811, 'weighted_R_P': 1.040657467312283, 'cost_balance': np.float64(1.6345481973139078), 'R_T_ratio': 8.361938285860985e-06, 'R_P_ratio': 4.6231936210615175e-05}
Training Iteration 150
Collecting Episode 0
Collecting Episode 10
Collecting Episode 20
Collecting Episode 30
Collecting Episode 40
Collecting Episode 50
Collecting Episode 60
Finish Collecting Episodes in 89.62 seconds
avg value loss 638.7008633083767
Iteration 151/2000 - Average Reward: 1.2884663952863775
{'AREA': np.float64(176164.78439723715), 'weighted_R_M': 1.8670041761847136, 'weighted_R_T': 0.30007265011469525, 'weighted_R_P': 0.9548937479654948, 'cost_balance': np.float64(1.8335041808877877), 'R_T_ratio': 8.99348243270833e-06, 'R_P_ratio': 4.242052509502128e-05}
Training Iteration 151
Collecting Episode 0
Collecting Episode 10
Collecting Episode 20
Collecting Episode 30
Collecting Episode 40
Collecting Episode 50
Collecting Episode 60
Finish Collecting Episodes in 89.53 seconds
avg value loss 479.5701077779134
Iteration 152/2000 - Average Reward: 1.5912666133889515
{'AREA': np.float64(175355.53252756325), 'weighted_R_M': 1.7922759944859636, 'weighted_R_T': 0.4832301702764299, 'weighted_R_P': 1.16615719265408, 'cost_balance': np.float64(1.8503967485661958), 'R_T_ratio': 1.4500763784604089e-05, 'R_P_ratio': 5.18454003068072e-05}
Training Iteration 152
Collecting Episode 0
Collecting Episode 10
Collecting Episode 20
Collecting Episode 30
Collecting Episode 40
Collecting Episode 50
Collecting Episode 60
Finish Collecting Episodes in 89.64 seconds
avg value loss 902.0705261230469
Iteration 153/2000 - Average Reward: 1.9085557981808152
{'AREA': np.float64(177861.8372531389), 'weighted_R_M': 1.8334497539624661, 'weighted_R_T': 0.5107031514247259, 'weighted_R_P': 1.2955394321017795, 'cost_balance': np.float64(1.731136542867012), 'R_T_ratio': 1.532020747381513e-05, 'R_P_ratio': 5.7610406917510096e-05}
Training Iteration 153
Collecting Episode 0
Collecting Episode 10
Collecting Episode 20
Collecting Episode 30
Collecting Episode 40
Collecting Episode 50
Collecting Episode 60
Finish Collecting Episodes in 89.62 seconds
avg value loss 335.6402333577474
Iteration 154/2000 - Average Reward: 1.6017338331310182
{'AREA': np.float64(175829.0903787354), 'weighted_R_M': 1.6428325147512117, 'weighted_R_T': 0.4781472194525931, 'weighted_R_P': 1.2800649007161458, 'cost_balance': np.float64(1.7993108029796194), 'R_T_ratio': 1.434767157347219e-05, 'R_P_ratio': 5.692712054761647e-05}
Training Iteration 154
Collecting Episode 0
Collecting Episode 10
Collecting Episode 20
Collecting Episode 30
Collecting Episode 40
Collecting Episode 50
Collecting Episode 60
Finish Collecting Episodes in 89.58 seconds
avg value loss 450.24552239312067
Iteration 155/2000 - Average Reward: 1.6856261147574212
{'AREA': np.float64(177223.9881587932), 'weighted_R_M': 1.7207610136149216, 'weighted_R_T': 0.37362022863494027, 'weighted_R_P': 1.335286882188585, 'cost_balance': np.float64(1.7440420028584707), 'R_T_ratio': 1.1203985628529164e-05, 'R_P_ratio': 5.936290991857366e-05}
Training Iteration 155
Collecting Episode 0
Collecting Episode 10
Collecting Episode 20
Collecting Episode 30
Collecting Episode 40
Collecting Episode 50
Collecting Episode 60
Finish Collecting Episodes in 89.52 seconds
avg value loss 744.0593727959526
Iteration 156/2000 - Average Reward: 1.7064301989157684
{'AREA': np.float64(172899.04987513885), 'weighted_R_M': 1.852678286757004, 'weighted_R_T': 0.4434311356809404, 'weighted_R_P': 1.2491501702202692, 'cost_balance': np.float64(1.8388293965785714), 'R_T_ratio': 1.3300448257156742e-05, 'R_P_ratio': 5.556195134193914e-05}
Training Iteration 156
Collecting Episode 0
Collecting Episode 10
Collecting Episode 20
Collecting Episode 30
Collecting Episode 40
Collecting Episode 50
Collecting Episode 60
Finish Collecting Episodes in 89.59 seconds
avg value loss 1202.5524800618489
Iteration 157/2000 - Average Reward: 2.272997332290591
{'AREA': np.float64(177371.6351114079), 'weighted_R_M': 2.114606296728501, 'weighted_R_T': 0.5629886347386572, 'weighted_R_P': 1.2231246100531683, 'cost_balance': np.float64(1.627722208265236), 'R_T_ratio': 1.689600490158458e-05, 'R_P_ratio': 5.4375604573616505e-05}
Training Iteration 157
Collecting Episode 0
Collecting Episode 10
Collecting Episode 20
Collecting Episode 30
Collecting Episode 40
Collecting Episode 50
Collecting Episode 60
Finish Collecting Episodes in 89.54 seconds
avg value loss 1172.7272364298503
Iteration 158/2000 - Average Reward: 1.8287876856371037
{'AREA': np.float64(183490.86397004954), 'weighted_R_M': 1.6225460647604752, 'weighted_R_T': 0.41445199565755, 'weighted_R_P': 1.4410447014702692, 'cost_balance': np.float64(1.649255063519088), 'R_T_ratio': 1.2430335167070026e-05, 'R_P_ratio': 6.406466915800626e-05}
Training Iteration 158
Collecting Episode 0
Collecting Episode 10
Collecting Episode 20
Collecting Episode 30
Collecting Episode 40
Collecting Episode 50
Collecting Episode 60
Finish Collecting Episodes in 89.64 seconds
avg value loss 733.9220614963108
Iteration 159/2000 - Average Reward: 2.129963169449992
{'AREA': np.float64(178783.1050081404), 'weighted_R_M': 2.027569086211568, 'weighted_R_T': 0.4514244670669238, 'weighted_R_P': 1.1633957756890192, 'cost_balance': np.float64(1.5124261498900955), 'R_T_ratio': 1.3537279968571668e-05, 'R_P_ratio': 5.1732896529139825e-05}
Training Iteration 159
Collecting Episode 0
Collecting Episode 10
Collecting Episode 20
Collecting Episode 30
Collecting Episode 40
Collecting Episode 50
Collecting Episode 60
Finish Collecting Episodes in 89.50 seconds
avg value loss 756.5763041178385
Iteration 160/2000 - Average Reward: 2.1436442809257037
{'AREA': np.float64(177808.63393816203), 'weighted_R_M': 1.8262998566676996, 'weighted_R_T': 0.6414939554201232, 'weighted_R_P': 1.3694725036621094, 'cost_balance': np.float64(1.693622031365258), 'R_T_ratio': 1.9254263640853932e-05, 'R_P_ratio': 6.0911452452994735e-05}
Checkpoint saved to checkpoints/ckpt_single_shared_attention_160_2.14.pt
Training Iteration 160
Collecting Episode 0
Collecting Episode 10
Collecting Episode 20
Collecting Episode 30
Collecting Episode 40
Collecting Episode 50
Collecting Episode 60
Finish Collecting Episodes in 89.28 seconds
avg value loss 1020.5327309502495
Iteration 161/2000 - Average Reward: 1.7268205381114967
{'AREA': np.float64(180063.0627955774), 'weighted_R_M': 1.8812649263612304, 'weighted_R_T': 0.3609190599785911, 'weighted_R_P': 1.2103072272406683, 'cost_balance': np.float64(1.72567066174808), 'R_T_ratio': 1.0821648730561919e-05, 'R_P_ratio': 5.3807441997981274e-05}
Training Iteration 161
Collecting Episode 0
Collecting Episode 10
Collecting Episode 20
Collecting Episode 30
Collecting Episode 40
Collecting Episode 50
Collecting Episode 60
Finish Collecting Episodes in 89.33 seconds
avg value loss 831.659167819553
Iteration 162/2000 - Average Reward: 2.153442403094636
{'AREA': np.float64(177186.00926021612), 'weighted_R_M': 2.129613860524134, 'weighted_R_T': 0.5877794085277451, 'weighted_R_P': 1.1954684787326388, 'cost_balance': np.float64(1.759419345537541), 'R_T_ratio': 1.7642519505182513e-05, 'R_P_ratio': 5.314283750329804e-05}
Training Iteration 162
Collecting Episode 0
Collecting Episode 10
Collecting Episode 20
Collecting Episode 30
Collecting Episode 40
Collecting Episode 50
Collecting Episode 60
Finish Collecting Episodes in 89.27 seconds
avg value loss 970.0329581366645
Iteration 163/2000 - Average Reward: 1.846563751996857
{'AREA': np.float64(179767.39105878814), 'weighted_R_M': 1.7747711168623128, 'weighted_R_T': 0.6177710990111033, 'weighted_R_P': 1.3391181098090277, 'cost_balance': np.float64(1.885096562290904), 'R_T_ratio': 1.853753814849547e-05, 'R_P_ratio': 5.9559347744600785e-05}
Training Iteration 163
Collecting Episode 0
Collecting Episode 10
Collecting Episode 20
Collecting Episode 30
Collecting Episode 40
Collecting Episode 50
Collecting Episode 60
Finish Collecting Episodes in 89.44 seconds
avg value loss 975.1172654893663
Iteration 164/2000 - Average Reward: 1.7175625909973558
{'AREA': np.float64(172196.50809880914), 'weighted_R_M': 1.9788676501581601, 'weighted_R_T': 0.5569412468208207, 'weighted_R_P': 1.134810553656684, 'cost_balance': np.float64(1.9530568681705884), 'R_T_ratio': 1.671180359636025e-05, 'R_P_ratio': 5.046339125239219e-05}
Training Iteration 164
Collecting Episode 0
Collecting Episode 10
Collecting Episode 20
Collecting Episode 30
Collecting Episode 40
Collecting Episode 50
Collecting Episode 60
Finish Collecting Episodes in 89.27 seconds
avg value loss 589.6455510457357
Iteration 165/2000 - Average Reward: 1.7364761062975351
{'AREA': np.float64(174734.69025775135), 'weighted_R_M': 1.9425441434273631, 'weighted_R_T': 0.45526203761498135, 'weighted_R_P': 1.1563631693522136, 'cost_balance': np.float64(1.8176932342765157), 'R_T_ratio': 1.3665135172612968e-05, 'R_P_ratio': 5.1413419101352544e-05}
Training Iteration 165
Collecting Episode 0
Collecting Episode 10
Collecting Episode 20
Collecting Episode 30
Collecting Episode 40
Collecting Episode 50
Collecting Episode 60
Finish Collecting Episodes in 89.42 seconds
avg value loss 629.5650533040365
Iteration 166/2000 - Average Reward: 1.9529560405191861
{'AREA': np.float64(174983.62140511718), 'weighted_R_M': 2.115752120886706, 'weighted_R_T': 0.5556280828184552, 'weighted_R_P': 1.1413175794813368, 'cost_balance': np.float64(1.859741740117909), 'R_T_ratio': 1.6670766544824023e-05, 'R_P_ratio': 5.0751442251695256e-05}
Training Iteration 166
Collecting Episode 0
Collecting Episode 10
Collecting Episode 20
Collecting Episode 30
Collecting Episode 40
Collecting Episode 50
Collecting Episode 60
Finish Collecting Episodes in 89.25 seconds
avg value loss 517.2197320726183
Iteration 167/2000 - Average Reward: 1.7566069913575322
{'AREA': np.float64(176545.4072953509), 'weighted_R_M': 2.1478116275227674, 'weighted_R_T': 0.4955883026123047, 'weighted_R_P': 1.0773158603244357, 'cost_balance': np.float64(1.964108800910233), 'R_T_ratio': 1.486566168119257e-05, 'R_P_ratio': 4.78913592294353e-05}
Training Iteration 167
Collecting Episode 0
Collecting Episode 10
Collecting Episode 20
Collecting Episode 30
Collecting Episode 40
Collecting Episode 50
Collecting Episode 60
Finish Collecting Episodes in 89.40 seconds
avg value loss 597.2470635308159
Iteration 168/2000 - Average Reward: 1.7125765008774276
{'AREA': np.float64(174613.89994330367), 'weighted_R_M': 2.068618666361039, 'weighted_R_T': 0.4782672557565901, 'weighted_R_P': 1.1408203972710504, 'cost_balance': np.float64(1.9751298326873912), 'R_T_ratio': 1.4349384069572362e-05, 'R_P_ratio': 5.073269397606575e-05}
Training Iteration 168
Collecting Episode 0
Collecting Episode 10
Collecting Episode 20
Collecting Episode 30
Collecting Episode 40
Collecting Episode 50
Collecting Episode 60
Finish Collecting Episodes in 89.29 seconds
avg value loss 887.1195509168837
Iteration 169/2000 - Average Reward: 1.8557760158696004
{'AREA': np.float64(178605.5669003694), 'weighted_R_M': 1.9351342556842104, 'weighted_R_T': 0.4120057225227356, 'weighted_R_P': 1.0829590691460504, 'cost_balance': np.float64(1.57432303635731), 'R_T_ratio': 1.235680769943089e-05, 'R_P_ratio': 4.815749857349505e-05}
Training Iteration 169
Collecting Episode 0
Collecting Episode 10
Collecting Episode 20
Collecting Episode 30
Collecting Episode 40
Collecting Episode 50
Collecting Episode 60
Finish Collecting Episodes in 89.41 seconds
avg value loss 509.22174750434027
Iteration 170/2000 - Average Reward: 2.1998128397390246
{'AREA': np.float64(176897.08857716108), 'weighted_R_M': 2.047715779687072, 'weighted_R_T': 0.6756693555249108, 'weighted_R_P': 1.2503751118977864, 'cost_balance': np.float64(1.7739474065158618), 'R_T_ratio': 2.0286139017844066e-05, 'R_P_ratio': 5.5600575184805434e-05}
Training Iteration 170
Collecting Episode 0
Collecting Episode 10
Collecting Episode 20
Collecting Episode 30
Collecting Episode 40
Collecting Episode 50
Collecting Episode 60
Finish Collecting Episodes in 89.27 seconds
avg value loss 487.515618218316
Iteration 171/2000 - Average Reward: 2.4449511320433683
{'AREA': np.float64(174797.9423943796), 'weighted_R_M': 2.0663647589861083, 'weighted_R_T': 0.7536593418982294, 'weighted_R_P': 1.433396233452691, 'cost_balance': np.float64(1.808469198327457), 'R_T_ratio': 2.262278958981012e-05, 'R_P_ratio': 6.376821974162412e-05}
Training Iteration 171
Collecting Episode 0
Collecting Episode 10
Collecting Episode 20
Collecting Episode 30
Collecting Episode 40
Collecting Episode 50
Collecting Episode 60
Finish Collecting Episodes in 89.33 seconds
avg value loss 491.07050111558704
Iteration 172/2000 - Average Reward: 1.9242516844274684
{'AREA': np.float64(173178.19466831765), 'weighted_R_M': 1.888391947407096, 'weighted_R_T': 0.6440390522281328, 'weighted_R_P': 1.2168833414713542, 'cost_balance': np.float64(1.8250626554642908), 'R_T_ratio': 1.9330155830258693e-05, 'R_P_ratio': 5.4128790076402956e-05}
Training Iteration 172
Collecting Episode 0
Collecting Episode 10
Collecting Episode 20
Collecting Episode 30
Collecting Episode 40
Collecting Episode 50
Collecting Episode 60
Finish Collecting Episodes in 89.35 seconds
avg value loss 408.58546998765735
Iteration 173/2000 - Average Reward: 1.99330236194914
{'AREA': np.float64(172000.06557628262), 'weighted_R_M': 1.8347299632173923, 'weighted_R_T': 0.6361326417989202, 'weighted_R_P': 1.403058369954427, 'cost_balance': np.float64(1.8806186290144327), 'R_T_ratio': 1.9092125634717012e-05, 'R_P_ratio': 6.240161415728263e-05}
Training Iteration 173
Collecting Episode 0
Collecting Episode 10
Collecting Episode 20
Collecting Episode 30
Collecting Episode 40
Collecting Episode 50
Collecting Episode 60
Finish Collecting Episodes in 89.38 seconds
avg value loss 371.74884202745227
Iteration 174/2000 - Average Reward: 1.9792451927464247
{'AREA': np.float64(172675.6582624003), 'weighted_R_M': 2.0074193349252405, 'weighted_R_T': 0.601228740480211, 'weighted_R_P': 1.1956960890028212, 'cost_balance': np.float64(1.8250989695934356), 'R_T_ratio': 1.8045777557739357e-05, 'R_P_ratio': 5.3189031068115455e-05}
Training Iteration 174
Collecting Episode 0
Collecting Episode 10
Collecting Episode 20
Collecting Episode 30
Collecting Episode 40
Collecting Episode 50
Collecting Episode 60
Finish Collecting Episodes in 89.42 seconds
avg value loss 900.2950269911024
Iteration 175/2000 - Average Reward: 2.541235856317346
{'AREA': np.float64(175333.74910264535), 'weighted_R_M': 2.134772050343498, 'weighted_R_T': 0.774790532886982, 'weighted_R_P': 1.3415018717447917, 'cost_balance': np.float64(1.709828614523496), 'R_T_ratio': 2.3258915948774926e-05, 'R_P_ratio': 5.967170108641765e-05}
Training Iteration 175
Collecting Episode 0
Collecting Episode 10
Collecting Episode 20
Collecting Episode 30
Collecting Episode 40
Collecting Episode 50
Collecting Episode 60
Finish Collecting Episodes in 89.36 seconds
avg value loss 470.96505482991535
Iteration 176/2000 - Average Reward: 2.4867105702481545
{'AREA': np.float64(174166.77109829642), 'weighted_R_M': 1.959854547809098, 'weighted_R_T': 0.7533654587136375, 'weighted_R_P': 1.4868562486436632, 'cost_balance': np.float64(1.7133656880285728), 'R_T_ratio': 2.261950544588572e-05, 'R_P_ratio': 6.612760424270749e-05}
Training Iteration 176
Collecting Episode 0
Collecting Episode 10
Collecting Episode 20
Collecting Episode 30
Collecting Episode 40
Collecting Episode 50
Collecting Episode 60
Finish Collecting Episodes in 89.35 seconds
avg value loss 1189.3570200602214
Iteration 177/2000 - Average Reward: 2.021527277674371
{'AREA': np.float64(174303.17421286958), 'weighted_R_M': 1.8656490016317346, 'weighted_R_T': 0.6177695468068123, 'weighted_R_P': 1.3266966078016493, 'cost_balance': np.float64(1.7885878737234273), 'R_T_ratio': 1.854146091618177e-05, 'R_P_ratio': 5.9016544837050176e-05}
Training Iteration 177
Collecting Episode 0
Collecting Episode 10
Collecting Episode 20
Collecting Episode 30
Collecting Episode 40
Collecting Episode 50
Collecting Episode 60
Finish Collecting Episodes in 89.34 seconds
avg value loss 352.51531812879773
Iteration 178/2000 - Average Reward: 1.919414752751537
{'AREA': np.float64(173463.18855853286), 'weighted_R_M': 1.807226795498031, 'weighted_R_T': 0.5688880466752582, 'weighted_R_P': 1.2074559529622395, 'cost_balance': np.float64(1.6641560484443993), 'R_T_ratio': 1.7076031511341503e-05, 'R_P_ratio': 5.3700926115553736e-05}
Training Iteration 178
Collecting Episode 0
Collecting Episode 10
Collecting Episode 20
Collecting Episode 30
Collecting Episode 40
Collecting Episode 50
Collecting Episode 60
Finish Collecting Episodes in 89.39 seconds
avg value loss 377.7467231750488
Iteration 179/2000 - Average Reward: 1.8844167387384612
{'AREA': np.float64(172143.77305134546), 'weighted_R_M': 1.926486845716176, 'weighted_R_T': 0.5707812193367217, 'weighted_R_P': 1.212872823079427, 'cost_balance': np.float64(1.8257241459911953), 'R_T_ratio': 1.713211326790581e-05, 'R_P_ratio': 5.3948570311322506e-05}
Training Iteration 179
Collecting Episode 0
Collecting Episode 10
Collecting Episode 20
Collecting Episode 30
Collecting Episode 40
Collecting Episode 50
Collecting Episode 60
Finish Collecting Episodes in 89.33 seconds
avg value loss 628.3801981608073
Iteration 180/2000 - Average Reward: 2.1100357207210942
{'AREA': np.float64(174004.1406546837), 'weighted_R_M': 1.870961671380327, 'weighted_R_T': 0.7137532018952899, 'weighted_R_P': 1.3256106906467013, 'cost_balance': np.float64(1.8002898396367657), 'R_T_ratio': 2.1419219447965346e-05, 'R_P_ratio': 5.895304138978868e-05}
Training Iteration 180
Collecting Episode 0
Collecting Episode 10
Collecting Episode 20
Collecting Episode 30
Collecting Episode 40
Collecting Episode 50
Collecting Episode 60
Finish Collecting Episodes in 89.38 seconds
avg value loss 1088.6169526841904
Iteration 181/2000 - Average Reward: 2.1438144075541965
{'AREA': np.float64(176477.6653431562), 'weighted_R_M': 1.9432851139422889, 'weighted_R_T': 0.5991746568017535, 'weighted_R_P': 1.2587131924099393, 'cost_balance': np.float64(1.6573585582282295), 'R_T_ratio': 1.7984412372391072e-05, 'R_P_ratio': 5.597575029371119e-05}
Training Iteration 181
Collecting Episode 0
Collecting Episode 10
Collecting Episode 20
Collecting Episode 30
Collecting Episode 40
Collecting Episode 50
Collecting Episode 60
Finish Collecting Episodes in 89.35 seconds
avg value loss 3226.1841854519316
Iteration 182/2000 - Average Reward: 2.169171512094585
{'AREA': np.float64(177061.58625674667), 'weighted_R_M': 1.9639224169226912, 'weighted_R_T': 0.7264031511214044, 'weighted_R_P': 1.3059798346625433, 'cost_balance': np.float64(1.8271338993341024), 'R_T_ratio': 2.180839624891456e-05, 'R_P_ratio': 5.809993523854374e-05}
Training Iteration 182
Collecting Episode 0
Collecting Episode 10
Collecting Episode 20
Collecting Episode 30
Collecting Episode 40
Collecting Episode 50
Collecting Episode 60
Finish Collecting Episodes in 89.37 seconds
avg value loss 2193.805937025282
Iteration 183/2000 - Average Reward: 1.9996173961553723
{'AREA': np.float64(173601.39396623764), 'weighted_R_M': 1.8579473325144136, 'weighted_R_T': 0.5638159604536163, 'weighted_R_P': 1.3641115824381511, 'cost_balance': np.float64(1.7862574695965172), 'R_T_ratio': 1.6917619590060367e-05, 'R_P_ratio': 6.067791917003302e-05}
Training Iteration 183
Collecting Episode 0
Collecting Episode 10
Collecting Episode 20
Collecting Episode 30
Collecting Episode 40
Collecting Episode 50
Collecting Episode 60
Finish Collecting Episodes in 89.31 seconds
avg value loss 532.1816457112631
Iteration 184/2000 - Average Reward: 2.180781466284922
{'AREA': np.float64(170172.40345938416), 'weighted_R_M': 2.0481284826443393, 'weighted_R_T': 0.7012207069330745, 'weighted_R_P': 1.3351402282714844, 'cost_balance': np.float64(1.9037079536688966), 'R_T_ratio': 2.1052857480857723e-05, 'R_P_ratio': 5.9371819120158466e-05}
Training Iteration 184
Collecting Episode 0
Collecting Episode 10
Collecting Episode 20
Collecting Episode 30
Collecting Episode 40
Collecting Episode 50
Collecting Episode 60
Finish Collecting Episodes in 89.16 seconds
avg value loss 332.68002065022785
Iteration 185/2000 - Average Reward: 2.3547697128702163
{'AREA': np.float64(173738.9906512758), 'weighted_R_M': 2.09051801591694, 'weighted_R_T': 0.691180531349447, 'weighted_R_P': 1.2688543531629775, 'cost_balance': np.float64(1.695783185634412), 'R_T_ratio': 2.0747404251477944e-05, 'R_P_ratio': 5.643702789606686e-05}
Training Iteration 185
Collecting Episode 0
Collecting Episode 10
Collecting Episode 20
Collecting Episode 30
Collecting Episode 40
Collecting Episode 50
Collecting Episode 60
Finish Collecting Episodes in 89.22 seconds
avg value loss 296.09037102593317
Iteration 186/2000 - Average Reward: 2.188332306615646
{'AREA': np.float64(166481.71455627712), 'weighted_R_M': 1.7660015168773195, 'weighted_R_T': 0.7693335008290079, 'weighted_R_P': 1.4630020989312067, 'cost_balance': np.float64(1.8100048045683836), 'R_T_ratio': 2.3100196178961628e-05, 'R_P_ratio': 6.505724017246633e-05}
Training Iteration 186
Collecting Episode 0
Collecting Episode 10
Collecting Episode 20
Collecting Episode 30
Collecting Episode 40
Collecting Episode 50
Collecting Episode 60
Finish Collecting Episodes in 89.15 seconds
avg value loss 309.9411854214138
Iteration 187/2000 - Average Reward: 2.232136085668268
{'AREA': np.float64(170522.95867840372), 'weighted_R_M': 1.8427812662310115, 'weighted_R_T': 0.7232795995142725, 'weighted_R_P': 1.371930440266927, 'cost_balance': np.float64(1.7058552187049365), 'R_T_ratio': 2.171502742002698e-05, 'R_P_ratio': 6.102633178705568e-05}
Training Iteration 187
Collecting Episode 0
Collecting Episode 10
Collecting Episode 20
Collecting Episode 30
Collecting Episode 40
Collecting Episode 50
Collecting Episode 60
Finish Collecting Episodes in 89.26 seconds
avg value loss 408.0383355882433
Iteration 188/2000 - Average Reward: 2.5102704324009313
{'AREA': np.float64(172651.40772219223), 'weighted_R_M': 1.8878101848723519, 'weighted_R_T': 0.8222103748056624, 'weighted_R_P': 1.5688463846842449, 'cost_balance': np.float64(1.7685965170411257), 'R_T_ratio': 2.4688176942990687e-05, 'R_P_ratio': 6.976334685599193e-05}
Training Iteration 188
Collecting Episode 0
Collecting Episode 10
Collecting Episode 20
Collecting Episode 30
Collecting Episode 40
Collecting Episode 50
Collecting Episode 60
Finish Collecting Episodes in 89.16 seconds
avg value loss 530.0224736531576
Iteration 189/2000 - Average Reward: 2.4379425714788443
{'AREA': np.float64(175408.12513055926), 'weighted_R_M': 1.9987052423732368, 'weighted_R_T': 0.758610355357329, 'weighted_R_P': 1.4379908243815105, 'cost_balance': np.float64(1.7573638428896285), 'R_T_ratio': 2.277408631013969e-05, 'R_P_ratio': 6.397245513428222e-05}
Training Iteration 189
Collecting Episode 0
Collecting Episode 10
Collecting Episode 20
Collecting Episode 30
Collecting Episode 40
Collecting Episode 50
Collecting Episode 60
Finish Collecting Episodes in 89.26 seconds
avg value loss 1116.7682664659287
Iteration 190/2000 - Average Reward: 2.546427369305295
{'AREA': np.float64(176775.7483221101), 'weighted_R_M': 1.9646083158101344, 'weighted_R_T': 0.7630610424611304, 'weighted_R_P': 1.5915870666503906, 'cost_balance': np.float64(1.77282906000023), 'R_T_ratio': 2.291122508508066e-05, 'R_P_ratio': 7.076703746627327e-05}
Training Iteration 190
Collecting Episode 0
Collecting Episode 10
Collecting Episode 20
Collecting Episode 30
Collecting Episode 40
Collecting Episode 50
Collecting Episode 60
Finish Collecting Episodes in 89.15 seconds
avg value loss 403.4969295925564
Iteration 191/2000 - Average Reward: 2.605030753824394
{'AREA': np.float64(173538.6379491478), 'weighted_R_M': 1.8998372738763767, 'weighted_R_T': 0.7974966946575377, 'weighted_R_P': 1.5837059020996094, 'cost_balance': np.float64(1.6760091272936217), 'R_T_ratio': 2.3945888499624706e-05, 'R_P_ratio': 7.044090092223837e-05}
Training Iteration 191
Collecting Episode 0
Collecting Episode 10
Collecting Episode 20
Collecting Episode 30
Collecting Episode 40
Collecting Episode 50
Collecting Episode 60
Finish Collecting Episodes in 89.34 seconds
avg value loss 1084.2812491522895
Iteration 192/2000 - Average Reward: 2.8560771387937063
{'AREA': np.float64(176081.34540870378), 'weighted_R_M': 2.1522233296093165, 'weighted_R_T': 0.8040557925899824, 'weighted_R_P': 1.5684110853407118, 'cost_balance': np.float64(1.668613062631585), 'R_T_ratio': 2.4143779576338287e-05, 'R_P_ratio': 6.974554130062847e-05}
Training Iteration 192
Collecting Episode 0
Collecting Episode 10
Collecting Episode 20
Collecting Episode 30
Collecting Episode 40
Collecting Episode 50
Collecting Episode 60
Finish Collecting Episodes in 89.22 seconds
avg value loss 1936.8557883368599
Iteration 193/2000 - Average Reward: 1.9153995985204044
{'AREA': np.float64(172832.45616940808), 'weighted_R_M': 1.7012387198114487, 'weighted_R_T': 0.616231829755836, 'weighted_R_P': 1.3240911695692275, 'cost_balance': np.float64(1.7261621087053778), 'R_T_ratio': 1.8497338065439875e-05, 'R_P_ratio': 5.8891059747320477e-05}
Training Iteration 193
Collecting Episode 0
Collecting Episode 10
Collecting Episode 20
Collecting Episode 30
Collecting Episode 40
Collecting Episode 50
Collecting Episode 60
Finish Collecting Episodes in 89.41 seconds
avg value loss 806.359605577257
Iteration 194/2000 - Average Reward: 2.290669782727491
{'AREA': np.float64(171899.65854166378), 'weighted_R_M': 1.67730069128811, 'weighted_R_T': 0.7522649442156156, 'weighted_R_P': 1.5668067932128906, 'cost_balance': np.float64(1.7057026514361044), 'R_T_ratio': 2.2583932465743912e-05, 'R_P_ratio': 6.96958714294803e-05}
Training Iteration 194
Collecting Episode 0
Collecting Episode 10
Collecting Episode 20
Collecting Episode 30
Collecting Episode 40
Collecting Episode 50
Collecting Episode 60
Finish Collecting Episodes in 89.15 seconds
avg value loss 444.4168116251628
Iteration 195/2000 - Average Reward: 2.5753586393806875
{'AREA': np.float64(179677.79744960705), 'weighted_R_M': 1.942113162640453, 'weighted_R_T': 0.7264797273609374, 'weighted_R_P': 1.3958617316351996, 'cost_balance': np.float64(1.4890959774036452), 'R_T_ratio': 2.1809020373057358e-05, 'R_P_ratio': 6.207686429058705e-05}
Training Iteration 195
Collecting Episode 0
Collecting Episode 10
Collecting Episode 20
Collecting Episode 30
Collecting Episode 40
Collecting Episode 50
Collecting Episode 60
Finish Collecting Episodes in 89.26 seconds
avg value loss 474.5251697964138
Iteration 196/2000 - Average Reward: 1.960335296087174
{'AREA': np.float64(176316.70931110103), 'weighted_R_M': 1.7006792763732947, 'weighted_R_T': 0.6167683750391006, 'weighted_R_P': 1.43833499484592, 'cost_balance': np.float64(1.7954473375784927), 'R_T_ratio': 1.8507699890432045e-05, 'R_P_ratio': 6.397210715259092e-05}
Training Iteration 196
Collecting Episode 0
Collecting Episode 10
Collecting Episode 20
Collecting Episode 30
Collecting Episode 40
Collecting Episode 50
Collecting Episode 60
Finish Collecting Episodes in 89.14 seconds
avg value loss 930.6008054945204
Iteration 197/2000 - Average Reward: 1.823605521329834
{'AREA': np.float64(171586.26635139354), 'weighted_R_M': 1.8235542108741356, 'weighted_R_T': 0.654962432053354, 'weighted_R_P': 1.2857098049587674, 'cost_balance': np.float64(1.9406209256558442), 'R_T_ratio': 1.9655740757433384e-05, 'R_P_ratio': 5.7199139730810316e-05}
Training Iteration 197
Collecting Episode 0
Collecting Episode 10
Collecting Episode 20
Collecting Episode 30
Collecting Episode 40
Collecting Episode 50
Collecting Episode 60
Finish Collecting Episodes in 89.19 seconds
avg value loss 426.45481448703345
Iteration 198/2000 - Average Reward: 2.910764263496579
{'AREA': np.float64(175468.79739507995), 'weighted_R_M': 1.9667604670716576, 'weighted_R_T': 0.9726324213875664, 'weighted_R_P': 1.7109989590115018, 'cost_balance': np.float64(1.7396275716557439), 'R_T_ratio': 2.9206893435014997e-05, 'R_P_ratio': 7.608932459278307e-05}
Training Iteration 198
Collecting Episode 0
Collecting Episode 10
Collecting Episode 20
Collecting Episode 30
Collecting Episode 40
Collecting Episode 50
Collecting Episode 60
Finish Collecting Episodes in 89.17 seconds
avg value loss 764.0237223307291
Iteration 199/2000 - Average Reward: 2.250753271736256
{'AREA': np.float64(168407.70322694405), 'weighted_R_M': 1.909656831428846, 'weighted_R_T': 0.7828237074944708, 'weighted_R_P': 1.491911146375868, 'cost_balance': np.float64(1.9336383985790933), 'R_T_ratio': 2.3504300146227124e-05, 'R_P_ratio': 6.635642921866876e-05}
Training Iteration 199
Collecting Episode 0
Collecting Episode 10
Collecting Episode 20
Collecting Episode 30
Collecting Episode 40
Collecting Episode 50
Collecting Episode 60
Finish Collecting Episodes in 89.20 seconds
avg value loss 2070.0897589789497
Iteration 200/2000 - Average Reward: 2.756206142108163
{'AREA': np.float64(173472.81529343044), 'weighted_R_M': 1.9848723320628778, 'weighted_R_T': 0.8575043959750069, 'weighted_R_P': 1.5928988986545138, 'cost_balance': np.float64(1.6790694882283728), 'R_T_ratio': 2.5746574345983683e-05, 'R_P_ratio': 7.08365202118767e-05}
Checkpoint saved to checkpoints/ckpt_single_shared_attention_200_2.76.pt
Training Iteration 200
Collecting Episode 0
Collecting Episode 10
Collecting Episode 20
Collecting Episode 30
Collecting Episode 40
Collecting Episode 50
Collecting Episode 60
Finish Collecting Episodes in 89.27 seconds
avg value loss 1164.9654252794053
Iteration 201/2000 - Average Reward: 2.5353111380310214
{'AREA': np.float64(170411.4056534726), 'weighted_R_M': 2.070537925887442, 'weighted_R_T': 0.8672879387935003, 'weighted_R_P': 1.3322652180989583, 'cost_balance': np.float64(1.7347799472831549), 'R_T_ratio': 2.6046504417201158e-05, 'R_P_ratio': 5.9254057591077834e-05}
Training Iteration 201
Collecting Episode 0
Collecting Episode 10
Collecting Episode 20
Collecting Episode 30
Collecting Episode 40
Collecting Episode 50
Collecting Episode 60
Finish Collecting Episodes in 89.20 seconds
avg value loss 724.5505277845594
Iteration 202/2000 - Average Reward: 3.3219616502400537
{'AREA': np.float64(177445.95447912457), 'weighted_R_M': 2.185140358426098, 'weighted_R_T': 1.006783503625128, 'weighted_R_P': 1.5671174791124132, 'cost_balance': np.float64(1.4370796886782615), 'R_T_ratio': 3.0235517190361895e-05, 'R_P_ratio': 6.970791556469723e-05}
Training Iteration 202
Collecting Episode 0
Collecting Episode 10
Collecting Episode 20
Collecting Episode 30
Collecting Episode 40
Collecting Episode 50
Collecting Episode 60
Finish Collecting Episodes in 89.29 seconds
avg value loss 844.5221837361654
Iteration 203/2000 - Average Reward: 2.8591040766785025
{'AREA': np.float64(167625.76631747992), 'weighted_R_M': 2.1711599630798446, 'weighted_R_T': 0.992117760082086, 'weighted_R_P': 1.5773654513888888, 'cost_balance': np.float64(1.8815390887512307), 'R_T_ratio': 2.9797658995672463e-05, 'R_P_ratio': 7.016553279069903e-05}
Training Iteration 203
Collecting Episode 0
Collecting Episode 10
Collecting Episode 20
Collecting Episode 30
Collecting Episode 40
Collecting Episode 50
Collecting Episode 60
Finish Collecting Episodes in 89.16 seconds
avg value loss 724.0476286146376
Iteration 204/2000 - Average Reward: 2.611666017891063
{'AREA': np.float64(173614.64216656316), 'weighted_R_M': 2.1162646400265053, 'weighted_R_T': 0.8024658179945416, 'weighted_R_P': 1.3988270229763455, 'cost_balance': np.float64(1.7058914452209142), 'R_T_ratio': 2.4094826160083985e-05, 'R_P_ratio': 6.22151376971019e-05}
Training Iteration 204
Collecting Episode 0
Collecting Episode 10
Collecting Episode 20
Collecting Episode 30
Collecting Episode 40
Collecting Episode 50
Collecting Episode 60
Finish Collecting Episodes in 89.27 seconds
avg value loss 1014.4980205959744
Iteration 205/2000 - Average Reward: 2.49841327674868
{'AREA': np.float64(174094.90858330962), 'weighted_R_M': 1.9827459453531953, 'weighted_R_T': 0.8192151370975707, 'weighted_R_P': 1.3976957533094618, 'cost_balance': np.float64(1.7012435408876416), 'R_T_ratio': 2.4602036350971728e-05, 'R_P_ratio': 6.216198771459107e-05}
Training Iteration 205
Collecting Episode 0
Collecting Episode 10
Collecting Episode 20
Collecting Episode 30
Collecting Episode 40
Collecting Episode 50
Collecting Episode 60
Finish Collecting Episodes in 89.23 seconds
avg value loss 428.9140209621853
Iteration 206/2000 - Average Reward: 2.704881717017593
{'AREA': np.float64(173048.21697732422), 'weighted_R_M': 2.131106432046181, 'weighted_R_T': 0.9107398283150461, 'weighted_R_P': 1.4755855136447482, 'cost_balance': np.float64(1.812550049271641), 'R_T_ratio': 2.7349414830121458e-05, 'R_P_ratio': 6.562755494344787e-05}
Training Iteration 206
Collecting Episode 0
Collecting Episode 10
Collecting Episode 20
Collecting Episode 30
Collecting Episode 40
Collecting Episode 50
Collecting Episode 60
Finish Collecting Episodes in 89.25 seconds
avg value loss 567.5395694308811
Iteration 207/2000 - Average Reward: 2.4921125234622092
{'AREA': np.float64(175265.602103987), 'weighted_R_M': 2.017110321568503, 'weighted_R_T': 0.7618172094225883, 'weighted_R_P': 1.3627285427517362, 'cost_balance': np.float64(1.6495435471246807), 'R_T_ratio': 2.28731405400106e-05, 'R_P_ratio': 6.061380370281058e-05}
Training Iteration 207
Collecting Episode 0
Collecting Episode 10
Collecting Episode 20
Collecting Episode 30
Collecting Episode 40
Collecting Episode 50
Collecting Episode 60
Finish Collecting Episodes in 89.19 seconds
avg value loss 413.9997075398763
Iteration 208/2000 - Average Reward: 2.77818518914541
{'AREA': np.float64(174278.6139641618), 'weighted_R_M': 1.9066767317994566, 'weighted_R_T': 0.8989875722262595, 'weighted_R_P': 1.541476355658637, 'cost_balance': np.float64(1.5689554585881398), 'R_T_ratio': 2.699177779815086e-05, 'R_P_ratio': 6.857437919421178e-05}
Training Iteration 208
Collecting Episode 0
Collecting Episode 10
Collecting Episode 20
Collecting Episode 30
Collecting Episode 40
Collecting Episode 50
Collecting Episode 60
Finish Collecting Episodes in 89.15 seconds
avg value loss 767.4197044372559
Iteration 209/2000 - Average Reward: 2.506946901357474
{'AREA': np.float64(177077.4967163409), 'weighted_R_M': 1.852999488694574, 'weighted_R_T': 0.77631583230363, 'weighted_R_P': 1.556907229953342, 'cost_balance': np.float64(1.679275655219553), 'R_T_ratio': 2.3304960800447143e-05, 'R_P_ratio': 6.92483237595656e-05}
Training Iteration 209
Collecting Episode 0
Collecting Episode 10
Collecting Episode 20
Collecting Episode 30
Collecting Episode 40
Collecting Episode 50
Collecting Episode 60
Finish Collecting Episodes in 89.18 seconds
avg value loss 397.0712025960286
Iteration 210/2000 - Average Reward: 2.4366948372852573
{'AREA': np.float64(173004.06111488768), 'weighted_R_M': 1.8721152443358733, 'weighted_R_T': 0.8184638702207141, 'weighted_R_P': 1.5260832044813368, 'cost_balance': np.float64(1.779967483919365), 'R_T_ratio': 2.4574554066259895e-05, 'R_P_ratio': 6.788222221658523e-05}
Training Iteration 210
Collecting Episode 0
Collecting Episode 10
Collecting Episode 20
Collecting Episode 30
Collecting Episode 40
Collecting Episode 50
Collecting Episode 60
Finish Collecting Episodes in 89.15 seconds
avg value loss 487.74828847249347
Iteration 211/2000 - Average Reward: 2.755510676264142
{'AREA': np.float64(174717.97332957096), 'weighted_R_M': 1.8055069715808512, 'weighted_R_T': 0.8304241216844983, 'weighted_R_P': 1.6406423780653212, 'cost_balance': np.float64(1.5210628010860037), 'R_T_ratio': 2.493219743008991e-05, 'R_P_ratio': 7.29829741807908e-05}
Training Iteration 211
Collecting Episode 0
Collecting Episode 10
Collecting Episode 20
Collecting Episode 30
Collecting Episode 40
Collecting Episode 50
Collecting Episode 60
Finish Collecting Episodes in 89.30 seconds
avg value loss 585.4402728610569
Iteration 212/2000 - Average Reward: 2.8050088525698005
{'AREA': np.float64(174577.64156277117), 'weighted_R_M': 1.6615831027120294, 'weighted_R_T': 0.8687516674399376, 'weighted_R_P': 1.8551758660210504, 'cost_balance': np.float64(1.5805017960048955), 'R_T_ratio': 2.6087052121561952e-05, 'R_P_ratio': 8.251065708149739e-05}
Training Iteration 212
Collecting Episode 0
Collecting Episode 10
Collecting Episode 20
Collecting Episode 30
Collecting Episode 40
Collecting Episode 50
Collecting Episode 60
Finish Collecting Episodes in 89.29 seconds
avg value loss 774.8379838731554
Iteration 213/2000 - Average Reward: 2.7250986822311662
{'AREA': np.float64(176763.67703320432), 'weighted_R_M': 1.6556792220866958, 'weighted_R_T': 0.929702590737078, 'weighted_R_P': 1.7814784579806857, 'cost_balance': np.float64(1.6417615824919163), 'R_T_ratio': 2.7918377218913745e-05, 'R_P_ratio': 7.925782190455909e-05}
Training Iteration 213
Collecting Episode 0
Collecting Episode 10
Collecting Episode 20
Collecting Episode 30
Collecting Episode 40
Collecting Episode 50
Collecting Episode 60
Finish Collecting Episodes in 89.29 seconds
avg value loss 316.1069229973687
Iteration 214/2000 - Average Reward: 2.7174189373165265
{'AREA': np.float64(171478.14367697082), 'weighted_R_M': 1.9407529814658726, 'weighted_R_T': 0.8811863760153452, 'weighted_R_P': 1.5951656765407987, 'cost_balance': np.float64(1.6996860909566522), 'R_T_ratio': 2.6464802280717903e-05, 'R_P_ratio': 7.095181122010309e-05}
Training Iteration 214
Collecting Episode 0
Collecting Episode 10
Collecting Episode 20
Collecting Episode 30
Collecting Episode 40
Collecting Episode 50
Collecting Episode 60
Finish Collecting Episodes in 89.15 seconds
avg value loss 310.18540403578015
Iteration 215/2000 - Average Reward: 2.5263713021090046
{'AREA': np.float64(170503.8043606576), 'weighted_R_M': 1.80920868463828, 'weighted_R_T': 0.8509390883975558, 'weighted_R_P': 1.7079154120551214, 'cost_balance': np.float64(1.8416918925558943), 'R_T_ratio': 2.55514612451503e-05, 'R_P_ratio': 7.596567071115828e-05}
Training Iteration 215
Collecting Episode 0
Collecting Episode 10
Collecting Episode 20
Collecting Episode 30
Collecting Episode 40
Collecting Episode 50
Collecting Episode 60
Finish Collecting Episodes in 89.26 seconds
avg value loss 292.2075356377496
Iteration 216/2000 - Average Reward: 3.2585389311813437
{'AREA': np.float64(170708.10760889208), 'weighted_R_M': 1.9349324318744847, 'weighted_R_T': 1.0613336538275082, 'weighted_R_P': 1.8711399502224393, 'cost_balance': np.float64(1.6088671161194705), 'R_T_ratio': 3.187880177100514e-05, 'R_P_ratio': 8.320760772580205e-05}
Training Iteration 216
Collecting Episode 0
Collecting Episode 10
Collecting Episode 20
Collecting Episode 30
Collecting Episode 40
Collecting Episode 50
Collecting Episode 60
Finish Collecting Episodes in 89.18 seconds
avg value loss 391.438542260064
Iteration 217/2000 - Average Reward: 3.0957867112980844
{'AREA': np.float64(172801.72901644016), 'weighted_R_M': 2.0752404681136087, 'weighted_R_T': 0.9853723976347182, 'weighted_R_P': 1.7365353902180989, 'cost_balance': np.float64(1.7013615433405027), 'R_T_ratio': 2.9595672816479543e-05, 'R_P_ratio': 7.722757050293572e-05}
Training Iteration 217
Collecting Episode 0
Collecting Episode 10
Collecting Episode 20
Collecting Episode 30
Collecting Episode 40
Collecting Episode 50
Collecting Episode 60
Finish Collecting Episodes in 89.28 seconds
avg value loss 463.4940829806858
Iteration 218/2000 - Average Reward: 2.8072223775412164
{'AREA': np.float64(173548.12592346984), 'weighted_R_M': 1.7306606887673803, 'weighted_R_T': 0.9541032421920035, 'weighted_R_P': 1.9430046081542969, 'cost_balance': np.float64(1.8205461674897951), 'R_T_ratio': 2.865420107111642e-05, 'R_P_ratio': 8.639193830758489e-05}
Training Iteration 218
Collecting Episode 0
Collecting Episode 10
Collecting Episode 20
Collecting Episode 30
Collecting Episode 40
Collecting Episode 50
Collecting Episode 60
Finish Collecting Episodes in 89.19 seconds
avg value loss 2393.439917670356
Iteration 219/2000 - Average Reward: 2.7762425545822933
{'AREA': np.float64(170200.3589417485), 'weighted_R_M': 1.7917920130914555, 'weighted_R_T': 0.9542931285169389, 'weighted_R_P': 1.8780674404568143, 'cost_balance': np.float64(1.8479100437028453), 'R_T_ratio': 2.8658295706558855e-05, 'R_P_ratio': 8.351783122950707e-05}
Training Iteration 219
Collecting Episode 0
Collecting Episode 10
Collecting Episode 20
Collecting Episode 30
Collecting Episode 40
Collecting Episode 50
Collecting Episode 60
Finish Collecting Episodes in 89.18 seconds
avg value loss 787.6564348008898
Iteration 220/2000 - Average Reward: 2.670744972555743
{'AREA': np.float64(171389.40289034697), 'weighted_R_M': 1.8460022878356943, 'weighted_R_T': 0.8667410454816289, 'weighted_R_P': 1.7383524576822917, 'cost_balance': np.float64(1.7803508206823087), 'R_T_ratio': 2.6026343224855924e-05, 'R_P_ratio': 7.728242023386573e-05}
Training Iteration 220
Collecting Episode 0
Collecting Episode 10
Collecting Episode 20
Collecting Episode 30
Collecting Episode 40
Collecting Episode 50
Collecting Episode 60
Finish Collecting Episodes in 89.18 seconds
avg value loss 2296.6503779093423
Iteration 221/2000 - Average Reward: 2.4575279585098744
{'AREA': np.float64(175338.61815698518), 'weighted_R_M': 1.9176767040342182, 'weighted_R_T': 0.7768539297911856, 'weighted_R_P': 1.4823201497395833, 'cost_balance': np.float64(1.719322830672826), 'R_T_ratio': 2.3321360406694217e-05, 'R_P_ratio': 6.594080229269568e-05}
Training Iteration 221
Collecting Episode 0
Collecting Episode 10
Collecting Episode 20
Collecting Episode 30
Collecting Episode 40
Collecting Episode 50
Collecting Episode 60
Finish Collecting Episodes in 89.15 seconds
avg value loss 813.2061911688911
Iteration 222/2000 - Average Reward: 3.019108496069546
{'AREA': np.float64(177142.96137772422), 'weighted_R_M': 1.842157545409969, 'weighted_R_T': 0.9785333855284585, 'weighted_R_P': 1.7813055250379775, 'cost_balance': np.float64(1.5828879618798681), 'R_T_ratio': 2.9390331120172457e-05, 'R_P_ratio': 7.921237688912619e-05}
Training Iteration 222
Collecting Episode 0
Collecting Episode 10
Collecting Episode 20
Collecting Episode 30
Collecting Episode 40
Collecting Episode 50
Collecting Episode 60
Finish Collecting Episodes in 89.26 seconds
avg value loss 781.3953713311089
Iteration 223/2000 - Average Reward: 2.730566208528924
{'AREA': np.float64(177583.8536277888), 'weighted_R_M': 2.114064923233956, 'weighted_R_T': 0.8121396725376447, 'weighted_R_P': 1.3533795674641926, 'cost_balance': np.float64(1.5490179615537174), 'R_T_ratio': 2.438057993629783e-05, 'R_P_ratio': 6.020613329335875e-05}
Training Iteration 223
Collecting Episode 0
Collecting Episode 10
Collecting Episode 20
Collecting Episode 30
Collecting Episode 40
Collecting Episode 50
Collecting Episode 60
Finish Collecting Episodes in 89.21 seconds
avg value loss 813.4543300204807
Iteration 224/2000 - Average Reward: 3.4222607676185564
{'AREA': np.float64(177721.61435169863), 'weighted_R_M': 2.1968923408546996, 'weighted_R_T': 1.0081494434012308, 'weighted_R_P': 1.6574880811903212, 'cost_balance': np.float64(1.4402691126548015), 'R_T_ratio': 3.0279094818462065e-05, 'R_P_ratio': 7.371529420207672e-05}
Training Iteration 224
Collecting Episode 0
Collecting Episode 10
Collecting Episode 20
Collecting Episode 30
Collecting Episode 40
Collecting Episode 50
Collecting Episode 60
Finish Collecting Episodes in 89.28 seconds
avg value loss 597.201170179579
Iteration 225/2000 - Average Reward: 2.9215898952032955
{'AREA': np.float64(171270.939185885), 'weighted_R_M': 2.1064341540445133, 'weighted_R_T': 0.9225562421811951, 'weighted_R_P': 1.5142682393391926, 'cost_balance': np.float64(1.6216687389890672), 'R_T_ratio': 2.7706680351158923e-05, 'R_P_ratio': 6.734154602065624e-05}
Training Iteration 225
Collecting Episode 0
Collecting Episode 10
Collecting Episode 20
Collecting Episode 30
Collecting Episode 40
Collecting Episode 50
Collecting Episode 60
Finish Collecting Episodes in 89.55 seconds
avg value loss 1165.6361100938584
Iteration 226/2000 - Average Reward: 3.2582879437508785
{'AREA': np.float64(174890.11987440233), 'weighted_R_M': 2.953231119764496, 'weighted_R_T': 0.9298578111661805, 'weighted_R_P': 0.9232821994357638, 'cost_balance': np.float64(1.5480831860846158), 'R_T_ratio': 2.7923233468550733e-05, 'R_P_ratio': 4.107161735786908e-05}
Training Iteration 226
Collecting Episode 0
Collecting Episode 10
Collecting Episode 20
Collecting Episode 30
Collecting Episode 40
Collecting Episode 50
Collecting Episode 60
Finish Collecting Episodes in 89.43 seconds
avg value loss 1011.3518397013346
Iteration 227/2000 - Average Reward: 2.993947293848679
{'AREA': np.float64(177415.00215420368), 'weighted_R_M': 2.7739707999133114, 'weighted_R_T': 0.8392877255876859, 'weighted_R_P': 1.0054139031304254, 'cost_balance': np.float64(1.624725125320397), 'R_T_ratio': 2.5201981066827472e-05, 'R_P_ratio': 4.4709229739860655e-05}
Training Iteration 227
Collecting Episode 0
Collecting Episode 10
Collecting Episode 20
Collecting Episode 30
Collecting Episode 40
Collecting Episode 50
Collecting Episode 60
Finish Collecting Episodes in 89.18 seconds
avg value loss 486.85101148817273
Iteration 228/2000 - Average Reward: 3.473530270463218
{'AREA': np.float64(174436.90547447692), 'weighted_R_M': 2.7442119128486917, 'weighted_R_T': 1.0377603272596996, 'weighted_R_P': 1.230897691514757, 'cost_balance': np.float64(1.5393396578786547), 'R_T_ratio': 3.117123722302939e-05, 'R_P_ratio': 5.4749617576837435e-05}
Training Iteration 228
Collecting Episode 0
Collecting Episode 10
Collecting Episode 20
Collecting Episode 30
Collecting Episode 40
Collecting Episode 50
Collecting Episode 60
Finish Collecting Episodes in 89.27 seconds
avg value loss 771.6797841389974
Iteration 229/2000 - Average Reward: 3.483172901039426
{'AREA': np.float64(174534.98573797225), 'weighted_R_M': 2.6577799230644814, 'weighted_R_T': 1.0171434332927067, 'weighted_R_P': 1.3576617770724826, 'cost_balance': np.float64(1.5494122268115076), 'R_T_ratio': 3.054533606691877e-05, 'R_P_ratio': 6.0405272626980665e-05}
Training Iteration 229
Collecting Episode 0
Collecting Episode 10
Collecting Episode 20
Collecting Episode 30
Collecting Episode 40
Collecting Episode 50
Collecting Episode 60
Finish Collecting Episodes in 89.16 seconds
avg value loss 675.5980525546604
Iteration 230/2000 - Average Reward: 3.2365070223135666
{'AREA': np.float64(175804.21745214929), 'weighted_R_M': 2.65445189978507, 'weighted_R_T': 0.966846322019895, 'weighted_R_P': 1.1728647020128038, 'cost_balance': np.float64(1.5576559058737707), 'R_T_ratio': 2.903556053163941e-05, 'R_P_ratio': 5.216814926482485e-05}
Training Iteration 230
Collecting Episode 0
Collecting Episode 10
Collecting Episode 20
Collecting Episode 30
Collecting Episode 40
Collecting Episode 50
Collecting Episode 60
Finish Collecting Episodes in 89.29 seconds
avg value loss 845.1246486239963
Iteration 231/2000 - Average Reward: 2.9192692286451347
{'AREA': np.float64(176559.9731834026), 'weighted_R_M': 2.42203642261696, 'weighted_R_T': 0.9054235286182828, 'weighted_R_P': 1.0852754380967882, 'cost_balance': np.float64(1.4934661699644982), 'R_T_ratio': 2.7188164886318084e-05, 'R_P_ratio': 4.8271331690702105e-05}
Training Iteration 231
Collecting Episode 0
Collecting Episode 10
Collecting Episode 20
Collecting Episode 30
Collecting Episode 40
Collecting Episode 50
Collecting Episode 60
Finish Collecting Episodes in 89.19 seconds
avg value loss 732.9166425069174
Iteration 232/2000 - Average Reward: 2.440922796454591
{'AREA': np.float64(167892.7820235416), 'weighted_R_M': 2.9499657265302326, 'weighted_R_T': 0.8334276369876332, 'weighted_R_P': 0.3938306172688802, 'cost_balance': np.float64(1.7363011692355175), 'R_T_ratio': 2.502360403567389e-05, 'R_P_ratio': 1.747803485869596e-05}
Training Iteration 232
Collecting Episode 0
Collecting Episode 10
Collecting Episode 20
Collecting Episode 30
Collecting Episode 40
Collecting Episode 50
Collecting Episode 60
Finish Collecting Episodes in 89.28 seconds
avg value loss 1380.8801481458877
Iteration 233/2000 - Average Reward: 3.101266009998249
{'AREA': np.float64(167132.55998789886), 'weighted_R_M': 4.112231064463433, 'weighted_R_T': 0.9131881718834242, 'weighted_R_P': -0.07379998101128472, 'cost_balance': np.float64(1.8503532488632217), 'R_T_ratio': 2.7422136181022418e-05, 'R_P_ratio': -3.410423273607509e-06}
Training Iteration 233
Collecting Episode 0
Collecting Episode 10
Collecting Episode 20
Collecting Episode 30
Collecting Episode 40
Collecting Episode 50
Collecting Episode 60
Finish Collecting Episodes in 89.18 seconds
avg value loss 845.2849040561252
Iteration 234/2000 - Average Reward: 3.2283211874503954
{'AREA': np.float64(172071.7515137443), 'weighted_R_M': 4.081789422370497, 'weighted_R_T': 0.9769547945923276, 'weighted_R_P': -0.11404461330837673, 'cost_balance': np.float64(1.716378415745085), 'R_T_ratio': 2.9340336439852442e-05, 'R_P_ratio': -5.224205491672722e-06}
Training Iteration 234
Collecting Episode 0
Collecting Episode 10
Collecting Episode 20
Collecting Episode 30
Collecting Episode 40
Collecting Episode 50
Collecting Episode 60
Finish Collecting Episodes in 89.17 seconds
avg value loss 489.9330880906847
Iteration 235/2000 - Average Reward: 3.4965125918259017
{'AREA': np.float64(175676.09624052516), 'weighted_R_M': 3.8204669217760863, 'weighted_R_T': 0.920423514313168, 'weighted_R_P': 0.21988211737738717, 'cost_balance': np.float64(1.4642599658137878), 'R_T_ratio': 2.7637593680504557e-05, 'R_P_ratio': 9.698039859935683e-06}
Training Iteration 235
Collecting Episode 0
Collecting Episode 10
Collecting Episode 20
Collecting Episode 30
Collecting Episode 40
Collecting Episode 50
Collecting Episode 60
Finish Collecting Episodes in 89.30 seconds
avg value loss 814.5967394510905
Iteration 236/2000 - Average Reward: 3.577595280326528
{'AREA': np.float64(170539.85960730718), 'weighted_R_M': 3.920451913574248, 'weighted_R_T': 1.0174419730901718, 'weighted_R_P': 0.21337085300021702, 'cost_balance': np.float64(1.5736694568823273), 'R_T_ratio': 3.0555491791448624e-05, 'R_P_ratio': 9.403480947473626e-06}
Training Iteration 236
Collecting Episode 0
Collecting Episode 10
Collecting Episode 20
Collecting Episode 30
Collecting Episode 40
Collecting Episode 50
Collecting Episode 60
Finish Collecting Episodes in 89.18 seconds
avg value loss 620.3994462754991
Iteration 237/2000 - Average Reward: 3.5173723611612027
{'AREA': np.float64(173361.13430596708), 'weighted_R_M': 3.662033222090839, 'weighted_R_T': 1.0341726657417085, 'weighted_R_P': 0.3189425998263889, 'cost_balance': np.float64(1.4977761336974311), 'R_T_ratio': 3.105928712718617e-05, 'R_P_ratio': 1.4115617385810415e-05}
Training Iteration 237
Collecting Episode 0
Collecting Episode 10
Collecting Episode 20
Collecting Episode 30
Collecting Episode 40
Collecting Episode 50
Collecting Episode 60
Finish Collecting Episodes in 89.28 seconds
avg value loss 958.5898666381836
Iteration 238/2000 - Average Reward: 3.257891734551069
{'AREA': np.float64(175268.40914633955), 'weighted_R_M': 3.5539982031661137, 'weighted_R_T': 0.9469677582383156, 'weighted_R_P': 0.3056861029730903, 'cost_balance': np.float64(1.5487603286938993), 'R_T_ratio': 2.8440170212171464e-05, 'R_P_ratio': 1.3508406907577116e-05}
Training Iteration 238
Collecting Episode 0
Collecting Episode 10
Collecting Episode 20
Collecting Episode 30
Collecting Episode 40
Collecting Episode 50
Collecting Episode 60
Finish Collecting Episodes in 89.23 seconds
avg value loss 516.6908603244358
Iteration 239/2000 - Average Reward: 3.533244654982506
{'AREA': np.float64(174582.95013723557), 'weighted_R_M': 3.8114714740519275, 'weighted_R_T': 1.0351169233520825, 'weighted_R_P': 0.2825881110297309, 'cost_balance': np.float64(1.5959318382177552), 'R_T_ratio': 3.1088161901538574e-05, 'R_P_ratio': 1.2497431217696012e-05}
Training Iteration 239
Collecting Episode 0
Collecting Episode 10
Collecting Episode 20
Collecting Episode 30
Collecting Episode 40
Collecting Episode 50
Collecting Episode 60
Finish Collecting Episodes in 89.29 seconds
avg value loss 696.3709123399523
Iteration 240/2000 - Average Reward: 3.879535706345147
{'AREA': np.float64(174407.2689676665), 'weighted_R_M': 3.6727138816616693, 'weighted_R_T': 1.130528334942129, 'weighted_R_P': 0.58014890882704, 'cost_balance': np.float64(1.5038554079528375), 'R_T_ratio': 3.3956047722907526e-05, 'R_P_ratio': 2.5758976997821332e-05}
Checkpoint saved to checkpoints/ckpt_single_shared_attention_240_3.88.pt
Training Iteration 240
Collecting Episode 0
Collecting Episode 10
Collecting Episode 20
Collecting Episode 30
Collecting Episode 40
Collecting Episode 50
Collecting Episode 60
Finish Collecting Episodes in 89.19 seconds
avg value loss 963.4193394978842
Iteration 241/2000 - Average Reward: 3.456522974966598
{'AREA': np.float64(174027.42378995172), 'weighted_R_M': 3.861588536687211, 'weighted_R_T': 0.9565158842338456, 'weighted_R_P': 0.23356162177191842, 'cost_balance': np.float64(1.5951430781723657), 'R_T_ratio': 2.872305198415982e-05, 'R_P_ratio': 1.0307708103735664e-05}
Training Iteration 241
Collecting Episode 0
Collecting Episode 10
Collecting Episode 20
Collecting Episode 30
Collecting Episode 40
Collecting Episode 50
Collecting Episode 60
Finish Collecting Episodes in 89.28 seconds
avg value loss 325.220337761773
Iteration 242/2000 - Average Reward: 3.5974446170213117
{'AREA': np.float64(180075.25839722206), 'weighted_R_M': 3.5961468168358124, 'weighted_R_T': 1.0316637870338228, 'weighted_R_P': 0.45787133110894096, 'cost_balance': np.float64(1.4882373261506179), 'R_T_ratio': 3.0986711528175705e-05, 'R_P_ratio': 2.030359920943445e-05}
Training Iteration 242
Collecting Episode 0
Collecting Episode 10
Collecting Episode 20
Collecting Episode 30
Collecting Episode 40
Collecting Episode 50
Collecting Episode 60
Finish Collecting Episodes in 89.18 seconds
avg value loss 643.9110980563694
Iteration 243/2000 - Average Reward: 3.4710865841447633
{'AREA': np.float64(172080.84918884863), 'weighted_R_M': 3.632829163338556, 'weighted_R_T': 1.045137954254945, 'weighted_R_P': 0.4148542616102431, 'cost_balance': np.float64(1.6217347931818091), 'R_T_ratio': 3.139348112341419e-05, 'R_P_ratio': 1.8385181954083366e-05}
Training Iteration 243
Collecting Episode 0
Collecting Episode 10
Collecting Episode 20
Collecting Episode 30
Collecting Episode 40
Collecting Episode 50
Collecting Episode 60
Finish Collecting Episodes in 89.30 seconds
avg value loss 760.7640821668837
Iteration 244/2000 - Average Reward: 3.454294834699896
{'AREA': np.float64(173693.1517661918), 'weighted_R_M': 3.4674222598348603, 'weighted_R_T': 1.057208412223392, 'weighted_R_P': 0.45926327175564235, 'cost_balance': np.float64(1.5295991042089574), 'R_T_ratio': 3.175111632981576e-05, 'R_P_ratio': 2.0382236224736646e-05}
Training Iteration 244
Collecting Episode 0
Collecting Episode 10
Collecting Episode 20
Collecting Episode 30
Collecting Episode 40
Collecting Episode 50
Collecting Episode 60
Finish Collecting Episodes in 89.19 seconds
avg value loss 1337.4204042222764
Iteration 245/2000 - Average Reward: 4.024887013650085
{'AREA': np.float64(175782.37445595398), 'weighted_R_M': 3.7749550677061356, 'weighted_R_T': 1.1462288813458548, 'weighted_R_P': 0.5272212558322482, 'cost_balance': np.float64(1.4235182004877744), 'R_T_ratio': 3.4428113896634335e-05, 'R_P_ratio': 2.3398666130129543e-05}
Training Iteration 245
Collecting Episode 0
Collecting Episode 10
Collecting Episode 20
Collecting Episode 30
Collecting Episode 40
Collecting Episode 50
Collecting Episode 60
Finish Collecting Episodes in 89.29 seconds
avg value loss 566.3071577284071
Iteration 246/2000 - Average Reward: 3.443710032194051
{'AREA': np.float64(178546.88991716038), 'weighted_R_M': 3.661848955933414, 'weighted_R_T': 0.9581922656959958, 'weighted_R_P': 0.3422444661458333, 'cost_balance': np.float64(1.5185756611452839), 'R_T_ratio': 2.877486585126253e-05, 'R_P_ratio': 1.515839310540902e-05}
Training Iteration 246
Collecting Episode 0
Collecting Episode 10
Collecting Episode 20
Collecting Episode 30
Collecting Episode 40
Collecting Episode 50
Collecting Episode 60
Finish Collecting Episodes in 89.17 seconds
avg value loss 496.6953222486708
Iteration 247/2000 - Average Reward: 3.74921361309114
{'AREA': np.float64(179321.16202266933), 'weighted_R_M': 3.695666329598074, 'weighted_R_T': 1.0336449154549174, 'weighted_R_P': 0.494171142578125, 'cost_balance': np.float64(1.4742687809840125), 'R_T_ratio': 3.1043593964771546e-05, 'R_P_ratio': 2.192217915880183e-05}
Training Iteration 247
Collecting Episode 0
Collecting Episode 10
Collecting Episode 20
Collecting Episode 30
Collecting Episode 40
Collecting Episode 50
Collecting Episode 60
Finish Collecting Episodes in 89.20 seconds
avg value loss 399.32542843288843
Iteration 248/2000 - Average Reward: 3.9731728947598537
{'AREA': np.float64(175727.50167861578), 'weighted_R_M': 3.6181995639065514, 'weighted_R_T': 1.154353118605084, 'weighted_R_P': 0.568145751953125, 'cost_balance': np.float64(1.3675255433608648), 'R_T_ratio': 3.4686816017998364e-05, 'R_P_ratio': 2.5206829200502853e-05}
Training Iteration 248
Collecting Episode 0
Collecting Episode 10
Collecting Episode 20
Collecting Episode 30
Collecting Episode 40
Collecting Episode 50
Collecting Episode 60
Finish Collecting Episodes in 89.26 seconds
avg value loss 449.7250633239746
Iteration 249/2000 - Average Reward: 3.9443741442583917
{'AREA': np.float64(176025.03282908414), 'weighted_R_M': 3.7730232612156365, 'weighted_R_T': 1.0738506292303402, 'weighted_R_P': 0.535882314046224, 'cost_balance': np.float64(1.4383820699839565), 'R_T_ratio': 3.2251709652283043e-05, 'R_P_ratio': 2.3792653370469712e-05}
Training Iteration 249
Collecting Episode 0
Collecting Episode 10
Collecting Episode 20
Collecting Episode 30
Collecting Episode 40
Collecting Episode 50
Collecting Episode 60
Finish Collecting Episodes in 89.18 seconds
avg value loss 741.2111515469021
Iteration 250/2000 - Average Reward: 3.467280664287197
{'AREA': np.float64(181267.8886564254), 'weighted_R_M': 3.8230831500759197, 'weighted_R_T': 0.8845520723197196, 'weighted_R_P': 0.19440460205078125, 'cost_balance': np.float64(1.4347591550328795), 'R_T_ratio': 2.6560248500449703e-05, 'R_P_ratio': 8.535692218228056e-06}
Training Iteration 250
Collecting Episode 0
Collecting Episode 10
Collecting Episode 20
Collecting Episode 30
Collecting Episode 40
Collecting Episode 50
Collecting Episode 60
Finish Collecting Episodes in 89.29 seconds
avg value loss 408.1600524054633
Iteration 251/2000 - Average Reward: 3.7917365979746034
{'AREA': np.float64(178135.56442639593), 'weighted_R_M': 3.6884891014779746, 'weighted_R_T': 1.1077021352118916, 'weighted_R_P': 0.40350257025824654, 'cost_balance': np.float64(1.407957207561102), 'R_T_ratio': 3.3269892856417784e-05, 'R_P_ratio': 1.789052828539571e-05}
Training Iteration 251
Collecting Episode 0
Collecting Episode 10
Collecting Episode 20
Collecting Episode 30
Collecting Episode 40
Collecting Episode 50
Collecting Episode 60
Finish Collecting Episodes in 89.25 seconds
avg value loss 511.2776116265191
Iteration 252/2000 - Average Reward: 3.5965304389537778
{'AREA': np.float64(174430.82194476307), 'weighted_R_M': 3.6742162715026754, 'weighted_R_T': 1.0803973103562992, 'weighted_R_P': 0.4236946105957031, 'cost_balance': np.float64(1.5817777626029494), 'R_T_ratio': 3.24507586645342e-05, 'R_P_ratio': 1.880274307812667e-05}
Training Iteration 252
Collecting Episode 0
Collecting Episode 10
Collecting Episode 20
Collecting Episode 30
Collecting Episode 40
Collecting Episode 50
Collecting Episode 60
Finish Collecting Episodes in 89.40 seconds
avg value loss 464.7392323811849
Iteration 253/2000 - Average Reward: 3.5090896983100617
{'AREA': np.float64(176478.1533374495), 'weighted_R_M': 3.9197497003341875, 'weighted_R_T': 0.8857964227596918, 'weighted_R_P': 0.2730903625488281, 'cost_balance': np.float64(1.5695467859662071), 'R_T_ratio': 2.660200879735539e-05, 'R_P_ratio': 1.2059573686540622e-05}
Training Iteration 253
Collecting Episode 0
Collecting Episode 10
Collecting Episode 20
Collecting Episode 30
Collecting Episode 40
Collecting Episode 50
Collecting Episode 60
Finish Collecting Episodes in 89.19 seconds
avg value loss 384.6939714219835
Iteration 254/2000 - Average Reward: 3.739727064035833
{'AREA': np.float64(179546.30141580888), 'weighted_R_M': 3.9208690938618624, 'weighted_R_T': 0.9104500826862123, 'weighted_R_P': 0.2506120469835069, 'cost_balance': np.float64(1.3422041407230962), 'R_T_ratio': 2.7338582201729936e-05, 'R_P_ratio': 1.1060879087835941e-05}
Training Iteration 254
Collecting Episode 0
Collecting Episode 10
Collecting Episode 20
Collecting Episode 30
Collecting Episode 40
Collecting Episode 50
Collecting Episode 60
Finish Collecting Episodes in 89.27 seconds
avg value loss 392.236629486084
Iteration 255/2000 - Average Reward: 3.6652978468725146
{'AREA': np.float64(178086.62575197138), 'weighted_R_M': 3.893681408318508, 'weighted_R_T': 1.0152937231792345, 'weighted_R_P': 0.26753531561957467, 'cost_balance': np.float64(1.511212602212471), 'R_T_ratio': 3.048857834324502e-05, 'R_P_ratio': 1.1803536596589738e-05}
Training Iteration 255
Collecting Episode 0
Collecting Episode 10
Collecting Episode 20
Collecting Episode 30
Collecting Episode 40
Collecting Episode 50
Collecting Episode 60
Finish Collecting Episodes in 89.20 seconds
avg value loss 513.8280334472656
Iteration 256/2000 - Average Reward: 4.097991228135975
{'AREA': np.float64(176123.23388883355), 'weighted_R_M': 4.0131328157944175, 'weighted_R_T': 1.0486397271354992, 'weighted_R_P': 0.37258614434136283, 'cost_balance': np.float64(1.3363674585701601), 'R_T_ratio': 3.1495459472967604e-05, 'R_P_ratio': 1.6498152268608807e-05}
Training Iteration 256
Collecting Episode 0
Collecting Episode 10
Collecting Episode 20
Collecting Episode 30
Collecting Episode 40
Collecting Episode 50
Collecting Episode 60
Finish Collecting Episodes in 89.27 seconds
avg value loss 2125.449648539225
Iteration 257/2000 - Average Reward: 3.7275674862192116
{'AREA': np.float64(179167.77627313897), 'weighted_R_M': 4.01869586573557, 'weighted_R_T': 1.0193123784330156, 'weighted_R_P': 0.15869267781575522, 'cost_balance': np.float64(1.4691334389248347), 'R_T_ratio': 3.06119705766297e-05, 'R_P_ratio': 6.951842545538378e-06}
Training Iteration 257
Collecting Episode 0
Collecting Episode 10
Collecting Episode 20
Collecting Episode 30
Collecting Episode 40
Collecting Episode 50
Collecting Episode 60
Finish Collecting Episodes in 89.19 seconds
avg value loss 711.5690010918511
Iteration 258/2000 - Average Reward: 3.822354396714622
{'AREA': np.float64(181117.5739191877), 'weighted_R_M': 4.044782830092269, 'weighted_R_T': 0.9256782415840361, 'weighted_R_P': 0.13641230265299478, 'cost_balance': np.float64(1.2845190051901054), 'R_T_ratio': 2.7793110128359858e-05, 'R_P_ratio': 5.966668670229522e-06}
Training Iteration 258
Collecting Episode 0
Collecting Episode 10
Collecting Episode 20
Collecting Episode 30
Collecting Episode 40
Collecting Episode 50
Collecting Episode 60
Finish Collecting Episodes in 89.31 seconds
avg value loss 821.1413815816244
Iteration 259/2000 - Average Reward: 3.949992904678867
{'AREA': np.float64(172653.68788244185), 'weighted_R_M': 3.959889942908856, 'weighted_R_T': 1.1244680111606915, 'weighted_R_P': 0.3049422370062934, 'cost_balance': np.float64(1.4393072948710572), 'R_T_ratio': 3.3776634656783165e-05, 'R_P_ratio': 1.3485259625731216e-05}
Training Iteration 259
Collecting Episode 0
Collecting Episode 10
Collecting Episode 20
Collecting Episode 30
Collecting Episode 40
Collecting Episode 50
Collecting Episode 60
Finish Collecting Episodes in 89.20 seconds
avg value loss 574.3907271491157
Iteration 260/2000 - Average Reward: 3.816705498618022
{'AREA': np.float64(174111.88143034664), 'weighted_R_M': 3.8748587253447164, 'weighted_R_T': 1.1399290007021692, 'weighted_R_P': 0.37885962592230904, 'cost_balance': np.float64(1.5769418612902644), 'R_T_ratio': 3.4239434485432924e-05, 'R_P_ratio': 1.6794157128759608e-05}
Training Iteration 260
Collecting Episode 0
Collecting Episode 10
Collecting Episode 20
Collecting Episode 30
Collecting Episode 40
Collecting Episode 50
Collecting Episode 60
Finish Collecting Episodes in 89.18 seconds
avg value loss 356.8401514689128
Iteration 261/2000 - Average Reward: 3.6303262106666807
{'AREA': np.float64(176433.5733533908), 'weighted_R_M': 3.9338608937108197, 'weighted_R_T': 0.9925466858678393, 'weighted_R_P': 0.2020907931857639, 'cost_balance': np.float64(1.4981721498345648), 'R_T_ratio': 2.9812430731948e-05, 'R_P_ratio': 8.857033780221908e-06}
Training Iteration 261
Collecting Episode 0
Collecting Episode 10
Collecting Episode 20
Collecting Episode 30
Collecting Episode 40
Collecting Episode 50
Collecting Episode 60
Finish Collecting Episodes in 89.31 seconds
avg value loss 633.0822135077583
Iteration 262/2000 - Average Reward: 4.065766674498769
{'AREA': np.float64(176843.14734657502), 'weighted_R_M': 3.9681143612231407, 'weighted_R_T': 1.0592702569233046, 'weighted_R_P': 0.40722698635525173, 'cost_balance': np.float64(1.3688449261052535), 'R_T_ratio': 3.181719152582332e-05, 'R_P_ratio': 1.8057277030062806e-05}
Training Iteration 262
Collecting Episode 0
Collecting Episode 10
Collecting Episode 20
Collecting Episode 30
Collecting Episode 40
Collecting Episode 50
Collecting Episode 60
Finish Collecting Episodes in 89.19 seconds
avg value loss 358.35584259033203
Iteration 263/2000 - Average Reward: 3.851755801391038
{'AREA': np.float64(175935.91697063102), 'weighted_R_M': 3.8719848633059097, 'weighted_R_T': 1.1335308146145608, 'weighted_R_P': 0.2957780626085069, 'cost_balance': np.float64(1.4495379420452446), 'R_T_ratio': 3.405016541019169e-05, 'R_P_ratio': 1.307990264916138e-05}
Training Iteration 263
Collecting Episode 0
Collecting Episode 10
Collecting Episode 20
Collecting Episode 30
Collecting Episode 40
Collecting Episode 50
Collecting Episode 60
Finish Collecting Episodes in 89.31 seconds
avg value loss 1108.4965879652236
Iteration 264/2000 - Average Reward: 3.3549124754451136
{'AREA': np.float64(170699.70677793166), 'weighted_R_M': 3.768228095743527, 'weighted_R_T': 1.0852091428306367, 'weighted_R_P': 0.21414735582139757, 'cost_balance': np.float64(1.712672127367871), 'R_T_ratio': 3.260019167199763e-05, 'R_P_ratio': 9.447382479747338e-06}
Training Iteration 264
Collecting Episode 0
Collecting Episode 10
Collecting Episode 20
Collecting Episode 30
Collecting Episode 40
Collecting Episode 50
Collecting Episode 60
Finish Collecting Episodes in 89.18 seconds
avg value loss 1452.9067679511177
Iteration 265/2000 - Average Reward: 3.835840945597738
{'AREA': np.float64(177774.80420625224), 'weighted_R_M': 3.7341862814727165, 'weighted_R_T': 1.1422190194328625, 'weighted_R_P': 0.32046763102213544, 'cost_balance': np.float64(1.3610319794453423), 'R_T_ratio': 3.4310498714215346e-05, 'R_P_ratio': 1.417928540546466e-05}
Training Iteration 265
Collecting Episode 0
Collecting Episode 10
Collecting Episode 20
Collecting Episode 30
Collecting Episode 40
Collecting Episode 50
Collecting Episode 60
Finish Collecting Episodes in 89.28 seconds
avg value loss 639.8093999226888
Iteration 266/2000 - Average Reward: 3.797279123300945
{'AREA': np.float64(172309.97752622224), 'weighted_R_M': 3.731321551640172, 'weighted_R_T': 1.2137042358517647, 'weighted_R_P': 0.4463157653808594, 'cost_balance': np.float64(1.594062436897486), 'R_T_ratio': 3.645936398573147e-05, 'R_P_ratio': 1.9812353153622312e-05}
Training Iteration 266
Collecting Episode 0
Collecting Episode 10
Collecting Episode 20
Collecting Episode 30
Collecting Episode 40
Collecting Episode 50
Collecting Episode 60
Finish Collecting Episodes in 89.17 seconds
avg value loss 1096.3418485853408
Iteration 267/2000 - Average Reward: 4.376013649653436
{'AREA': np.float64(171547.23340703506), 'weighted_R_M': 3.6765186913368475, 'weighted_R_T': 1.4010563294092815, 'weighted_R_P': 0.7568986680772569, 'cost_balance': np.float64(1.4584600394873726), 'R_T_ratio': 4.210283118367655e-05, 'R_P_ratio': 3.3659917116016543e-05}
Training Iteration 267
Collecting Episode 0
Collecting Episode 10
Collecting Episode 20
Collecting Episode 30
Collecting Episode 40
Collecting Episode 50
Collecting Episode 60
Finish Collecting Episodes in 89.28 seconds
avg value loss 823.0707138909233
Iteration 268/2000 - Average Reward: 3.705813743846698
{'AREA': np.float64(176774.72725891194), 'weighted_R_M': 3.8143495324135426, 'weighted_R_T': 1.106015406548977, 'weighted_R_P': 0.2720502217610677, 'cost_balance': np.float64(1.4866014156105647), 'R_T_ratio': 3.323155840030678e-05, 'R_P_ratio': 1.2012588237365742e-05}
Training Iteration 268
Collecting Episode 0
Collecting Episode 10
Collecting Episode 20
Collecting Episode 30
Collecting Episode 40
Collecting Episode 50
Collecting Episode 60
Finish Collecting Episodes in 89.17 seconds
avg value loss 342.79164547390405
Iteration 269/2000 - Average Reward: 3.8884560702523836
{'AREA': np.float64(175111.47253592694), 'weighted_R_M': 3.8819134009544314, 'weighted_R_T': 1.1528138485219743, 'weighted_R_P': 0.4264950222439236, 'cost_balance': np.float64(1.5727661915400084), 'R_T_ratio': 3.462843112858296e-05, 'R_P_ratio': 1.8912689914194233e-05}
Training Iteration 269
Collecting Episode 0
Collecting Episode 10
Collecting Episode 20
Collecting Episode 30
Collecting Episode 40
Collecting Episode 50
Collecting Episode 60
Finish Collecting Episodes in 89.26 seconds
avg value loss 351.73163265652124
Iteration 270/2000 - Average Reward: 3.3626187332782944
{'AREA': np.float64(176074.92342462286), 'weighted_R_M': 3.843670016797963, 'weighted_R_T': 0.9077952976028124, 'weighted_R_P': 0.1130994160970052, 'cost_balance': np.float64(1.5019459919271254), 'R_T_ratio': 2.7259435616714153e-05, 'R_P_ratio': 4.907870399998972e-06}
Training Iteration 270
Collecting Episode 0
Collecting Episode 10
Collecting Episode 20
Collecting Episode 30
Collecting Episode 40
Collecting Episode 50
Collecting Episode 60
Finish Collecting Episodes in 89.13 seconds
avg value loss 611.8467873467339
Iteration 271/2000 - Average Reward: 4.093017632368072
{'AREA': np.float64(176750.47640801087), 'weighted_R_M': 4.019228240224127, 'weighted_R_T': 1.1445856135752466, 'weighted_R_P': 0.2524431016710069, 'cost_balance': np.float64(1.3232393185582816), 'R_T_ratio': 3.438211204625908e-05, 'R_P_ratio': 1.1149678075728704e-05}
Training Iteration 271
Collecting Episode 0
Collecting Episode 10
Collecting Episode 20
Collecting Episode 30
Collecting Episode 40
Collecting Episode 50
Collecting Episode 60
Finish Collecting Episodes in 89.24 seconds
avg value loss 959.7427563137478
Iteration 272/2000 - Average Reward: 3.532627169107501
{'AREA': np.float64(175913.07709811034), 'weighted_R_M': 4.051767016351353, 'weighted_R_T': 0.9903653214375178, 'weighted_R_P': -0.01753022935655382, 'cost_balance': np.float64(1.491974941936586), 'R_T_ratio': 2.9744576750207534e-05, 'R_P_ratio': -8.975915320730277e-07}
Training Iteration 272
Collecting Episode 0
Collecting Episode 10
Collecting Episode 20
Collecting Episode 30
Collecting Episode 40
Collecting Episode 50
Collecting Episode 60
Finish Collecting Episodes in 89.31 seconds
avg value loss 322.4519856770833
Iteration 273/2000 - Average Reward: 4.073743287551527
{'AREA': np.float64(172109.5359854506), 'weighted_R_M': 3.9366377679247586, 'weighted_R_T': 1.3142420599857967, 'weighted_R_P': 0.4235822889539931, 'cost_balance': np.float64(1.60071882864783), 'R_T_ratio': 3.9485470009891716e-05, 'R_P_ratio': 1.878836465717589e-05}
Training Iteration 273
Collecting Episode 0
Collecting Episode 10
Collecting Episode 20
Collecting Episode 30
Collecting Episode 40
Collecting Episode 50
Collecting Episode 60
Finish Collecting Episodes in 89.18 seconds
avg value loss 433.28169504801434
Iteration 274/2000 - Average Reward: 4.1033021125024085
{'AREA': np.float64(178288.34706463522), 'weighted_R_M': 3.886425057581303, 'weighted_R_T': 1.2452693449126349, 'weighted_R_P': 0.47924168904622394, 'cost_balance': np.float64(1.5076339911955436), 'R_T_ratio': 3.740838222893327e-05, 'R_P_ratio': 2.1262867910563148e-05}
Training Iteration 274
Collecting Episode 0
Collecting Episode 10
Collecting Episode 20
Collecting Episode 30
Collecting Episode 40
Collecting Episode 50
Collecting Episode 60
Finish Collecting Episodes in 89.26 seconds
avg value loss 642.8125313652886
Iteration 275/2000 - Average Reward: 3.788554874164725
{'AREA': np.float64(170226.95668864754), 'weighted_R_M': 4.164915018314925, 'weighted_R_T': 1.1628157355719142, 'weighted_R_P': 0.10599263509114583, 'cost_balance': np.float64(1.6451685238944433), 'R_T_ratio': 3.4926524526468494e-05, 'R_P_ratio': 4.627023595774358e-06}
Training Iteration 275
Collecting Episode 0
Collecting Episode 10
Collecting Episode 20
Collecting Episode 30
Collecting Episode 40
Collecting Episode 50
Collecting Episode 60
Finish Collecting Episodes in 89.20 seconds
avg value loss 466.65545018513996
Iteration 276/2000 - Average Reward: 4.253218260719829
{'AREA': np.float64(176429.9855555542), 'weighted_R_M': 4.222970360218596, 'weighted_R_T': 1.2528596247235935, 'weighted_R_P': 0.2551434834798177, 'cost_balance': np.float64(1.4777552059921701), 'R_T_ratio': 3.763787370399427e-05, 'R_P_ratio': 1.1266698686248263e-05}
Training Iteration 276
Collecting Episode 0
Collecting Episode 10
Collecting Episode 20
Collecting Episode 30
Collecting Episode 40
Collecting Episode 50
Collecting Episode 60
Finish Collecting Episodes in 89.29 seconds
avg value loss 642.8557285732693
Iteration 277/2000 - Average Reward: 3.749565387982228
{'AREA': np.float64(176496.13431810308), 'weighted_R_M': 4.044571661310986, 'weighted_R_T': 1.16185595591863, 'weighted_R_P': 0.04963896009657118, 'cost_balance': np.float64(1.5065011884100523), 'R_T_ratio': 3.4904390581496883e-05, 'R_P_ratio': 2.0818985434582307e-06}
Training Iteration 277
Collecting Episode 0
Collecting Episode 10
Collecting Episode 20
Collecting Episode 30
Collecting Episode 40
Collecting Episode 50
Collecting Episode 60
Finish Collecting Episodes in 89.21 seconds
avg value loss 1090.6009822421604
Iteration 278/2000 - Average Reward: 4.457716085247942
{'AREA': np.float64(178819.64961380442), 'weighted_R_M': 4.420149314042192, 'weighted_R_T': 1.279455092218187, 'weighted_R_P': 0.19516754150390625, 'cost_balance': np.float64(1.437055858171204), 'R_T_ratio': 3.84381313124056e-05, 'R_P_ratio': 8.590646325636207e-06}
Training Iteration 278
Collecting Episode 0
Collecting Episode 10
Collecting Episode 20
Collecting Episode 30
Collecting Episode 40
Collecting Episode 50
Collecting Episode 60
Finish Collecting Episodes in 89.29 seconds
avg value loss 2336.052814907498
Iteration 279/2000 - Average Reward: 3.6114643292255804
{'AREA': np.float64(177058.76164035586), 'weighted_R_M': 4.119944134592629, 'weighted_R_T': 1.1253672565023105, 'weighted_R_P': 0.05599636501736111, 'cost_balance': np.float64(1.6898434258884147), 'R_T_ratio': 3.380550133574393e-05, 'R_P_ratio': 2.357917647850353e-06}
Training Iteration 279
Collecting Episode 0
Collecting Episode 10
Collecting Episode 20
Collecting Episode 30
Collecting Episode 40
Collecting Episode 50
Collecting Episode 60
Finish Collecting Episodes in 89.20 seconds
avg value loss 358.7286495632595
Iteration 280/2000 - Average Reward: 3.62991846409083
{'AREA': np.float64(171700.11086337757), 'weighted_R_M': 4.055467671663412, 'weighted_R_T': 1.1620742993222342, 'weighted_R_P': 0.040156046549479164, 'cost_balance': np.float64(1.6277795541905076), 'R_T_ratio': 3.490764376417537e-05, 'R_P_ratio': 1.6731091191086856e-06}
Checkpoint saved to checkpoints/ckpt_single_shared_attention_280_3.63.pt
Training Iteration 280
Collecting Episode 0
Collecting Episode 10
Collecting Episode 20
Collecting Episode 30
Collecting Episode 40
Collecting Episode 50
Collecting Episode 60
Finish Collecting Episodes in 89.30 seconds
avg value loss 307.26050101386176
Iteration 281/2000 - Average Reward: 4.339689466830653
{'AREA': np.float64(178307.22583316587), 'weighted_R_M': 4.1086189126330686, 'weighted_R_T': 1.3779114103979535, 'weighted_R_P': 0.3187154134114583, 'cost_balance': np.float64(1.465556275912132), 'R_T_ratio': 4.140229160818878e-05, 'R_P_ratio': 1.4111340986325888e-05}
Training Iteration 281
Collecting Episode 0
Collecting Episode 10
Collecting Episode 20
Collecting Episode 30
Collecting Episode 40
Collecting Episode 50
Collecting Episode 60
Finish Collecting Episodes in 89.20 seconds
avg value loss 381.93993759155273
Iteration 282/2000 - Average Reward: 4.277868682926055
{'AREA': np.float64(178409.24861235003), 'weighted_R_M': 4.192642316262107, 'weighted_R_T': 1.337475971215301, 'weighted_R_P': 0.2649209764268663, 'cost_balance': np.float64(1.5171705836857998), 'R_T_ratio': 4.0187680592622556e-05, 'R_P_ratio': 1.1708060694471759e-05}
Training Iteration 282
Collecting Episode 0
Collecting Episode 10
Collecting Episode 20
Collecting Episode 30
Collecting Episode 40
Collecting Episode 50
Collecting Episode 60
Finish Collecting Episodes in 89.17 seconds
avg value loss 464.3224631415473
Iteration 283/2000 - Average Reward: 4.072460275518501
{'AREA': np.float64(174357.02259849885), 'weighted_R_M': 4.1649877048780075, 'weighted_R_T': 1.2795590890778437, 'weighted_R_P': 0.224822998046875, 'cost_balance': np.float64(1.596909514424802), 'R_T_ratio': 3.8441901596846735e-05, 'R_P_ratio': 9.900571105315232e-06}
Training Iteration 283
Collecting Episode 0
Collecting Episode 10
Collecting Episode 20
Collecting Episode 30
Collecting Episode 40
Collecting Episode 50
Collecting Episode 60
Finish Collecting Episodes in 89.21 seconds
avg value loss 378.94974348280164
Iteration 284/2000 - Average Reward: 4.55254743641126
{'AREA': np.float64(170494.43852812483), 'weighted_R_M': 4.2627123745525575, 'weighted_R_T': 1.4490913599729538, 'weighted_R_P': 0.44836680094401044, 'cost_balance': np.float64(1.6076231050577516), 'R_T_ratio': 4.3543807851010676e-05, 'R_P_ratio': 1.9902648030305998e-05}
Training Iteration 284
Collecting Episode 0
Collecting Episode 10
Collecting Episode 20
Collecting Episode 30
Collecting Episode 40
Collecting Episode 50
Collecting Episode 60
Finish Collecting Episodes in 89.22 seconds
avg value loss 403.85296546088324
Iteration 285/2000 - Average Reward: 3.7278910809319417
{'AREA': np.float64(172613.4320208669), 'weighted_R_M': 4.239840072562326, 'weighted_R_T': 1.0897798670662775, 'weighted_R_P': -0.047854105631510414, 'cost_balance': np.float64(1.5538747474269936), 'R_T_ratio': 3.273465121968343e-05, 'R_P_ratio': -2.26269465614104e-06}
Training Iteration 285
Collecting Episode 0
Collecting Episode 10
Collecting Episode 20
Collecting Episode 30
Collecting Episode 40
Collecting Episode 50
Collecting Episode 60
Finish Collecting Episodes in 89.28 seconds
avg value loss 302.46424145168726
Iteration 286/2000 - Average Reward: 4.011077534905376
{'AREA': np.float64(176861.23631928567), 'weighted_R_M': 4.253415938814795, 'weighted_R_T': 1.1978215641445584, 'weighted_R_P': 0.1713773939344618, 'cost_balance': np.float64(1.6115373603657182), 'R_T_ratio': 3.5979406679238925e-05, 'R_P_ratio': 7.539737933306361e-06}
Training Iteration 286
Collecting Episode 0
Collecting Episode 10
Collecting Episode 20
Collecting Episode 30
Collecting Episode 40
Collecting Episode 50
Collecting Episode 60
Finish Collecting Episodes in 89.17 seconds
avg value loss 356.66922717624243
Iteration 287/2000 - Average Reward: 4.030143343772377
{'AREA': np.float64(174031.38787791203), 'weighted_R_M': 4.197819536426753, 'weighted_R_T': 1.318034612470203, 'weighted_R_P': 0.23452801174587673, 'cost_balance': np.float64(1.7202388056063458), 'R_T_ratio': 3.960057219764341e-05, 'R_P_ratio': 1.0354449154521674e-05}
Training Iteration 287
Collecting Episode 0
Collecting Episode 10
Collecting Episode 20
Collecting Episode 30
Collecting Episode 40
Collecting Episode 50
Collecting Episode 60
Finish Collecting Episodes in 89.29 seconds
avg value loss 437.33123143513996
Iteration 288/2000 - Average Reward: 4.279585432798033
{'AREA': np.float64(174596.3516390077), 'weighted_R_M': 4.140402500755777, 'weighted_R_T': 1.3480045720934868, 'weighted_R_P': 0.3202175564236111, 'cost_balance': np.float64(1.529039187773166), 'R_T_ratio': 4.050417378543959e-05, 'R_P_ratio': 1.417134096193879e-05}
Training Iteration 288
Collecting Episode 0
Collecting Episode 10
Collecting Episode 20
Collecting Episode 30
Collecting Episode 40
Collecting Episode 50
Collecting Episode 60
Finish Collecting Episodes in 89.18 seconds
avg value loss 324.039621565077
Iteration 289/2000 - Average Reward: 4.358396195218019
{'AREA': np.float64(175241.4573140652), 'weighted_R_M': 4.1975624056223575, 'weighted_R_T': 1.3727348090873823, 'weighted_R_P': 0.3547685411241319, 'cost_balance': np.float64(1.5666695708598768), 'R_T_ratio': 4.1248000209542164e-05, 'R_P_ratio': 1.5715797090672266e-05}
Training Iteration 289
Collecting Episode 0
Collecting Episode 10
Collecting Episode 20
Collecting Episode 30
Collecting Episode 40
Collecting Episode 50
Collecting Episode 60
Finish Collecting Episodes in 89.27 seconds
avg value loss 558.3562677171495
Iteration 290/2000 - Average Reward: 3.967890438882427
{'AREA': np.float64(173561.57945481333), 'weighted_R_M': 4.041385942190169, 'weighted_R_T': 1.223009183175034, 'weighted_R_P': 0.3113848368326823, 'cost_balance': np.float64(1.6078895230801304), 'R_T_ratio': 3.673676859658162e-05, 'R_P_ratio': 1.3791145892988158e-05}
Training Iteration 290
Collecting Episode 0
Collecting Episode 10
Collecting Episode 20
Collecting Episode 30
Collecting Episode 40
Collecting Episode 50
Collecting Episode 60
Finish Collecting Episodes in 89.19 seconds
avg value loss 907.1846042209202
Iteration 291/2000 - Average Reward: 3.9129128273537694
{'AREA': np.float64(171875.33285558328), 'weighted_R_M': 4.015483517294026, 'weighted_R_T': 1.2875788129038281, 'weighted_R_P': 0.3394402398003472, 'cost_balance': np.float64(1.7295897418931494), 'R_T_ratio': 3.868910897900399e-05, 'R_P_ratio': 1.504075342268855e-05}
Training Iteration 291
Collecting Episode 0
Collecting Episode 10
Collecting Episode 20
Collecting Episode 30
Collecting Episode 40
Collecting Episode 50
Collecting Episode 60
Finish Collecting Episodes in 89.33 seconds
avg value loss 1446.8041263156467
Iteration 292/2000 - Average Reward: 3.9897322137807754
{'AREA': np.float64(172699.9255836427), 'weighted_R_M': 3.829555290575273, 'weighted_R_T': 1.3414397835731506, 'weighted_R_P': 0.4536607530381944, 'cost_balance': np.float64(1.6349236035817398), 'R_T_ratio': 4.030555481443796e-05, 'R_P_ratio': 2.0136253724531428e-05}
Training Iteration 292
Collecting Episode 0
Collecting Episode 10
Collecting Episode 20
Collecting Episode 30
Collecting Episode 40
Collecting Episode 50
Collecting Episode 60
Finish Collecting Episodes in 89.20 seconds
avg value loss 659.5703197055393
Iteration 293/2000 - Average Reward: 4.006880891418809
{'AREA': np.float64(173085.41322647876), 'weighted_R_M': 4.1153116020421345, 'weighted_R_T': 1.2643547314736578, 'weighted_R_P': 0.264503902859158, 'cost_balance': np.float64(1.6372893370583597), 'R_T_ratio': 3.798349403869799e-05, 'R_P_ratio': 1.1704828240927729e-05}
Training Iteration 293
Collecting Episode 0
Collecting Episode 10
Collecting Episode 20
Collecting Episode 30
Collecting Episode 40
Collecting Episode 50
Collecting Episode 60
Finish Collecting Episodes in 89.32 seconds
avg value loss 397.9330126444499
Iteration 294/2000 - Average Reward: 4.16908296819828
{'AREA': np.float64(170224.57274634333), 'weighted_R_M': 4.277270206272584, 'weighted_R_T': 1.3443418873680963, 'weighted_R_P': 0.1956388685438368, 'cost_balance': np.float64(1.6481679973582224), 'R_T_ratio': 4.0395465054177434e-05, 'R_P_ratio': 8.618544238972151e-06}
Training Iteration 294
Collecting Episode 0
Collecting Episode 10
Collecting Episode 20
Collecting Episode 30
Collecting Episode 40
Collecting Episode 50
Collecting Episode 60
Finish Collecting Episodes in 89.19 seconds
avg value loss 495.2648989359538
Iteration 295/2000 - Average Reward: 4.219662506747732
{'AREA': np.float64(174408.89358642427), 'weighted_R_M': 4.260256399424331, 'weighted_R_T': 1.3528479677107599, 'weighted_R_P': 0.2227232191297743, 'cost_balance': np.float64(1.6161650737457638), 'R_T_ratio': 4.0646902364921104e-05, 'R_P_ratio': 9.810780065958343e-06}
Training Iteration 295
Collecting Episode 0
Collecting Episode 10
Collecting Episode 20
Collecting Episode 30
Collecting Episode 40
Collecting Episode 50
Collecting Episode 60
Finish Collecting Episodes in 89.18 seconds
avg value loss 386.93816545274524
Iteration 296/2000 - Average Reward: 3.7442392366808943
{'AREA': np.float64(171249.98594187156), 'weighted_R_M': 4.2447511624233005, 'weighted_R_T': 1.1859715183575947, 'weighted_R_P': 0.017609066433376737, 'cost_balance': np.float64(1.7040925146924402), 'R_T_ratio': 3.5629807926989186e-05, 'R_P_ratio': 6.582761618609576e-07}
Training Iteration 296
Collecting Episode 0
Collecting Episode 10
Collecting Episode 20
Collecting Episode 30
Collecting Episode 40
Collecting Episode 50
Collecting Episode 60
Finish Collecting Episodes in 89.17 seconds
avg value loss 270.9297866821289
Iteration 297/2000 - Average Reward: 4.268193691393309
{'AREA': np.float64(175902.00478369874), 'weighted_R_M': 4.345238514023271, 'weighted_R_T': 1.2398361124926143, 'weighted_R_P': 0.20594406127929688, 'cost_balance': np.float64(1.5228250041588434), 'R_T_ratio': 3.724795470144087e-05, 'R_P_ratio': 9.055277868344172e-06}
Training Iteration 297
Collecting Episode 0
Collecting Episode 10
Collecting Episode 20
Collecting Episode 30
Collecting Episode 40
Collecting Episode 50
Collecting Episode 60
Finish Collecting Episodes in 89.21 seconds
avg value loss 890.0249905056423
Iteration 298/2000 - Average Reward: 4.408281736457462
{'AREA': np.float64(172156.41697121135), 'weighted_R_M': 4.390251489086824, 'weighted_R_T': 1.371724841495355, 'weighted_R_P': 0.2995791965060764, 'cost_balance': np.float64(1.6532738054069513), 'R_T_ratio': 4.12147882381731e-05, 'R_P_ratio': 1.325302538922478e-05}
Training Iteration 298
Collecting Episode 0
Collecting Episode 10
Collecting Episode 20
Collecting Episode 30
Collecting Episode 40
Collecting Episode 50
Collecting Episode 60
Finish Collecting Episodes in 89.27 seconds
avg value loss 1192.1315303378635
Iteration 299/2000 - Average Reward: 4.3924350965858645
{'AREA': np.float64(168335.46379189004), 'weighted_R_M': 4.030327597252356, 'weighted_R_T': 1.4884759560227394, 'weighted_R_P': 0.5582728915744357, 'cost_balance': np.float64(1.68464135495306), 'R_T_ratio': 4.472939885168423e-05, 'R_P_ratio': 2.4787435970747037e-05}
Training Iteration 299
Collecting Episode 0
Collecting Episode 10
Collecting Episode 20
Collecting Episode 30
Collecting Episode 40
Collecting Episode 50
Collecting Episode 60
Finish Collecting Episodes in 89.12 seconds
avg value loss 1043.725459628635
Iteration 300/2000 - Average Reward: 4.24400025922417
{'AREA': np.float64(175264.72864306526), 'weighted_R_M': 4.264269855226808, 'weighted_R_T': 1.2691505253314972, 'weighted_R_P': 0.2055384318033854, 'cost_balance': np.float64(1.494958559694927), 'R_T_ratio': 3.8129480358556345e-05, 'R_P_ratio': 9.0633187154604e-06}
Training Iteration 300
Collecting Episode 0
Collecting Episode 10
Collecting Episode 20
Collecting Episode 30
Collecting Episode 40
Collecting Episode 50
Collecting Episode 60
Finish Collecting Episodes in 89.26 seconds
avg value loss 208.7353163825141
Iteration 301/2000 - Average Reward: 4.243908636013253
{'AREA': np.float64(171546.87242233343), 'weighted_R_M': 4.152440172090438, 'weighted_R_T': 1.3396040432982974, 'weighted_R_P': 0.36628765530056423, 'cost_balance': np.float64(1.614423227108584), 'R_T_ratio': 4.024863823439942e-05, 'R_P_ratio': 1.6239866349283662e-05}
Training Iteration 301
Collecting Episode 0
Collecting Episode 10
Collecting Episode 20
Collecting Episode 30
Collecting Episode 40
Collecting Episode 50
Collecting Episode 60
Finish Collecting Episodes in 89.44 seconds
avg value loss 370.51355785793726
Iteration 302/2000 - Average Reward: 3.9819912359687604
{'AREA': np.float64(172762.32357207927), 'weighted_R_M': 4.102441272563258, 'weighted_R_T': 1.2062164023518562, 'weighted_R_P': 0.21400239732530382, 'cost_balance': np.float64(1.5406688277832952), 'R_T_ratio': 3.623252234104874e-05, 'R_P_ratio': 9.441154576250413e-06}
Training Iteration 302
Collecting Episode 0
Collecting Episode 10
Collecting Episode 20
Collecting Episode 30
Collecting Episode 40
Collecting Episode 50
Collecting Episode 60
Finish Collecting Episodes in 89.43 seconds
avg value loss 414.0340076022678
Iteration 303/2000 - Average Reward: 4.313704027787834
{'AREA': np.float64(175638.7206269015), 'weighted_R_M': 4.248478535816086, 'weighted_R_T': 1.394840267797311, 'weighted_R_P': 0.26433351304796004, 'cost_balance': np.float64(1.593948285351912), 'R_T_ratio': 4.190873088815038e-05, 'R_P_ratio': 1.1690511311774713e-05}
Training Iteration 303
Collecting Episode 0
Collecting Episode 10
Collecting Episode 20
Collecting Episode 30
Collecting Episode 40
Collecting Episode 50
Collecting Episode 60
Finish Collecting Episodes in 89.34 seconds
avg value loss 301.2904586791992
Iteration 304/2000 - Average Reward: 4.223563780697684
{'AREA': np.float64(171135.0244801164), 'weighted_R_M': 4.353601930288493, 'weighted_R_T': 1.2098392471671104, 'weighted_R_P': 0.16806835598415798, 'cost_balance': np.float64(1.5079457497556887), 'R_T_ratio': 3.634266155980325e-05, 'R_P_ratio': 7.38740848829479e-06}
Training Iteration 304
Collecting Episode 0
Collecting Episode 10
Collecting Episode 20
Collecting Episode 30
Collecting Episode 40
Collecting Episode 50
Collecting Episode 60
Finish Collecting Episodes in 89.45 seconds
avg value loss 450.17417017618817
Iteration 305/2000 - Average Reward: 4.399940245778351
{'AREA': np.float64(175710.70175013845), 'weighted_R_M': 4.24038856371601, 'weighted_R_T': 1.3964995741844177, 'weighted_R_P': 0.3108011881510417, 'cost_balance': np.float64(1.5477490734911514), 'R_T_ratio': 4.196031858166243e-05, 'R_P_ratio': 1.3766641430015517e-05}
Training Iteration 305
Collecting Episode 0
Collecting Episode 10
Collecting Episode 20
Collecting Episode 30
Collecting Episode 40
Collecting Episode 50
Collecting Episode 60
Finish Collecting Episodes in 89.35 seconds
avg value loss 417.9504678514269
Iteration 306/2000 - Average Reward: 4.644908567308448
{'AREA': np.float64(173739.20718354706), 'weighted_R_M': 4.3154329488821634, 'weighted_R_T': 1.3913933394683733, 'weighted_R_P': 0.40891477796766496, 'cost_balance': np.float64(1.4708325030634535), 'R_T_ratio': 4.180495443472746e-05, 'R_P_ratio': 1.8144179610512452e-05}
Training Iteration 306
Collecting Episode 0
Collecting Episode 10
Collecting Episode 20
Collecting Episode 30
Collecting Episode 40
Collecting Episode 50
Collecting Episode 60
Finish Collecting Episodes in 89.42 seconds
avg value loss 720.7135056389702
Iteration 307/2000 - Average Reward: 3.8959300000569783
{'AREA': np.float64(176947.04193681132), 'weighted_R_M': 4.107490836499513, 'weighted_R_T': 1.1264331017931302, 'weighted_R_P': 0.12765375773111978, 'cost_balance': np.float64(1.4656476947406363), 'R_T_ratio': 3.38349476447246e-05, 'R_P_ratio': 5.577527043326085e-06}
Training Iteration 307
Collecting Episode 0
Collecting Episode 10
Collecting Episode 20
Collecting Episode 30
Collecting Episode 40
Collecting Episode 50
Collecting Episode 60
Finish Collecting Episodes in 89.31 seconds
avg value loss 281.829281700982
Iteration 308/2000 - Average Reward: 3.942928451457798
{'AREA': np.float64(172772.51799628112), 'weighted_R_M': 4.334596155489773, 'weighted_R_T': 1.1630858182907104, 'weighted_R_P': 0.1614049275716146, 'cost_balance': np.float64(1.7161584664775282), 'R_T_ratio': 3.493737134302455e-05, 'R_P_ratio': 7.070313380856212e-06}
Training Iteration 308
Collecting Episode 0
Collecting Episode 10
Collecting Episode 20
Collecting Episode 30
Collecting Episode 40
Collecting Episode 50
Collecting Episode 60
Finish Collecting Episodes in 89.34 seconds
avg value loss 330.0735096401638
Iteration 309/2000 - Average Reward: 4.304529711104503
{'AREA': np.float64(172105.8193419253), 'weighted_R_M': 4.101068110294566, 'weighted_R_T': 1.3970211148262024, 'weighted_R_P': 0.44152874416775173, 'cost_balance': np.float64(1.6350882523522605), 'R_T_ratio': 4.1978092529775126e-05, 'R_P_ratio': 1.958802750234856e-05}
Training Iteration 309
Collecting Episode 0
Collecting Episode 10
Collecting Episode 20
Collecting Episode 30
Collecting Episode 40
Collecting Episode 50
Collecting Episode 60
Finish Collecting Episodes in 89.36 seconds
avg value loss 1142.9373287624783
Iteration 310/2000 - Average Reward: 4.531553867858343
{'AREA': np.float64(173869.0554220866), 'weighted_R_M': 4.430170133094622, 'weighted_R_T': 1.412247721519735, 'weighted_R_P': 0.29792192247178817, 'cost_balance': np.float64(1.6087859265802882), 'R_T_ratio': 4.243663128027714e-05, 'R_P_ratio': 1.318277420989728e-05}
Training Iteration 310
Collecting Episode 0
Collecting Episode 10
Collecting Episode 20
Collecting Episode 30
Collecting Episode 40
Collecting Episode 50
Collecting Episode 60
Finish Collecting Episodes in 89.35 seconds
avg value loss 761.6151245964897
Iteration 311/2000 - Average Reward: 4.26017993306353
{'AREA': np.float64(174897.10737059033), 'weighted_R_M': 4.128876565438215, 'weighted_R_T': 1.272545713517401, 'weighted_R_P': 0.3285416497124566, 'cost_balance': np.float64(1.469783987837414), 'R_T_ratio': 3.8229413099237654e-05, 'R_P_ratio': 1.454619070853955e-05}
Training Iteration 311
Collecting Episode 0
Collecting Episode 10
Collecting Episode 20
Collecting Episode 30
Collecting Episode 40
Collecting Episode 50
Collecting Episode 60
Finish Collecting Episodes in 89.48 seconds
avg value loss 293.50851101345484
Iteration 312/2000 - Average Reward: 4.2020020440169095
{'AREA': np.float64(173214.00372263213), 'weighted_R_M': 4.096414861656866, 'weighted_R_T': 1.3558064690894551, 'weighted_R_P': 0.29108089870876735, 'cost_balance': np.float64(1.5413001787949543), 'R_T_ratio': 4.073837891094895e-05, 'R_P_ratio': 1.2891680750897997e-05}
Training Iteration 312
Collecting Episode 0
Collecting Episode 10
Collecting Episode 20
Collecting Episode 30
Collecting Episode 40
Collecting Episode 50
Collecting Episode 60
Finish Collecting Episodes in 89.39 seconds
avg value loss 317.90497250027124
Iteration 313/2000 - Average Reward: 4.289855292144542
{'AREA': np.float64(175393.84770742603), 'weighted_R_M': 4.135459333269056, 'weighted_R_T': 1.238292186624474, 'weighted_R_P': 0.38425106472439235, 'cost_balance': np.float64(1.4681472883358517), 'R_T_ratio': 3.719887424729093e-05, 'R_P_ratio': 1.7048305066741376e-05}
Training Iteration 313
Collecting Episode 0
Collecting Episode 10
Collecting Episode 20
Collecting Episode 30
Collecting Episode 40
Collecting Episode 50
Collecting Episode 60
Finish Collecting Episodes in 89.41 seconds
avg value loss 247.78667492336697
Iteration 314/2000 - Average Reward: 4.0551910733338445
{'AREA': np.float64(172239.4630197753), 'weighted_R_M': 3.9654975503570236, 'weighted_R_T': 1.241570959488551, 'weighted_R_P': 0.4076317681206597, 'cost_balance': np.float64(1.5595091949733906), 'R_T_ratio': 3.730118146591521e-05, 'R_P_ratio': 1.8069974116747327e-05}
Training Iteration 314
Collecting Episode 0
Collecting Episode 10
Collecting Episode 20
Collecting Episode 30
Collecting Episode 40
Collecting Episode 50
Collecting Episode 60
Finish Collecting Episodes in 89.27 seconds
avg value loss 487.9863421122233
Iteration 315/2000 - Average Reward: 4.348853518921209
{'AREA': np.float64(174947.65363073305), 'weighted_R_M': 4.09795289133097, 'weighted_R_T': 1.339157008462482, 'weighted_R_P': 0.3907792833116319, 'cost_balance': np.float64(1.479035660709977), 'R_T_ratio': 4.023529979801007e-05, 'R_P_ratio': 1.732973477803274e-05}
Training Iteration 315
Collecting Episode 0
Collecting Episode 10
Collecting Episode 20
Collecting Episode 30
Collecting Episode 40
Collecting Episode 50
Collecting Episode 60
Finish Collecting Episodes in 89.41 seconds
avg value loss 412.244263543023
Iteration 316/2000 - Average Reward: 4.448165830405843
{'AREA': np.float64(176102.26327866432), 'weighted_R_M': 4.0677367219469085, 'weighted_R_T': 1.3867486268281937, 'weighted_R_P': 0.4906603495279948, 'cost_balance': np.float64(1.4969798584138065), 'R_T_ratio': 4.166444629652741e-05, 'R_P_ratio': 2.1778050369446343e-05}
Training Iteration 316
Collecting Episode 0
Collecting Episode 10
Collecting Episode 20
Collecting Episode 30
Collecting Episode 40
Collecting Episode 50
Collecting Episode 60
Finish Collecting Episodes in 89.25 seconds
avg value loss 462.43023257785376
Iteration 317/2000 - Average Reward: 4.352655913654922
{'AREA': np.float64(175898.31050528566), 'weighted_R_M': 4.2717241554624685, 'weighted_R_T': 1.2649564693371456, 'weighted_R_P': 0.30248472425672746, 'cost_balance': np.float64(1.4865094277751008), 'R_T_ratio': 3.7999719517530416e-05, 'R_P_ratio': 1.3391999537884502e-05}
Training Iteration 317
Collecting Episode 0
Collecting Episode 10
Collecting Episode 20
Collecting Episode 30
Collecting Episode 40
Collecting Episode 50
Collecting Episode 60
Finish Collecting Episodes in 89.25 seconds
avg value loss 974.4077411227756
Iteration 318/2000 - Average Reward: 3.9604911649819567
{'AREA': np.float64(170598.4539545765), 'weighted_R_M': 4.23865692569954, 'weighted_R_T': 1.2527375171581905, 'weighted_R_P': 0.08813858032226562, 'cost_balance': np.float64(1.6190418565006761), 'R_T_ratio': 3.7637870809448556e-05, 'R_P_ratio': 3.814871874076155e-06}
Training Iteration 318
Collecting Episode 0
Collecting Episode 10
Collecting Episode 20
Collecting Episode 30
Collecting Episode 40
Collecting Episode 50
Collecting Episode 60
Finish Collecting Episodes in 89.13 seconds
avg value loss 796.3439072502983
Iteration 319/2000 - Average Reward: 4.0279357635558375
{'AREA': np.float64(174349.20007906586), 'weighted_R_M': 4.077491770864577, 'weighted_R_T': 1.2148202715648546, 'weighted_R_P': 0.2883033752441406, 'cost_balance': np.float64(1.5526796441591582), 'R_T_ratio': 3.6492750993713826e-05, 'R_P_ratio': 1.27512603635169e-05}
Training Iteration 319
Collecting Episode 0
Collecting Episode 10
Collecting Episode 20
Collecting Episode 30
Collecting Episode 40
Collecting Episode 50
Collecting Episode 60
Finish Collecting Episodes in 89.22 seconds
avg value loss 344.6495064629449
Iteration 320/2000 - Average Reward: 4.255603112564939
{'AREA': np.float64(171754.6791739995), 'weighted_R_M': 4.194181769666759, 'weighted_R_T': 1.257888766626517, 'weighted_R_P': 0.34360376993815106, 'cost_balance': np.float64(1.5400711947027328), 'R_T_ratio': 3.778825104332658e-05, 'R_P_ratio': 1.5230315451931888e-05}
Checkpoint saved to checkpoints/ckpt_single_shared_attention_320_4.26.pt
Training Iteration 320
Collecting Episode 0
Collecting Episode 10
Collecting Episode 20
Collecting Episode 30
Collecting Episode 40
Collecting Episode 50
Collecting Episode 60
Finish Collecting Episodes in 89.15 seconds
avg value loss 1232.7509812249077
Iteration 321/2000 - Average Reward: 3.9452066387618996
{'AREA': np.float64(169907.3701018187), 'weighted_R_M': 4.152334408444265, 'weighted_R_T': 1.1262758117583063, 'weighted_R_P': 0.23484717475043404, 'cost_balance': np.float64(1.568250753688509), 'R_T_ratio': 3.383346269355948e-05, 'R_P_ratio': 1.0368520937791158e-05}
Training Iteration 321
Collecting Episode 0
Collecting Episode 10
Collecting Episode 20
Collecting Episode 30
Collecting Episode 40
Collecting Episode 50
Collecting Episode 60
Finish Collecting Episodes in 89.15 seconds
avg value loss 1371.4818433125813
Iteration 322/2000 - Average Reward: 4.489245415066964
{'AREA': np.float64(170367.55614762378), 'weighted_R_M': 4.1404527233302515, 'weighted_R_T': 1.4684168207976553, 'weighted_R_P': 0.44665951199001735, 'cost_balance': np.float64(1.5662836286240878), 'R_T_ratio': 4.412624875170678e-05, 'R_P_ratio': 1.9820068305258693e-05}
Training Iteration 322
Collecting Episode 0
Collecting Episode 10
Collecting Episode 20
Collecting Episode 30
Collecting Episode 40
Collecting Episode 50
Collecting Episode 60
Finish Collecting Episodes in 89.23 seconds
avg value loss 313.58519575330945
Iteration 323/2000 - Average Reward: 4.527092540843619
{'AREA': np.float64(174212.42084053683), 'weighted_R_M': 4.092779948321486, 'weighted_R_T': 1.4125343619121447, 'weighted_R_P': 0.5763990614149306, 'cost_balance': np.float64(1.5546208320140675), 'R_T_ratio': 4.245054882599797e-05, 'R_P_ratio': 2.558316628387125e-05}
Training Iteration 323
Collecting Episode 0
Collecting Episode 10
Collecting Episode 20
Collecting Episode 30
Collecting Episode 40
Collecting Episode 50
Collecting Episode 60
Finish Collecting Episodes in 89.15 seconds
avg value loss 405.6927655537923
Iteration 324/2000 - Average Reward: 4.583886098763388
{'AREA': np.float64(171043.99223527324), 'weighted_R_M': 4.2118986033972305, 'weighted_R_T': 1.5122277869118586, 'weighted_R_P': 0.47524388631184894, 'cost_balance': np.float64(1.6154841780750937), 'R_T_ratio': 4.5446566615465876e-05, 'R_P_ratio': 2.1107561663926936e-05}
Training Iteration 324
Collecting Episode 0
Collecting Episode 10
Collecting Episode 20
Collecting Episode 30
Collecting Episode 40
Collecting Episode 50
Collecting Episode 60
Finish Collecting Episodes in 89.25 seconds
avg value loss 595.9635781182183
Iteration 325/2000 - Average Reward: 4.707526884727283
{'AREA': np.float64(173692.67821770118), 'weighted_R_M': 4.283903274903726, 'weighted_R_T': 1.3561965889400907, 'weighted_R_P': 0.4934488932291667, 'cost_balance': np.float64(1.426021867467937), 'R_T_ratio': 4.075085150761277e-05, 'R_P_ratio': 2.1912991243868325e-05}
Training Iteration 325
Collecting Episode 0
Collecting Episode 10
Collecting Episode 20
Collecting Episode 30
Collecting Episode 40
Collecting Episode 50
Collecting Episode 60
Finish Collecting Episodes in 89.16 seconds
avg value loss 724.1863403320312
Iteration 326/2000 - Average Reward: 4.700424485186684
{'AREA': np.float64(173048.51688290134), 'weighted_R_M': 4.178259940607215, 'weighted_R_T': 1.4215811259216733, 'weighted_R_P': 0.6290156046549479, 'cost_balance': np.float64(1.5284321851427998), 'R_T_ratio': 4.27171889272496e-05, 'R_P_ratio': 2.7957031678767384e-05}
Training Iteration 326
Collecting Episode 0
Collecting Episode 10
Collecting Episode 20
Collecting Episode 30
Collecting Episode 40
Collecting Episode 50
Collecting Episode 60
Finish Collecting Episodes in 89.21 seconds
avg value loss 649.9470469156901
Iteration 327/2000 - Average Reward: 4.126047887904052
{'AREA': np.float64(172910.2988452877), 'weighted_R_M': 3.904725262565901, 'weighted_R_T': 1.2679755066831906, 'weighted_R_P': 0.48569022284613717, 'cost_balance': np.float64(1.5323431118298496), 'R_T_ratio': 3.8091506275099905e-05, 'R_P_ratio': 2.156529456438948e-05}
Training Iteration 327
Collecting Episode 0
Collecting Episode 10
Collecting Episode 20
Collecting Episode 30
Collecting Episode 40
Collecting Episode 50
Collecting Episode 60
Finish Collecting Episodes in 89.12 seconds
avg value loss 546.5669763353136
Iteration 328/2000 - Average Reward: 4.702909642487713
{'AREA': np.float64(172323.2753696684), 'weighted_R_M': 3.9976863998275576, 'weighted_R_T': 1.477395287818379, 'weighted_R_P': 0.6975271436903212, 'cost_balance': np.float64(1.4696991921755345), 'R_T_ratio': 4.439479487826667e-05, 'R_P_ratio': 3.1013850043252865e-05}
Training Iteration 328
Collecting Episode 0
Collecting Episode 10
Collecting Episode 20
Collecting Episode 30
Collecting Episode 40
Collecting Episode 50
Collecting Episode 60
Finish Collecting Episodes in 89.19 seconds
avg value loss 523.4717318216959
Iteration 329/2000 - Average Reward: 4.190468041866552
{'AREA': np.float64(172820.23543916878), 'weighted_R_M': 3.777131285534728, 'weighted_R_T': 1.3185520139005449, 'weighted_R_P': 0.6110767788357205, 'cost_balance': np.float64(1.5162920296558204), 'R_T_ratio': 3.961471325895299e-05, 'R_P_ratio': 2.7113760531114844e-05}
Training Iteration 329
Collecting Episode 0
Collecting Episode 10
Collecting Episode 20
Collecting Episode 30
Collecting Episode 40
Collecting Episode 50
Collecting Episode 60
Finish Collecting Episodes in 89.13 seconds
avg value loss 1294.9339078267415
Iteration 330/2000 - Average Reward: 4.198965884544628
{'AREA': np.float64(170448.50277002502), 'weighted_R_M': 3.8507659714095377, 'weighted_R_T': 1.3551980050073729, 'weighted_R_P': 0.5891181098090278, 'cost_balance': np.float64(1.596116195563599), 'R_T_ratio': 4.071957445152418e-05, 'R_P_ratio': 2.6176478690039435e-05}
Training Iteration 330
Collecting Episode 0
Collecting Episode 10
Collecting Episode 20
Collecting Episode 30
Collecting Episode 40
Collecting Episode 50
Collecting Episode 60
Finish Collecting Episodes in 89.26 seconds
avg value loss 634.4958953857422
Iteration 331/2000 - Average Reward: 4.65318434979579
{'AREA': np.float64(174997.49469953158), 'weighted_R_M': 4.058117135833224, 'weighted_R_T': 1.341552576257123, 'weighted_R_P': 0.7747993469238281, 'cost_balance': np.float64(1.5212846955841937), 'R_T_ratio': 4.030424259286427e-05, 'R_P_ratio': 3.4426034978977484e-05}
Training Iteration 331
Collecting Episode 0
Collecting Episode 10
Collecting Episode 20
Collecting Episode 30
Collecting Episode 40
Collecting Episode 50
Collecting Episode 60
Finish Collecting Episodes in 89.30 seconds
avg value loss 229.4610858493381
Iteration 332/2000 - Average Reward: 4.824965072524113
{'AREA': np.float64(171813.17180998472), 'weighted_R_M': 3.9307444058710845, 'weighted_R_T': 1.529015911122163, 'weighted_R_P': 0.923502180311415, 'cost_balance': np.float64(1.558297428889372), 'R_T_ratio': 4.5955396899897506e-05, 'R_P_ratio': 4.107470277693592e-05}
Training Iteration 332
Collecting Episode 0
Collecting Episode 10
Collecting Episode 20
Collecting Episode 30
Collecting Episode 40
Collecting Episode 50
Collecting Episode 60
Finish Collecting Episodes in 89.28 seconds
avg value loss 232.68073315090604
Iteration 333/2000 - Average Reward: 4.46282016750451
{'AREA': np.float64(172227.65119388094), 'weighted_R_M': 3.785972251625329, 'weighted_R_T': 1.461491920053959, 'weighted_R_P': 0.7939843071831597, 'cost_balance': np.float64(1.57862830748499), 'R_T_ratio': 4.392263273720085e-05, 'R_P_ratio': 3.529355949553892e-05}
Training Iteration 333
Collecting Episode 0
Collecting Episode 10
Collecting Episode 20
Collecting Episode 30
Collecting Episode 40
Collecting Episode 50
Collecting Episode 60
Finish Collecting Episodes in 89.16 seconds
avg value loss 450.2265527513292
Iteration 334/2000 - Average Reward: 4.573451172883829
{'AREA': np.float64(174432.19534127731), 'weighted_R_M': 3.899219072612987, 'weighted_R_T': 1.4238592444194689, 'weighted_R_P': 0.7579939100477431, 'cost_balance': np.float64(1.5076210514393262), 'R_T_ratio': 4.278201544851793e-05, 'R_P_ratio': 3.370631622980224e-05}
Training Iteration 334
Collecting Episode 0
Collecting Episode 10
Collecting Episode 20
Collecting Episode 30
Collecting Episode 40
Collecting Episode 50
Collecting Episode 60
Finish Collecting Episodes in 89.16 seconds
avg value loss 264.89368947347003
Iteration 335/2000 - Average Reward: 4.683541973826424
{'AREA': np.float64(167429.5157680068), 'weighted_R_M': 3.961893793023415, 'weighted_R_T': 1.4753034338355064, 'weighted_R_P': 0.8865364922417535, 'cost_balance': np.float64(1.6401917481687607), 'R_T_ratio': 4.43317883660708e-05, 'R_P_ratio': 3.9430217198186154e-05}
Training Iteration 335
Collecting Episode 0
Collecting Episode 10
Collecting Episode 20
Collecting Episode 30
Collecting Episode 40
Collecting Episode 50
Collecting Episode 60
Finish Collecting Episodes in 89.21 seconds
avg value loss 1257.6858906216091
Iteration 336/2000 - Average Reward: 4.983567682023729
{'AREA': np.float64(174996.4353374497), 'weighted_R_M': 3.8185532845793406, 'weighted_R_T': 1.5333527699112892, 'weighted_R_P': 0.9847819010416666, 'cost_balance': np.float64(1.3531202759755707), 'R_T_ratio': 4.608024430392821e-05, 'R_P_ratio': 4.3806624878202825e-05}
Training Iteration 336
Collecting Episode 0
Collecting Episode 10
Collecting Episode 20
Collecting Episode 30
Collecting Episode 40
Collecting Episode 50
Collecting Episode 60
Finish Collecting Episodes in 89.16 seconds
avg value loss 3496.0278896755644
Iteration 337/2000 - Average Reward: 4.717270336269091
{'AREA': np.float64(174187.22962491267), 'weighted_R_M': 4.093801932152347, 'weighted_R_T': 1.3497554593616061, 'weighted_R_P': 0.6327976650661893, 'cost_balance': np.float64(1.3590847261162917), 'R_T_ratio': 4.055718041141545e-05, 'R_P_ratio': 2.8111667056822233e-05}
Training Iteration 337
Collecting Episode 0
Collecting Episode 10
Collecting Episode 20
Collecting Episode 30
Collecting Episode 40
Collecting Episode 50
Collecting Episode 60
Finish Collecting Episodes in 89.32 seconds
avg value loss 673.7933798895942
Iteration 338/2000 - Average Reward: 4.732471942565301
{'AREA': np.float64(176421.8593309824), 'weighted_R_M': 3.9606042130050505, 'weighted_R_T': 1.3577167151702776, 'weighted_R_P': 0.6792861090766059, 'cost_balance': np.float64(1.2651350947089441), 'R_T_ratio': 4.0790626797595734e-05, 'R_P_ratio': 3.0177822767056704e-05}
Training Iteration 338
Collecting Episode 0
Collecting Episode 10
Collecting Episode 20
Collecting Episode 30
Collecting Episode 40
Collecting Episode 50
Collecting Episode 60
Finish Collecting Episodes in 89.18 seconds
avg value loss 315.42656962076825
Iteration 339/2000 - Average Reward: 4.68686777162495
{'AREA': np.float64(175535.12028223148), 'weighted_R_M': 3.8812746390950554, 'weighted_R_T': 1.4700875100162294, 'weighted_R_P': 0.8231798807779948, 'cost_balance': np.float64(1.4876742680447028), 'R_T_ratio': 4.4180942505114224e-05, 'R_P_ratio': 3.660751741159528e-05}
Training Iteration 339
Collecting Episode 0
Collecting Episode 10
Collecting Episode 20
Collecting Episode 30
Collecting Episode 40
Collecting Episode 50
Collecting Episode 60
Finish Collecting Episodes in 89.32 seconds
avg value loss 394.4345245361328
Iteration 340/2000 - Average Reward: 4.739059425366577
{'AREA': np.float64(173398.44318696644), 'weighted_R_M': 3.954003868727505, 'weighted_R_T': 1.5422707009646628, 'weighted_R_P': 0.7531522115071615, 'cost_balance': np.float64(1.5103673614957414), 'R_T_ratio': 4.6348363970033194e-05, 'R_P_ratio': 3.3487863658732746e-05}
Training Iteration 340
Collecting Episode 0
Collecting Episode 10
Collecting Episode 20
Collecting Episode 30
Collecting Episode 40
Collecting Episode 50
Collecting Episode 60
Finish Collecting Episodes in 89.16 seconds
avg value loss 386.7478069729275
Iteration 341/2000 - Average Reward: 4.509667517164619
{'AREA': np.float64(175118.2320528909), 'weighted_R_M': 3.7880115669327727, 'weighted_R_T': 1.379839765528838, 'weighted_R_P': 0.7467337714301215, 'cost_balance': np.float64(1.4049175846302362), 'R_T_ratio': 4.145660608437549e-05, 'R_P_ratio': 3.3197941123825715e-05}
Training Iteration 341
Collecting Episode 0
Collecting Episode 10
Collecting Episode 20
Collecting Episode 30
Collecting Episode 40
Collecting Episode 50
Collecting Episode 60
Finish Collecting Episodes in 89.27 seconds
avg value loss 293.53328789605035
Iteration 342/2000 - Average Reward: 5.120332949691349
{'AREA': np.float64(176286.97274180828), 'weighted_R_M': 4.102944570136843, 'weighted_R_T': 1.5367603757315211, 'weighted_R_P': 0.8495394388834635, 'cost_balance': np.float64(1.368911437045889), 'R_T_ratio': 4.618444466876327e-05, 'R_P_ratio': 3.776800170947953e-05}
Training Iteration 342
Collecting Episode 0
Collecting Episode 10
Collecting Episode 20
Collecting Episode 30
Collecting Episode 40
Collecting Episode 50
Collecting Episode 60
Finish Collecting Episodes in 89.20 seconds
avg value loss 310.2126964992947
Iteration 343/2000 - Average Reward: 4.8946121026529
{'AREA': np.float64(178894.71314304104), 'weighted_R_M': 4.002375609977611, 'weighted_R_T': 1.4593804048167334, 'weighted_R_P': 0.808325449625651, 'cost_balance': np.float64(1.3754693655357848), 'R_T_ratio': 4.3858266451581494e-05, 'R_P_ratio': 3.594499569964074e-05}
Training Iteration 343
Collecting Episode 0
Collecting Episode 10
Collecting Episode 20
Collecting Episode 30
Collecting Episode 40
Collecting Episode 50
Collecting Episode 60
Finish Collecting Episodes in 89.27 seconds
avg value loss 260.6902029249403
Iteration 344/2000 - Average Reward: 5.067975482276072
{'AREA': np.float64(176410.88299350362), 'weighted_R_M': 4.062079744708892, 'weighted_R_T': 1.5357545473509364, 'weighted_R_P': 0.8869027031792535, 'cost_balance': np.float64(1.416761513420545), 'R_T_ratio': 4.614806878246324e-05, 'R_P_ratio': 3.944516652635504e-05}
Training Iteration 344
Collecting Episode 0
Collecting Episode 10
Collecting Episode 20
Collecting Episode 30
Collecting Episode 40
Collecting Episode 50
Collecting Episode 60
Finish Collecting Episodes in 89.18 seconds
avg value loss 283.0614293416341
Iteration 345/2000 - Average Reward: 4.829232188982941
{'AREA': np.float64(175107.97022662775), 'weighted_R_M': 3.882504738287556, 'weighted_R_T': 1.489508172704114, 'weighted_R_P': 0.8271874321831597, 'cost_balance': np.float64(1.3699681504543286), 'R_T_ratio': 4.476111506605972e-05, 'R_P_ratio': 3.678284670993274e-05}
Training Iteration 345
Collecting Episode 0
Collecting Episode 10
Collecting Episode 20
Collecting Episode 30
Collecting Episode 40
Collecting Episode 50
Collecting Episode 60
Finish Collecting Episodes in 89.26 seconds
avg value loss 370.9968431260851
Iteration 346/2000 - Average Reward: 4.716148231970793
{'AREA': np.float64(178353.55407961158), 'weighted_R_M': 3.7997240665308833, 'weighted_R_T': 1.4309217747714784, 'weighted_R_P': 0.9814860026041666, 'cost_balance': np.float64(1.4959836214861166), 'R_T_ratio': 4.299517891739879e-05, 'R_P_ratio': 4.36527937853466e-05}
Training Iteration 346
Collecting Episode 0
Collecting Episode 10
Collecting Episode 20
Collecting Episode 30
Collecting Episode 40
Collecting Episode 50
Collecting Episode 60
Finish Collecting Episodes in 89.17 seconds
avg value loss 756.3415866427952
Iteration 347/2000 - Average Reward: 5.1161322949790495
{'AREA': np.float64(172525.81704715616), 'weighted_R_M': 3.9728247388484306, 'weighted_R_T': 1.5852698642346594, 'weighted_R_P': 0.9587169223361545, 'cost_balance': np.float64(1.4006792365983058), 'R_T_ratio': 4.7643482607541886e-05, 'R_P_ratio': 4.262916092959146e-05}
Training Iteration 347
Collecting Episode 0
Collecting Episode 10
Collecting Episode 20
Collecting Episode 30
Collecting Episode 40
Collecting Episode 50
Collecting Episode 60
Finish Collecting Episodes in 89.18 seconds
avg value loss 315.7235878838433
Iteration 348/2000 - Average Reward: 4.416036489241782
{'AREA': np.float64(172005.10197357007), 'weighted_R_M': 3.8500369491374737, 'weighted_R_T': 1.415147238307529, 'weighted_R_P': 0.6746220058865018, 'cost_balance': np.float64(1.5237697100263186), 'R_T_ratio': 4.2524808549666065e-05, 'R_P_ratio': 2.998507092213634e-05}
Training Iteration 348
Collecting Episode 0
Collecting Episode 10
Collecting Episode 20
Collecting Episode 30
Collecting Episode 40
Collecting Episode 50
Collecting Episode 60
Finish Collecting Episodes in 89.13 seconds
avg value loss 630.599318186442
Iteration 349/2000 - Average Reward: 4.943580839800739
{'AREA': np.float64(177683.83506002164), 'weighted_R_M': 3.986222164274851, 'weighted_R_T': 1.481314603653219, 'weighted_R_P': 0.7797287835015191, 'cost_balance': np.float64(1.3036847081122815), 'R_T_ratio': 4.4513000397293966e-05, 'R_P_ratio': 3.465791364799797e-05}
Training Iteration 349
Collecting Episode 0
Collecting Episode 10
Collecting Episode 20
Collecting Episode 30
Collecting Episode 40
Collecting Episode 50
Collecting Episode 60
Finish Collecting Episodes in 89.23 seconds
avg value loss 917.7739507887098
Iteration 350/2000 - Average Reward: 5.0058704648399726
{'AREA': np.float64(175563.29812692234), 'weighted_R_M': 3.924918229240676, 'weighted_R_T': 1.590258131424586, 'weighted_R_P': 0.8815286424424913, 'cost_balance': np.float64(1.3908345316678072), 'R_T_ratio': 4.779254052112652e-05, 'R_P_ratio': 3.919905901820909e-05}
Training Iteration 350
Collecting Episode 0
Collecting Episode 10
Collecting Episode 20
Collecting Episode 30
Collecting Episode 40
Collecting Episode 50
Collecting Episode 60
Finish Collecting Episodes in 89.27 seconds
avg value loss 854.2402068244087
Iteration 351/2000 - Average Reward: 4.773910558549687
{'AREA': np.float64(175115.7261959653), 'weighted_R_M': 4.116842384236912, 'weighted_R_T': 1.443725907140308, 'weighted_R_P': 0.5693770514594184, 'cost_balance': np.float64(1.3560347757244045), 'R_T_ratio': 4.338316469630621e-05, 'R_P_ratio': 2.528702922620517e-05}
Training Iteration 351
Collecting Episode 0
Collecting Episode 10
Collecting Episode 20
Collecting Episode 30
Collecting Episode 40
Collecting Episode 50
Collecting Episode 60
Finish Collecting Episodes in 89.31 seconds
avg value loss 1006.5544844733345
Iteration 352/2000 - Average Reward: 4.551900263125491
{'AREA': np.float64(174141.29093364684), 'weighted_R_M': 3.895105347297911, 'weighted_R_T': 1.4372330365909471, 'weighted_R_P': 0.5966139899359809, 'cost_balance': np.float64(1.3770521012432728), 'R_T_ratio': 4.318958625102207e-05, 'R_P_ratio': 2.649831780972895e-05}
Training Iteration 352
Collecting Episode 0
Collecting Episode 10
Collecting Episode 20
Collecting Episode 30
Collecting Episode 40
Collecting Episode 50
Collecting Episode 60
Finish Collecting Episodes in 89.23 seconds
avg value loss 303.71832995944555
Iteration 353/2000 - Average Reward: 4.624361850495916
{'AREA': np.float64(176357.76451188934), 'weighted_R_M': 3.7794344477877453, 'weighted_R_T': 1.4619151544239786, 'weighted_R_P': 0.7750015258789062, 'cost_balance': np.float64(1.3919892691551181), 'R_T_ratio': 4.3928117595174514e-05, 'R_P_ratio': 3.446152823163542e-05}
Training Iteration 353
Collecting Episode 0
Collecting Episode 10
Collecting Episode 20
Collecting Episode 30
Collecting Episode 40
Collecting Episode 50
Collecting Episode 60
Finish Collecting Episodes in 89.19 seconds
avg value loss 385.6058175828722
Iteration 354/2000 - Average Reward: 4.901095485741583
{'AREA': np.float64(176843.99959299527), 'weighted_R_M': 3.9018215019846516, 'weighted_R_T': 1.5390095197492175, 'weighted_R_P': 0.927956051296658, 'cost_balance': np.float64(1.4676915902270982), 'R_T_ratio': 4.624975365456443e-05, 'R_P_ratio': 4.1266205598547126e-05}
Training Iteration 354
Collecting Episode 0
Collecting Episode 10
Collecting Episode 20
Collecting Episode 30
Collecting Episode 40
Collecting Episode 50
Collecting Episode 60
Finish Collecting Episodes in 89.24 seconds
avg value loss 1407.5508109198677
Iteration 355/2000 - Average Reward: 5.0722179801604295
{'AREA': np.float64(175098.0022761053), 'weighted_R_M': 4.103357171512774, 'weighted_R_T': 1.58430232355992, 'weighted_R_P': 0.7678777906629775, 'cost_balance': np.float64(1.3833193088536508), 'R_T_ratio': 4.761184296181134e-05, 'R_P_ratio': 3.413886987800751e-05}
Training Iteration 355
Collecting Episode 0
Collecting Episode 10
Collecting Episode 20
Collecting Episode 30
Collecting Episode 40
Collecting Episode 50
Collecting Episode 60
Finish Collecting Episodes in 89.20 seconds
avg value loss 519.5375811258951
Iteration 356/2000 - Average Reward: 4.967600075042962
{'AREA': np.float64(178901.95678082784), 'weighted_R_M': 4.063546089127992, 'weighted_R_T': 1.4942382565802999, 'weighted_R_P': 0.7758013407389323, 'cost_balance': np.float64(1.3659856157531232), 'R_T_ratio': 4.490520028370878e-05, 'R_P_ratio': 3.4464850658831435e-05}
Training Iteration 356
Collecting Episode 0
Collecting Episode 10
Collecting Episode 20
Collecting Episode 30
Collecting Episode 40
Collecting Episode 50
Collecting Episode 60
Finish Collecting Episodes in 89.24 seconds
avg value loss 510.4069578382704
Iteration 357/2000 - Average Reward: 5.099162158336387
{'AREA': np.float64(180002.76637181235), 'weighted_R_M': 3.834832751874375, 'weighted_R_T': 1.5677532388104334, 'weighted_R_P': 1.0278701782226562, 'cost_balance': np.float64(1.331294008484585), 'R_T_ratio': 4.7119152240133864e-05, 'R_P_ratio': 4.570731418115617e-05}
Training Iteration 357
Collecting Episode 0
Collecting Episode 10
Collecting Episode 20
Collecting Episode 30
Collecting Episode 40
Collecting Episode 50
Collecting Episode 60
Finish Collecting Episodes in 89.21 seconds
avg value loss 405.2634213765462
Iteration 358/2000 - Average Reward: 5.039197858228969
{'AREA': np.float64(174871.5920544603), 'weighted_R_M': 4.015520084448806, 'weighted_R_T': 1.5821375159753694, 'weighted_R_P': 0.8205994500054253, 'cost_balance': np.float64(1.3790591917596695), 'R_T_ratio': 4.755546301759191e-05, 'R_P_ratio': 3.64648715645134e-05}
Training Iteration 358
Collecting Episode 0
Collecting Episode 10
Collecting Episode 20
Collecting Episode 30
Collecting Episode 40
Collecting Episode 50
Collecting Episode 60
Finish Collecting Episodes in 89.24 seconds
avg value loss 400.977357228597
Iteration 359/2000 - Average Reward: 5.022023693994722
{'AREA': np.float64(175778.42034872985), 'weighted_R_M': 3.9964098028623436, 'weighted_R_T': 1.5083979815244675, 'weighted_R_P': 0.8565394083658854, 'cost_balance': np.float64(1.3393234922059023), 'R_T_ratio': 4.532972997684268e-05, 'R_P_ratio': 3.808666154260818e-05}
Training Iteration 359
Collecting Episode 0
Collecting Episode 10
Collecting Episode 20
Collecting Episode 30
Collecting Episode 40
Collecting Episode 50
Collecting Episode 60
Finish Collecting Episodes in 89.16 seconds
avg value loss 815.2941606309679
Iteration 360/2000 - Average Reward: 5.318058497414717
{'AREA': np.float64(180937.06360187917), 'weighted_R_M': 4.048132420034436, 'weighted_R_T': 1.597820988131894, 'weighted_R_P': 0.949059804280599, 'cost_balance': np.float64(1.2769547169443103), 'R_T_ratio': 4.801959982803392e-05, 'R_P_ratio': 4.2199811961996574e-05}
Checkpoint saved to checkpoints/ckpt_single_shared_attention_360_5.32.pt
Training Iteration 360
Collecting Episode 0
Collecting Episode 10
Collecting Episode 20
Collecting Episode 30
Collecting Episode 40
Collecting Episode 50
Collecting Episode 60
Finish Collecting Episodes in 89.19 seconds
avg value loss 996.5202590094673
Iteration 361/2000 - Average Reward: 5.549279958869899
{'AREA': np.float64(180228.93503646716), 'weighted_R_M': 4.152377611667059, 'weighted_R_T': 1.715417020022869, 'weighted_R_P': 0.9095488654242622, 'cost_balance': np.float64(1.2280635415009937), 'R_T_ratio': 5.156669859911817e-05, 'R_P_ratio': 4.0443105624337556e-05}
Training Iteration 361
Collecting Episode 0
Collecting Episode 10
Collecting Episode 20
Collecting Episode 30
Collecting Episode 40
Collecting Episode 50
Collecting Episode 60
Finish Collecting Episodes in 89.15 seconds
avg value loss 330.49360275268555
Iteration 362/2000 - Average Reward: 5.050595566598026
{'AREA': np.float64(177336.0970469897), 'weighted_R_M': 3.9805239237404444, 'weighted_R_T': 1.52572782503234, 'weighted_R_P': 0.924414316813151, 'cost_balance': np.float64(1.380070495031355), 'R_T_ratio': 4.58494135847149e-05, 'R_P_ratio': 4.111462259613156e-05}
Training Iteration 362
Collecting Episode 0
Collecting Episode 10
Collecting Episode 20
Collecting Episode 30
Collecting Episode 40
Collecting Episode 50
Collecting Episode 60
Finish Collecting Episodes in 89.19 seconds
avg value loss 359.04380374484595
Iteration 363/2000 - Average Reward: 5.12399818135115
{'AREA': np.float64(178879.38974581508), 'weighted_R_M': 4.276414828441274, 'weighted_R_T': 1.5244524313343897, 'weighted_R_P': 0.6261482238769531, 'cost_balance': np.float64(1.3030172933059936), 'R_T_ratio': 4.5809587982551585e-05, 'R_P_ratio': 2.781622443116188e-05}
Training Iteration 363
Collecting Episode 0
Collecting Episode 10
Collecting Episode 20
Collecting Episode 30
Collecting Episode 40
Collecting Episode 50
Collecting Episode 60
Finish Collecting Episodes in 89.30 seconds
avg value loss 663.6336186726888
Iteration 364/2000 - Average Reward: 5.097204827988106
{'AREA': np.float64(178682.68137301845), 'weighted_R_M': 3.969851577390879, 'weighted_R_T': 1.5484060471256573, 'weighted_R_P': 0.9210900200737847, 'cost_balance': np.float64(1.342142814880532), 'R_T_ratio': 4.653436724189824e-05, 'R_P_ratio': 4.096536442632945e-05}
Training Iteration 364
Collecting Episode 0
Collecting Episode 10
Collecting Episode 20
Collecting Episode 30
Collecting Episode 40
Collecting Episode 50
Collecting Episode 60
Finish Collecting Episodes in 89.14 seconds
avg value loss 429.3577478196886
Iteration 365/2000 - Average Reward: 5.36606894463249
{'AREA': np.float64(178320.46347701052), 'weighted_R_M': 4.030571581674786, 'weighted_R_T': 1.6823017762766943, 'weighted_R_P': 0.9537315368652344, 'cost_balance': np.float64(1.3005359408155055), 'R_T_ratio': 5.057503892414809e-05, 'R_P_ratio': 4.239230006547005e-05}
Training Iteration 365
Collecting Episode 0
Collecting Episode 10
Collecting Episode 20
Collecting Episode 30
Collecting Episode 40
Collecting Episode 50
Collecting Episode 60
Finish Collecting Episodes in 89.30 seconds
avg value loss 932.4845419989692
Iteration 366/2000 - Average Reward: 5.419435620683038
{'AREA': np.float64(182681.26656396608), 'weighted_R_M': 4.071790231919383, 'weighted_R_T': 1.6680737543437216, 'weighted_R_P': 0.9972568088107638, 'cost_balance': np.float64(1.3176851627430712), 'R_T_ratio': 5.0138478560430975e-05, 'R_P_ratio': 4.43546659385415e-05}
Training Iteration 366
Collecting Episode 0
Collecting Episode 10
Collecting Episode 20
Collecting Episode 30
Collecting Episode 40
Collecting Episode 50
Collecting Episode 60
Finish Collecting Episodes in 89.16 seconds
avg value loss 601.6173583136665
Iteration 367/2000 - Average Reward: 5.025550489850705
{'AREA': np.float64(174687.35671142134), 'weighted_R_M': 4.185762233362185, 'weighted_R_T': 1.5989080485370424, 'weighted_R_P': 0.7778265211317275, 'cost_balance': np.float64(1.536946312055305), 'R_T_ratio': 4.805536723992266e-05, 'R_P_ratio': 3.458658358136382e-05}
Training Iteration 367
Collecting Episode 0
Collecting Episode 10
Collecting Episode 20
Collecting Episode 30
Collecting Episode 40
Collecting Episode 50
Collecting Episode 60
Finish Collecting Episodes in 89.31 seconds
avg value loss 331.08026038275824
Iteration 368/2000 - Average Reward: 5.400549934342659
{'AREA': np.float64(179180.09613609055), 'weighted_R_M': 4.173829396607579, 'weighted_R_T': 1.613760573996438, 'weighted_R_P': 0.9804734124077691, 'cost_balance': np.float64(1.3675134431375169), 'R_T_ratio': 4.849860288759808e-05, 'R_P_ratio': 4.361548999235218e-05}
Training Iteration 368
Collecting Episode 0
Collecting Episode 10
Collecting Episode 20
Collecting Episode 30
Collecting Episode 40
Collecting Episode 50
Collecting Episode 60
Finish Collecting Episodes in 89.17 seconds
avg value loss 462.926990085178
Iteration 369/2000 - Average Reward: 5.3691798504636
{'AREA': np.float64(178425.14225903043), 'weighted_R_M': 4.241917495083511, 'weighted_R_T': 1.657455124788814, 'weighted_R_P': 0.853738996717665, 'cost_balance': np.float64(1.3839317514433243), 'R_T_ratio': 4.981862917308486e-05, 'R_P_ratio': 3.7946910877719055e-05}
Training Iteration 369
Collecting Episode 0
Collecting Episode 10
Collecting Episode 20
Collecting Episode 30
Collecting Episode 40
Collecting Episode 50
Collecting Episode 60
Finish Collecting Episodes in 89.30 seconds
avg value loss 680.9206521775988
Iteration 370/2000 - Average Reward: 5.646593479780778
{'AREA': np.float64(182469.7417382702), 'weighted_R_M': 4.168342948489933, 'weighted_R_T': 1.6038637194368575, 'weighted_R_P': 1.0007298787434895, 'cost_balance': np.float64(1.1263430636578313), 'R_T_ratio': 4.820469666543598e-05, 'R_P_ratio': 4.449639158398935e-05}
Training Iteration 370
Collecting Episode 0
Collecting Episode 10
Collecting Episode 20
Collecting Episode 30
Collecting Episode 40
Collecting Episode 50
Collecting Episode 60
Finish Collecting Episodes in 89.20 seconds
avg value loss 326.8734817504883
Iteration 371/2000 - Average Reward: 5.183039136069258
{'AREA': np.float64(184640.23148013867), 'weighted_R_M': 4.044166908461623, 'weighted_R_T': 1.4715320939819019, 'weighted_R_P': 0.7981499565972222, 'cost_balance': np.float64(1.1308098161280664), 'R_T_ratio': 4.4217209481486885e-05, 'R_P_ratio': 3.5484222390747e-05}
Training Iteration 371
Collecting Episode 0
Collecting Episode 10
Collecting Episode 20
Collecting Episode 30
Collecting Episode 40
Collecting Episode 50
Collecting Episode 60
Finish Collecting Episodes in 89.26 seconds
avg value loss 508.23413933648004
Iteration 372/2000 - Average Reward: 5.525915143377562
{'AREA': np.float64(183068.90436955943), 'weighted_R_M': 4.098846379344991, 'weighted_R_T': 1.6196475674708684, 'weighted_R_P': 0.971519046359592, 'cost_balance': np.float64(1.1640978408181704), 'R_T_ratio': 4.868381727122907e-05, 'R_P_ratio': 4.316849268351365e-05}
Training Iteration 372
Collecting Episode 0
Collecting Episode 10
Collecting Episode 20
Collecting Episode 30
Collecting Episode 40
Collecting Episode 50
Collecting Episode 60
Finish Collecting Episodes in 89.15 seconds
avg value loss 288.4004063076443
Iteration 373/2000 - Average Reward: 5.337033824814069
{'AREA': np.float64(179261.36432363425), 'weighted_R_M': 3.962583671879252, 'weighted_R_T': 1.6006744570202298, 'weighted_R_P': 1.05713865492079, 'cost_balance': np.float64(1.2833629521590575), 'R_T_ratio': 4.8110741274875716e-05, 'R_P_ratio': 4.7018605772075e-05}
Training Iteration 373
Collecting Episode 0
Collecting Episode 10
Collecting Episode 20
Collecting Episode 30
Collecting Episode 40
Collecting Episode 50
Collecting Episode 60
Finish Collecting Episodes in 89.22 seconds
avg value loss 254.25746705796985
Iteration 374/2000 - Average Reward: 5.198941666548813
{'AREA': np.float64(180856.3394728488), 'weighted_R_M': 3.9232939263067945, 'weighted_R_T': 1.5592316372527018, 'weighted_R_P': 0.9162360297309028, 'cost_balance': np.float64(1.1998199214122414), 'R_T_ratio': 4.686190723744247e-05, 'R_P_ratio': 4.0738041584035635e-05}
Training Iteration 374
Collecting Episode 0
Collecting Episode 10
Collecting Episode 20
Collecting Episode 30
Collecting Episode 40
Collecting Episode 50
Collecting Episode 60
Finish Collecting Episodes in 89.27 seconds
avg value loss 542.1120062934028
Iteration 375/2000 - Average Reward: 5.394329629637974
{'AREA': np.float64(179041.02236727407), 'weighted_R_M': 4.169192108635381, 'weighted_R_T': 1.5943456027242873, 'weighted_R_P': 0.8837983873155382, 'cost_balance': np.float64(1.2530064567532948), 'R_T_ratio': 4.7918558621949816e-05, 'R_P_ratio': 3.9303879674487366e-05}
Training Iteration 375
Collecting Episode 0
Collecting Episode 10
Collecting Episode 20
Collecting Episode 30
Collecting Episode 40
Collecting Episode 50
Collecting Episode 60
Finish Collecting Episodes in 89.22 seconds
avg value loss 316.35612233479816
Iteration 376/2000 - Average Reward: 5.282462286685283
{'AREA': np.float64(182311.63779561926), 'weighted_R_M': 4.103696382648902, 'weighted_R_T': 1.5071132737729285, 'weighted_R_P': 0.9230045742458768, 'cost_balance': np.float64(1.251351934312688), 'R_T_ratio': 4.52888068442255e-05, 'R_P_ratio': 4.103260725884147e-05}
Training Iteration 376
Collecting Episode 0
Collecting Episode 10
Collecting Episode 20
Collecting Episode 30
Collecting Episode 40
Collecting Episode 50
Collecting Episode 60
Finish Collecting Episodes in 89.26 seconds
avg value loss 303.20936075846356
Iteration 377/2000 - Average Reward: 5.439725794855298
{'AREA': np.float64(181375.7806872699), 'weighted_R_M': 3.9580110839941276, 'weighted_R_T': 1.61715317517519, 'weighted_R_P': 1.14607662624783, 'cost_balance': np.float64(1.2815150898707668), 'R_T_ratio': 4.8605009080623006e-05, 'R_P_ratio': 5.0968795274061114e-05}
Training Iteration 377
Collecting Episode 0
Collecting Episode 10
Collecting Episode 20
Collecting Episode 30
Collecting Episode 40
Collecting Episode 50
Collecting Episode 60
Finish Collecting Episodes in 89.24 seconds
avg value loss 1084.3720982869465
Iteration 378/2000 - Average Reward: 4.971419018609191
{'AREA': np.float64(182158.76158026833), 'weighted_R_M': 3.785394525014706, 'weighted_R_T': 1.4349549180931516, 'weighted_R_P': 1.0269622802734375, 'cost_balance': np.float64(1.2758927034457717), 'R_T_ratio': 4.311834271343265e-05, 'R_P_ratio': 4.5670843456846774e-05}
Training Iteration 378
Collecting Episode 0
Collecting Episode 10
Collecting Episode 20
Collecting Episode 30
Collecting Episode 40
Collecting Episode 50
Collecting Episode 60
Finish Collecting Episodes in 89.27 seconds
avg value loss 258.59122551812067
Iteration 379/2000 - Average Reward: 5.522838274540845
{'AREA': np.float64(183401.79365385993), 'weighted_R_M': 4.007812309366083, 'weighted_R_T': 1.629435767730077, 'weighted_R_P': 1.0077438354492188, 'cost_balance': np.float64(1.1221536313874423), 'R_T_ratio': 4.8973874479220516e-05, 'R_P_ratio': 4.481411194306543e-05}
Training Iteration 379
Collecting Episode 0
Collecting Episode 10
Collecting Episode 20
Collecting Episode 30
Collecting Episode 40
Collecting Episode 50
Collecting Episode 60
Finish Collecting Episodes in 89.16 seconds
avg value loss 275.773745642768
Iteration 380/2000 - Average Reward: 5.6131843592932755
{'AREA': np.float64(178713.37546186722), 'weighted_R_M': 4.189181642334814, 'weighted_R_T': 1.6344116172856755, 'weighted_R_P': 1.0490786234537761, 'cost_balance': np.float64(1.2594875305193045), 'R_T_ratio': 4.912593790142799e-05, 'R_P_ratio': 4.665702799889574e-05}
Training Iteration 380
Collecting Episode 0
Collecting Episode 10
Collecting Episode 20
Collecting Episode 30
Collecting Episode 40
Collecting Episode 50
Collecting Episode 60
Finish Collecting Episodes in 89.28 seconds
avg value loss 1554.1111000908745
Iteration 381/2000 - Average Reward: 5.780016855084493
{'AREA': np.float64(182011.74650483116), 'weighted_R_M': 4.187094193955393, 'weighted_R_T': 1.6445056017902162, 'weighted_R_P': 1.1272362603081598, 'cost_balance': np.float64(1.1788192091791272), 'R_T_ratio': 4.9428189299637206e-05, 'R_P_ratio': 5.01318207491395e-05}
Training Iteration 381
Collecting Episode 0
Collecting Episode 10
Collecting Episode 20
Collecting Episode 30
Collecting Episode 40
Collecting Episode 50
Collecting Episode 60
Finish Collecting Episodes in 89.16 seconds
avg value loss 445.105899810791
Iteration 382/2000 - Average Reward: 5.4318024050185665
{'AREA': np.float64(180034.7396859705), 'weighted_R_M': 4.195526522090101, 'weighted_R_T': 1.6562356096174982, 'weighted_R_P': 0.9066441853841146, 'cost_balance': np.float64(1.326603917584195), 'R_T_ratio': 4.978131037747401e-05, 'R_P_ratio': 4.031824705438527e-05}
Training Iteration 382
Collecting Episode 0
Collecting Episode 10
Collecting Episode 20
Collecting Episode 30
Collecting Episode 40
Collecting Episode 50
Collecting Episode 60
Finish Collecting Episodes in 89.27 seconds
avg value loss 621.2651045057509
Iteration 383/2000 - Average Reward: 5.21836054939518
{'AREA': np.float64(183800.83045052877), 'weighted_R_M': 4.100773782005187, 'weighted_R_T': 1.4907163050439622, 'weighted_R_P': 0.7634603712293837, 'cost_balance': np.float64(1.1365899030709954), 'R_T_ratio': 4.480201277046489e-05, 'R_P_ratio': 3.392651781229506e-05}
Training Iteration 383
Collecting Episode 0
Collecting Episode 10
Collecting Episode 20
Collecting Episode 30
Collecting Episode 40
Collecting Episode 50
Collecting Episode 60
Finish Collecting Episodes in 89.23 seconds
avg value loss 524.8328412373861
Iteration 384/2000 - Average Reward: 5.5593832698715335
{'AREA': np.float64(180179.88552268155), 'weighted_R_M': 4.319851953727923, 'weighted_R_T': 1.5965590460432901, 'weighted_R_P': 0.8635304768880209, 'cost_balance': np.float64(1.2205581888879995), 'R_T_ratio': 4.7984261348024385e-05, 'R_P_ratio': 3.8413068665634396e-05}
Training Iteration 384
Collecting Episode 0
Collecting Episode 10
Collecting Episode 20
Collecting Episode 30
Collecting Episode 40
Collecting Episode 50
Collecting Episode 60
Finish Collecting Episodes in 89.18 seconds
avg value loss 874.0305006239149
Iteration 385/2000 - Average Reward: 5.947250289242624
{'AREA': np.float64(184329.53979552252), 'weighted_R_M': 4.1854183596950385, 'weighted_R_T': 1.828795712855127, 'weighted_R_P': 1.14057371351454, 'cost_balance': np.float64(1.2075374963922532), 'R_T_ratio': 5.4976957812045514e-05, 'R_P_ratio': 5.073266968442452e-05}
Training Iteration 385
Collecting Episode 0
Collecting Episode 10
Collecting Episode 20
Collecting Episode 30
Collecting Episode 40
Collecting Episode 50
Collecting Episode 60
Finish Collecting Episodes in 89.19 seconds
avg value loss 581.9370396931967
Iteration 386/2000 - Average Reward: 5.142141523143639
{'AREA': np.float64(181948.49457523215), 'weighted_R_M': 3.8551521660704364, 'weighted_R_T': 1.511895615193579, 'weighted_R_P': 0.9787063598632812, 'cost_balance': np.float64(1.203612609500024), 'R_T_ratio': 4.543628274405557e-05, 'R_P_ratio': 4.351437638302264e-05}
Training Iteration 386
Collecting Episode 0
Collecting Episode 10
Collecting Episode 20
Collecting Episode 30
Collecting Episode 40
Collecting Episode 50
Collecting Episode 60
Finish Collecting Episodes in 89.19 seconds
avg value loss 491.48283131917316
Iteration 387/2000 - Average Reward: 5.465143342101429
{'AREA': np.float64(179173.84012024465), 'weighted_R_M': 3.9898712059009793, 'weighted_R_T': 1.6490483863486185, 'weighted_R_P': 1.1045027838812933, 'cost_balance': np.float64(1.2782790319614898), 'R_T_ratio': 4.9563604598170295e-05, 'R_P_ratio': 4.9128993941288975e-05}
Training Iteration 387
Collecting Episode 0
Collecting Episode 10
Collecting Episode 20
Collecting Episode 30
Collecting Episode 40
Collecting Episode 50
Collecting Episode 60
Finish Collecting Episodes in 89.28 seconds
avg value loss 727.9803712632921
Iteration 388/2000 - Average Reward: 5.368697762023658
{'AREA': np.float64(180024.75361437091), 'weighted_R_M': 4.08833548860543, 'weighted_R_T': 1.6315157214800518, 'weighted_R_P': 0.9844813876681857, 'cost_balance': np.float64(1.3356348319020983), 'R_T_ratio': 4.903742102246558e-05, 'R_P_ratio': 4.378557146296172e-05}
Training Iteration 388
Collecting Episode 0
Collecting Episode 10
Collecting Episode 20
Collecting Episode 30
Collecting Episode 40
Collecting Episode 50
Collecting Episode 60
Finish Collecting Episodes in 89.17 seconds
avg value loss 466.373046875
Iteration 389/2000 - Average Reward: 5.664580908869135
{'AREA': np.float64(182923.31873786775), 'weighted_R_M': 4.161040242485973, 'weighted_R_T': 1.7533177095982764, 'weighted_R_P': 1.0666885375976562, 'cost_balance': np.float64(1.316465598970752), 'R_T_ratio': 5.270487569650361e-05, 'R_P_ratio': 4.7465735146552825e-05}
Training Iteration 389
Collecting Episode 0
Collecting Episode 10
Collecting Episode 20
Collecting Episode 30
Collecting Episode 40
Collecting Episode 50
Collecting Episode 60
Finish Collecting Episodes in 89.29 seconds
avg value loss 846.3892487419976
Iteration 390/2000 - Average Reward: 5.614521513013945
{'AREA': np.float64(181918.20405594647), 'weighted_R_M': 4.021242119898627, 'weighted_R_T': 1.6981347774465878, 'weighted_R_P': 1.1080979241265192, 'cost_balance': np.float64(1.212953313304795), 'R_T_ratio': 5.104291951316891e-05, 'R_P_ratio': 4.929355010768898e-05}
Training Iteration 390
Collecting Episode 0
Collecting Episode 10
Collecting Episode 20
Collecting Episode 30
Collecting Episode 40
Collecting Episode 50
Collecting Episode 60
Finish Collecting Episodes in 89.21 seconds
avg value loss 409.3270954555935
Iteration 391/2000 - Average Reward: 5.961438188652715
{'AREA': np.float64(179810.58127667618), 'weighted_R_M': 3.992294006826708, 'weighted_R_T': 1.77892597599162, 'weighted_R_P': 1.3336355421278212, 'cost_balance': np.float64(1.1434173414559041), 'R_T_ratio': 5.347891644499275e-05, 'R_P_ratio': 5.9321940607221265e-05}
Training Iteration 391
Collecting Episode 0
Collecting Episode 10
Collecting Episode 20
Collecting Episode 30
Collecting Episode 40
Collecting Episode 50
Collecting Episode 60
Finish Collecting Episodes in 89.36 seconds
avg value loss 466.23052300347223
Iteration 392/2000 - Average Reward: 5.575057512233292
{'AREA': np.float64(180223.49779016947), 'weighted_R_M': 4.069498707873411, 'weighted_R_T': 1.64403166456355, 'weighted_R_P': 1.1535775926378038, 'cost_balance': np.float64(1.2920504590378383), 'R_T_ratio': 4.940898644886319e-05, 'R_P_ratio': 5.131891443088368e-05}
Training Iteration 392
Collecting Episode 0
Collecting Episode 10
Collecting Episode 20
Collecting Episode 30
Collecting Episode 40
Collecting Episode 50
Collecting Episode 60
Finish Collecting Episodes in 89.16 seconds
avg value loss 693.0190361870659
Iteration 393/2000 - Average Reward: 5.629797299767637
{'AREA': np.float64(184294.94900468847), 'weighted_R_M': 3.911537862243247, 'weighted_R_T': 1.6988679344455402, 'weighted_R_P': 1.1586829291449652, 'cost_balance': np.float64(1.1392914175030142), 'R_T_ratio': 5.106365368319025e-05, 'R_P_ratio': 5.154084643414306e-05}
Training Iteration 393
Collecting Episode 0
Collecting Episode 10
Collecting Episode 20
Collecting Episode 30
Collecting Episode 40
Collecting Episode 50
Collecting Episode 60
Finish Collecting Episodes in 89.30 seconds
avg value loss 865.8126496209038
Iteration 394/2000 - Average Reward: 6.0478709454958635
{'AREA': np.float64(185391.1063673999), 'weighted_R_M': 4.0640923391764545, 'weighted_R_T': 1.7656209982103772, 'weighted_R_P': 1.35047361585829, 'cost_balance': np.float64(1.1323160035680804), 'R_T_ratio': 5.3079034391683035e-05, 'R_P_ratio': 6.0055799312460574e-05}
Training Iteration 394
Collecting Episode 0
Collecting Episode 10
Collecting Episode 20
Collecting Episode 30
Collecting Episode 40
Collecting Episode 50
Collecting Episode 60
Finish Collecting Episodes in 89.15 seconds
avg value loss 601.8509979248047
Iteration 395/2000 - Average Reward: 5.26860664073158
{'AREA': np.float64(184451.5180721097), 'weighted_R_M': 3.964467407414708, 'weighted_R_T': 1.449402317404747, 'weighted_R_P': 1.0421566433376737, 'cost_balance': np.float64(1.1874197312068844), 'R_T_ratio': 4.3550643799359724e-05, 'R_P_ratio': 4.633299461222361e-05}
Training Iteration 395
Collecting Episode 0
Collecting Episode 10
Collecting Episode 20
Collecting Episode 30
Collecting Episode 40
Collecting Episode 50
Collecting Episode 60
Finish Collecting Episodes in 89.29 seconds
avg value loss 744.6195382012261
Iteration 396/2000 - Average Reward: 5.735595046361494
{'AREA': np.float64(188648.7772521954), 'weighted_R_M': 3.8420574715553104, 'weighted_R_T': 1.6856405677066908, 'weighted_R_P': 1.2655342949761286, 'cost_balance': np.float64(1.0576372921105532), 'R_T_ratio': 5.066231211151172e-05, 'R_P_ratio': 5.628587387314057e-05}
Training Iteration 396
Collecting Episode 0
Collecting Episode 10
Collecting Episode 20
Collecting Episode 30
Collecting Episode 40
Collecting Episode 50
Collecting Episode 60
Finish Collecting Episodes in 89.18 seconds
avg value loss 486.6027111477322
Iteration 397/2000 - Average Reward: 5.981366212046447
{'AREA': np.float64(184631.02041137463), 'weighted_R_M': 4.0042878040048, 'weighted_R_T': 1.7674691569474008, 'weighted_R_P': 1.2896427578396268, 'cost_balance': np.float64(1.0800335157363241), 'R_T_ratio': 5.3132808554532456e-05, 'R_P_ratio': 5.735805145784379e-05}
Training Iteration 397
Collecting Episode 0
Collecting Episode 10
Collecting Episode 20
Collecting Episode 30
Collecting Episode 40
Collecting Episode 50
Collecting Episode 60
Finish Collecting Episodes in 89.18 seconds
avg value loss 978.9351467556423
Iteration 398/2000 - Average Reward: 5.9870161049055035
{'AREA': np.float64(188043.93146869983), 'weighted_R_M': 4.238529228663045, 'weighted_R_T': 1.6884697187278006, 'weighted_R_P': 1.0336290995279949, 'cost_balance': np.float64(0.9736119331855512), 'R_T_ratio': 5.075094465881324e-05, 'R_P_ratio': 4.595452088373975e-05}
Training Iteration 398
Collecting Episode 0
Collecting Episode 10
Collecting Episode 20
Collecting Episode 30
Collecting Episode 40
Collecting Episode 50
Collecting Episode 60
Finish Collecting Episodes in 89.16 seconds
avg value loss 531.5519027709961
Iteration 399/2000 - Average Reward: 5.846772025242292
{'AREA': np.float64(185480.8399675598), 'weighted_R_M': 3.927469635537275, 'weighted_R_T': 1.659842414988412, 'weighted_R_P': 1.3291782803005643, 'cost_balance': np.float64(1.0697183029440778), 'R_T_ratio': 4.9886899621231435e-05, 'R_P_ratio': 5.912862326638691e-05}
Training Iteration 399
Collecting Episode 0
Collecting Episode 10
Collecting Episode 20
Collecting Episode 30
Collecting Episode 40
Collecting Episode 50
Collecting Episode 60
Finish Collecting Episodes in 89.18 seconds
avg value loss 391.0962198045519
Iteration 400/2000 - Average Reward: 5.476258262817282
{'AREA': np.float64(182173.71634192235), 'weighted_R_M': 4.042965944181358, 'weighted_R_T': 1.5838961634371016, 'weighted_R_P': 1.0628293355305989, 'cost_balance': np.float64(1.213433161096224), 'R_T_ratio': 4.760523662379149e-05, 'R_P_ratio': 4.725713162717483e-05}
Checkpoint saved to checkpoints/ckpt_single_shared_attention_400_5.48.pt
Training Iteration 400
Collecting Episode 0
Collecting Episode 10
Collecting Episode 20
Collecting Episode 30
Collecting Episode 40
Collecting Episode 50
Collecting Episode 60
Finish Collecting Episodes in 89.29 seconds
avg value loss 1194.4784698486328
Iteration 401/2000 - Average Reward: 5.683126129986097
{'AREA': np.float64(185101.90813329935), 'weighted_R_M': 3.8125582674837992, 'weighted_R_T': 1.6281127722726927, 'weighted_R_P': 1.3199000888400607, 'cost_balance': np.float64(1.0774449893586182), 'R_T_ratio': 4.893190138860316e-05, 'R_P_ratio': 5.869549078547457e-05}
Training Iteration 401
Collecting Episode 0
Collecting Episode 10
Collecting Episode 20
Collecting Episode 30
Collecting Episode 40
Collecting Episode 50
Collecting Episode 60
Finish Collecting Episodes in 89.20 seconds
avg value loss 718.8006324768066
Iteration 402/2000 - Average Reward: 5.599565997208831
{'AREA': np.float64(184365.5145127698), 'weighted_R_M': 3.8835722709365097, 'weighted_R_T': 1.6343676381640964, 'weighted_R_P': 1.165834214952257, 'cost_balance': np.float64(1.0842081430265331), 'R_T_ratio': 4.9128814161795214e-05, 'R_P_ratio': 5.182636334217444e-05}
Training Iteration 402
Collecting Episode 0
Collecting Episode 10
Collecting Episode 20
Collecting Episode 30
Collecting Episode 40
Collecting Episode 50
Collecting Episode 60
Finish Collecting Episodes in 89.30 seconds
avg value loss 542.0280939737955
Iteration 403/2000 - Average Reward: 5.7841288722961
{'AREA': np.float64(187026.38470897017), 'weighted_R_M': 3.6620932766283736, 'weighted_R_T': 1.7527066585090425, 'weighted_R_P': 1.5545967949761286, 'cost_balance': np.float64(1.1852678435784292), 'R_T_ratio': 5.26855277460905e-05, 'R_P_ratio': 6.913079601801752e-05}
Training Iteration 403
Collecting Episode 0
Collecting Episode 10
Collecting Episode 20
Collecting Episode 30
Collecting Episode 40
Collecting Episode 50
Collecting Episode 60
Finish Collecting Episodes in 89.20 seconds
avg value loss 1240.3921614752876
Iteration 404/2000 - Average Reward: 5.6310876293896905
{'AREA': np.float64(185957.56558727325), 'weighted_R_M': 3.687068762241021, 'weighted_R_T': 1.6340214966071978, 'weighted_R_P': 1.3335791693793402, 'cost_balance': np.float64(1.0235817993674532), 'R_T_ratio': 4.911427051365294e-05, 'R_P_ratio': 5.931568421000924e-05}
Training Iteration 404
Collecting Episode 0
Collecting Episode 10
Collecting Episode 20
Collecting Episode 30
Collecting Episode 40
Collecting Episode 50
Collecting Episode 60
Finish Collecting Episodes in 89.30 seconds
avg value loss 494.7689255608453
Iteration 405/2000 - Average Reward: 5.486769456435771
{'AREA': np.float64(183090.37813807817), 'weighted_R_M': 3.888737330122985, 'weighted_R_T': 1.5246340384085972, 'weighted_R_P': 1.1654836866590712, 'cost_balance': np.float64(1.0920855987243898), 'R_T_ratio': 4.5814850404435644e-05, 'R_P_ratio': 5.182802446345971e-05}
Training Iteration 405
Collecting Episode 0
Collecting Episode 10
Collecting Episode 20
Collecting Episode 30
Collecting Episode 40
Collecting Episode 50
Collecting Episode 60
Finish Collecting Episodes in 89.19 seconds
avg value loss 309.8737496270074
Iteration 406/2000 - Average Reward: 5.750495814103892
{'AREA': np.float64(185341.06358872505), 'weighted_R_M': 3.7814289595875152, 'weighted_R_T': 1.6089233871963289, 'weighted_R_P': 1.3847236633300781, 'cost_balance': np.float64(1.024580201207805), 'R_T_ratio': 4.8357796716293665e-05, 'R_P_ratio': 6.155991787399401e-05}
Training Iteration 406
Collecting Episode 0
Collecting Episode 10
Collecting Episode 20
Collecting Episode 30
Collecting Episode 40
Collecting Episode 50
Collecting Episode 60
Finish Collecting Episodes in 89.28 seconds
avg value loss 427.7621120876736
Iteration 407/2000 - Average Reward: 5.90818073329865
{'AREA': np.float64(184752.16138894396), 'weighted_R_M': 3.675135295109107, 'weighted_R_T': 1.733370332254304, 'weighted_R_P': 1.558127933078342, 'cost_balance': np.float64(1.0584528219025482), 'R_T_ratio': 5.210156043800503e-05, 'R_P_ratio': 6.929037870617716e-05}
Training Iteration 407
Collecting Episode 0
Collecting Episode 10
Collecting Episode 20
Collecting Episode 30
Collecting Episode 40
Collecting Episode 50
Collecting Episode 60
Finish Collecting Episodes in 89.19 seconds
avg value loss 277.90747324625653
Iteration 408/2000 - Average Reward: 5.695438848950693
{'AREA': np.float64(187877.63367129723), 'weighted_R_M': 3.6971652609685055, 'weighted_R_T': 1.6488559130165312, 'weighted_R_P': 1.4388953314887152, 'cost_balance': np.float64(1.089477659251231), 'R_T_ratio': 4.9560232038312365e-05, 'R_P_ratio': 6.399537325423033e-05}
Training Iteration 408
Collecting Episode 0
Collecting Episode 10
Collecting Episode 20
Collecting Episode 30
Collecting Episode 40
Collecting Episode 50
Collecting Episode 60
Finish Collecting Episodes in 89.15 seconds
avg value loss 312.1908077663845
Iteration 409/2000 - Average Reward: 5.897067299765897
{'AREA': np.float64(186587.56565253023), 'weighted_R_M': 3.9855603829765744, 'weighted_R_T': 1.660776324570179, 'weighted_R_P': 1.3519426981608074, 'cost_balance': np.float64(1.1012121116670697), 'R_T_ratio': 4.991793098335023e-05, 'R_P_ratio': 6.01148502210263e-05}
Training Iteration 409
Collecting Episode 0
Collecting Episode 10
Collecting Episode 20
Collecting Episode 30
Collecting Episode 40
Collecting Episode 50
Collecting Episode 60
Finish Collecting Episodes in 89.19 seconds
avg value loss 326.288747575548
Iteration 410/2000 - Average Reward: 6.033125101071265
{'AREA': np.float64(185932.1934091329), 'weighted_R_M': 4.170671691664754, 'weighted_R_T': 1.768138673570421, 'weighted_R_P': 1.1494081285264757, 'cost_balance': np.float64(1.0550933788257708), 'R_T_ratio': 5.315087218694639e-05, 'R_P_ratio': 5.108737490344992e-05}
Training Iteration 410
Collecting Episode 0
Collecting Episode 10
Collecting Episode 20
Collecting Episode 30
Collecting Episode 40
Collecting Episode 50
Collecting Episode 60
Finish Collecting Episodes in 89.50 seconds
avg value loss 740.7718056572808
Iteration 411/2000 - Average Reward: 6.00641232867363
{'AREA': np.float64(184478.19517523734), 'weighted_R_M': 4.1730537219875465, 'weighted_R_T': 1.6836459851927228, 'weighted_R_P': 1.208432091606988, 'cost_balance': np.float64(1.058719475489065), 'R_T_ratio': 5.060602037915449e-05, 'R_P_ratio': 5.375600389870283e-05}
Training Iteration 411
Collecting Episode 0
Collecting Episode 10
Collecting Episode 20
Collecting Episode 30
Collecting Episode 40
Collecting Episode 50
Collecting Episode 60
Finish Collecting Episodes in 89.50 seconds
avg value loss 670.4003147549099
Iteration 412/2000 - Average Reward: 6.322817762996743
{'AREA': np.float64(183156.87559320807), 'weighted_R_M': 4.2025129202287035, 'weighted_R_T': 1.7813401710655954, 'weighted_R_P': 1.3256683349609375, 'cost_balance': np.float64(0.9867036563228694), 'R_T_ratio': 5.354788710758439e-05, 'R_P_ratio': 5.8950551868599176e-05}
Training Iteration 412
Collecting Episode 0
Collecting Episode 10
Collecting Episode 20
Collecting Episode 30
Collecting Episode 40
Collecting Episode 50
Collecting Episode 60
Finish Collecting Episodes in 89.34 seconds
avg value loss 471.13232718573676
Iteration 413/2000 - Average Reward: 6.145893131563854
{'AREA': np.float64(185255.78201209466), 'weighted_R_M': 3.8054409829661986, 'weighted_R_T': 1.791494691537486, 'weighted_R_P': 1.5821024576822917, 'cost_balance': np.float64(1.0331449993577384), 'R_T_ratio': 5.3855578824214665e-05, 'R_P_ratio': 7.036032971407474e-05}
Training Iteration 413
Collecting Episode 0
Collecting Episode 10
Collecting Episode 20
Collecting Episode 30
Collecting Episode 40
Collecting Episode 50
Collecting Episode 60
Finish Collecting Episodes in 89.51 seconds
avg value loss 515.6320860120985
Iteration 414/2000 - Average Reward: 5.84496144480848
{'AREA': np.float64(183460.02826481356), 'weighted_R_M': 3.9246301642023504, 'weighted_R_T': 1.672710705962446, 'weighted_R_P': 1.4236382378472223, 'cost_balance': np.float64(1.1760176597918006), 'R_T_ratio': 5.027668251725447e-05, 'R_P_ratio': 6.332390489752359e-05}
Training Iteration 414
Collecting Episode 0
Collecting Episode 10
Collecting Episode 20
Collecting Episode 30
Collecting Episode 40
Collecting Episode 50
Collecting Episode 60
Finish Collecting Episodes in 89.53 seconds
avg value loss 623.9370956420898
Iteration 415/2000 - Average Reward: 6.120839470350701
{'AREA': np.float64(190375.5956049538), 'weighted_R_M': 3.9331981807874854, 'weighted_R_T': 1.696255575451586, 'weighted_R_P': 1.4851260715060763, 'cost_balance': np.float64(0.9937403521151159), 'R_T_ratio': 5.0986872317340055e-05, 'R_P_ratio': 6.607089817664867e-05}
Training Iteration 415
Collecting Episode 0
Collecting Episode 10
Collecting Episode 20
Collecting Episode 30
Collecting Episode 40
Collecting Episode 50
Collecting Episode 60
Finish Collecting Episodes in 89.64 seconds
avg value loss 657.6747936672634
Iteration 416/2000 - Average Reward: 6.405889659641414
{'AREA': np.float64(187333.55249235002), 'weighted_R_M': 3.9386040177478714, 'weighted_R_T': 1.8355581495496962, 'weighted_R_P': 1.5536236233181424, 'cost_balance': np.float64(0.9218961456762741), 'R_T_ratio': 5.5183731740171856e-05, 'R_P_ratio': 6.90900854796666e-05}
Training Iteration 416
Collecting Episode 0
Collecting Episode 10
Collecting Episode 20
Collecting Episode 30
Collecting Episode 40
Collecting Episode 50
Collecting Episode 60
Finish Collecting Episodes in 89.36 seconds
avg value loss 1162.8699510362412
Iteration 417/2000 - Average Reward: 5.973895371704
{'AREA': np.float64(187748.4408890012), 'weighted_R_M': 3.697158719811998, 'weighted_R_T': 1.7435900453064177, 'weighted_R_P': 1.4984423319498699, 'cost_balance': np.float64(0.9652957415067136), 'R_T_ratio': 5.24109504001795e-05, 'R_P_ratio': 6.662546389097418e-05}
Training Iteration 417
Collecting Episode 0
Collecting Episode 10
Collecting Episode 20
Collecting Episode 30
Collecting Episode 40
Collecting Episode 50
Collecting Episode 60
Finish Collecting Episodes in 89.46 seconds
avg value loss 282.36285993787976
Iteration 418/2000 - Average Reward: 6.499317701686071
{'AREA': np.float64(191787.82436128345), 'weighted_R_M': 4.128129024962391, 'weighted_R_T': 1.8411864406532712, 'weighted_R_P': 1.501151614718967, 'cost_balance': np.float64(0.9711493876203341), 'R_T_ratio': 5.5348351986308745e-05, 'R_P_ratio': 6.674895600299818e-05}
Training Iteration 418
Collecting Episode 0
Collecting Episode 10
Collecting Episode 20
Collecting Episode 30
Collecting Episode 40
Collecting Episode 50
Collecting Episode 60
Finish Collecting Episodes in 89.36 seconds
avg value loss 442.88219875759546
Iteration 419/2000 - Average Reward: 5.961408847218586
{'AREA': np.float64(188377.7091047318), 'weighted_R_M': 3.9813582176426383, 'weighted_R_T': 1.7103863259156544, 'weighted_R_P': 1.3375498453776042, 'cost_balance': np.float64(1.067885548014181), 'R_T_ratio': 5.1414348041200426e-05, 'R_P_ratio': 5.947576431039911e-05}
Training Iteration 419
Collecting Episode 0
Collecting Episode 10
Collecting Episode 20
Collecting Episode 30
Collecting Episode 40
Collecting Episode 50
Collecting Episode 60
Finish Collecting Episodes in 89.39 seconds
avg value loss 399.3012051052517
Iteration 420/2000 - Average Reward: 5.997947664575703
{'AREA': np.float64(189417.79402805815), 'weighted_R_M': 3.8098257603735166, 'weighted_R_T': 1.7353975110583835, 'weighted_R_P': 1.4789632161458333, 'cost_balance': np.float64(1.0262388154317805), 'R_T_ratio': 5.216559351100023e-05, 'R_P_ratio': 6.576336145548855e-05}
Training Iteration 420
Collecting Episode 0
Collecting Episode 10
Collecting Episode 20
Collecting Episode 30
Collecting Episode 40
Collecting Episode 50
Collecting Episode 60
Finish Collecting Episodes in 89.34 seconds
avg value loss 877.9581921895345
Iteration 421/2000 - Average Reward: 6.587739450966991
{'AREA': np.float64(187619.44046772463), 'weighted_R_M': 4.055372576534574, 'weighted_R_T': 1.931166172027588, 'weighted_R_P': 1.599821302625868, 'cost_balance': np.float64(0.9986205972696314), 'R_T_ratio': 5.806089491127647e-05, 'R_P_ratio': 7.114547209650472e-05}
Training Iteration 421
Collecting Episode 0
Collecting Episode 10
Collecting Episode 20
Collecting Episode 30
Collecting Episode 40
Collecting Episode 50
Collecting Episode 60
Finish Collecting Episodes in 89.35 seconds
avg value loss 499.0546735127767
Iteration 422/2000 - Average Reward: 5.878399063703707
{'AREA': np.float64(185988.29983772675), 'weighted_R_M': 3.986808454993669, 'weighted_R_T': 1.5882889015807047, 'weighted_R_P': 1.355166541205512, 'cost_balance': np.float64(1.0518648338357994), 'R_T_ratio': 4.773481852670927e-05, 'R_P_ratio': 6.0278813068410465e-05}
Training Iteration 422
Collecting Episode 0
Collecting Episode 10
Collecting Episode 20
Collecting Episode 30
Collecting Episode 40
Collecting Episode 50
Collecting Episode 60
Finish Collecting Episodes in 89.44 seconds
avg value loss 373.70402357313367
Iteration 423/2000 - Average Reward: 6.262811260951114
{'AREA': np.float64(183379.65678182698), 'weighted_R_M': 4.17275811231117, 'weighted_R_T': 1.7563062202599313, 'weighted_R_P': 1.5076688130696614, 'cost_balance': np.float64(1.1739218811344538), 'R_T_ratio': 5.2792765504358014e-05, 'R_P_ratio': 6.705212553166023e-05}
Training Iteration 423
Collecting Episode 0
Collecting Episode 10
Collecting Episode 20
Collecting Episode 30
Collecting Episode 40
Collecting Episode 50
Collecting Episode 60
Finish Collecting Episodes in 89.37 seconds
avg value loss 438.1329362657335
Iteration 424/2000 - Average Reward: 6.418130844120039
{'AREA': np.float64(181835.31394034668), 'weighted_R_M': 4.223771552301843, 'weighted_R_T': 1.877527166571882, 'weighted_R_P': 1.4272617763943143, 'cost_balance': np.float64(1.1104296453992317), 'R_T_ratio': 5.644412622409408e-05, 'R_P_ratio': 6.34639963791286e-05}
Training Iteration 424
Collecting Episode 0
Collecting Episode 10
Collecting Episode 20
Collecting Episode 30
Collecting Episode 40
Collecting Episode 50
Collecting Episode 60
Finish Collecting Episodes in 89.77 seconds
avg value loss 751.1430880228678
Iteration 425/2000 - Average Reward: 6.1897706180138305
{'AREA': np.float64(184674.59685074477), 'weighted_R_M': 4.31637304543013, 'weighted_R_T': 1.8241701440678701, 'weighted_R_P': 1.2201402452256944, 'cost_balance': np.float64(1.1709128189988043), 'R_T_ratio': 5.483721722940161e-05, 'R_P_ratio': 5.426113133993727e-05}
Training Iteration 425
Collecting Episode 0
Collecting Episode 10
Collecting Episode 20
Collecting Episode 30
Collecting Episode 40
Collecting Episode 50
Collecting Episode 60
Finish Collecting Episodes in 89.52 seconds
avg value loss 373.7525706821018
Iteration 426/2000 - Average Reward: 6.257164159278748
{'AREA': np.float64(186388.5168179129), 'weighted_R_M': 4.224922827640196, 'weighted_R_T': 1.8987913305560749, 'weighted_R_P': 1.2864388359917536, 'cost_balance': np.float64(1.152988839699778), 'R_T_ratio': 5.708660425895709e-05, 'R_P_ratio': 5.7217929422628206e-05}
Training Iteration 426
Collecting Episode 0
Collecting Episode 10
Collecting Episode 20
Collecting Episode 30
Collecting Episode 40
Collecting Episode 50
Collecting Episode 60
Finish Collecting Episodes in 89.60 seconds
avg value loss 450.89715660942926
Iteration 427/2000 - Average Reward: 6.124659709431904
{'AREA': np.float64(184360.45016749355), 'weighted_R_M': 4.1477658973389, 'weighted_R_T': 1.7956085503101349, 'weighted_R_P': 1.3757875230577257, 'cost_balance': np.float64(1.1945022506945826), 'R_T_ratio': 5.397516993154038e-05, 'R_P_ratio': 6.119407730237491e-05}
Training Iteration 427
Collecting Episode 0
Collecting Episode 10
Collecting Episode 20
Collecting Episode 30
Collecting Episode 40
Collecting Episode 50
Collecting Episode 60
Finish Collecting Episodes in 89.53 seconds
avg value loss 1184.8049388461643
Iteration 428/2000 - Average Reward: 6.4041626589346885
{'AREA': np.float64(187693.7429857672), 'weighted_R_M': 4.159658557677353, 'weighted_R_T': 1.8427138105034828, 'weighted_R_P': 1.4653392367892795, 'cost_balance': np.float64(1.063548941543329), 'R_T_ratio': 5.540279663227627e-05, 'R_P_ratio': 6.516379043861042e-05}
Training Iteration 428
Collecting Episode 0
Collecting Episode 10
Collecting Episode 20
Collecting Episode 30
Collecting Episode 40
Collecting Episode 50
Collecting Episode 60
Finish Collecting Episodes in 89.59 seconds
avg value loss 414.58244196573895
Iteration 429/2000 - Average Reward: 6.132593148284489
{'AREA': np.float64(193015.21092056818), 'weighted_R_M': 4.0717641447288315, 'weighted_R_T': 1.7725205462839868, 'weighted_R_P': 1.24683592054579, 'cost_balance': np.float64(0.9585274630588168), 'R_T_ratio': 5.32793742565596e-05, 'R_P_ratio': 5.547076723458796e-05}
Training Iteration 429
Collecting Episode 0
Collecting Episode 10
Collecting Episode 20
Collecting Episode 30
Collecting Episode 40
Collecting Episode 50
Collecting Episode 60
Finish Collecting Episodes in 89.56 seconds
avg value loss 260.6769964430067
Iteration 430/2000 - Average Reward: 6.056537352948605
{'AREA': np.float64(187696.2517288938), 'weighted_R_M': 4.16443304948714, 'weighted_R_T': 1.6307344453202353, 'weighted_R_P': 1.2597219679090712, 'cost_balance': np.float64(0.9983521063076218), 'R_T_ratio': 4.9013778429332325e-05, 'R_P_ratio': 5.6013623244380306e-05}
Training Iteration 430
Collecting Episode 0
Collecting Episode 10
Collecting Episode 20
Collecting Episode 30
Collecting Episode 40
Collecting Episode 50
Collecting Episode 60
Finish Collecting Episodes in 89.67 seconds
avg value loss 358.19437917073566
Iteration 431/2000 - Average Reward: 6.190505461941939
{'AREA': np.float64(191804.56782393734), 'weighted_R_M': 4.199546982691522, 'weighted_R_T': 1.6489293840196397, 'weighted_R_P': 1.3106363084581163, 'cost_balance': np.float64(0.9686071925426489), 'R_T_ratio': 4.956252398987301e-05, 'R_P_ratio': 5.8288883739438584e-05}
Training Iteration 431
Collecting Episode 0
Collecting Episode 10
Collecting Episode 20
Collecting Episode 30
Collecting Episode 40
Collecting Episode 50
Collecting Episode 60
Finish Collecting Episodes in 89.58 seconds
avg value loss 548.1006317138672
Iteration 432/2000 - Average Reward: 6.4508395202736
{'AREA': np.float64(195013.24674767748), 'weighted_R_M': 4.374504865898037, 'weighted_R_T': 1.7669165713919535, 'weighted_R_P': 1.3387650383843317, 'cost_balance': np.float64(1.0293469434759435), 'R_T_ratio': 5.3112791531911225e-05, 'R_P_ratio': 5.9556434091314554e-05}
Training Iteration 432
Collecting Episode 0
Collecting Episode 10
Collecting Episode 20
Collecting Episode 30
Collecting Episode 40
Collecting Episode 50
Collecting Episode 60
Finish Collecting Episodes in 89.63 seconds
avg value loss 882.586552090115
Iteration 433/2000 - Average Reward: 5.874820354472225
{'AREA': np.float64(187553.19497686383), 'weighted_R_M': 4.2081102465151865, 'weighted_R_T': 1.6858454586731062, 'weighted_R_P': 1.0306099785698786, 'cost_balance': np.float64(1.049745319281514), 'R_T_ratio': 5.067234053522354e-05, 'R_P_ratio': 4.5818738065590064e-05}
Training Iteration 433
Collecting Episode 0
Collecting Episode 10
Collecting Episode 20
Collecting Episode 30
Collecting Episode 40
Collecting Episode 50
Collecting Episode 60
Finish Collecting Episodes in 89.53 seconds
avg value loss 555.9641587999132
Iteration 434/2000 - Average Reward: 6.334528146324576
{'AREA': np.float64(194721.89295543332), 'weighted_R_M': 4.272675714995267, 'weighted_R_T': 1.7877921669019594, 'weighted_R_P': 1.1345863342285156, 'cost_balance': np.float64(0.860526068482478), 'R_T_ratio': 5.373663359554353e-05, 'R_P_ratio': 5.045147325671079e-05}
Training Iteration 434
Collecting Episode 0
Collecting Episode 10
Collecting Episode 20
Collecting Episode 30
Collecting Episode 40
Collecting Episode 50
Collecting Episode 60
Finish Collecting Episodes in 89.52 seconds
avg value loss 1046.2995096842449
Iteration 435/2000 - Average Reward: 6.48026119488188
{'AREA': np.float64(189767.55820386123), 'weighted_R_M': 4.248438811766732, 'weighted_R_T': 1.847938530974918, 'weighted_R_P': 1.3342081705729167, 'cost_balance': np.float64(0.9503243060748423), 'R_T_ratio': 5.5555432236301105e-05, 'R_P_ratio': 5.934611330904449e-05}
Training Iteration 435
Collecting Episode 0
Collecting Episode 10
Collecting Episode 20
Collecting Episode 30
Collecting Episode 40
Collecting Episode 50
Collecting Episode 60
Finish Collecting Episodes in 89.64 seconds
avg value loss 882.2340973748101
Iteration 436/2000 - Average Reward: 6.045552136932707
{'AREA': np.float64(189609.0163476795), 'weighted_R_M': 4.282333299552294, 'weighted_R_T': 1.7074754254685507, 'weighted_R_P': 1.1125742594401042, 'cost_balance': np.float64(1.0568308447285304), 'R_T_ratio': 5.1322047911027245e-05, 'R_P_ratio': 4.947956791954206e-05}
Training Iteration 436
Collecting Episode 0
Collecting Episode 10
Collecting Episode 20
Collecting Episode 30
Collecting Episode 40
Collecting Episode 50
Collecting Episode 60
Finish Collecting Episodes in 89.59 seconds
avg value loss 337.626707288954
Iteration 437/2000 - Average Reward: 6.032972846354824
{'AREA': np.float64(191663.01580343515), 'weighted_R_M': 4.265519052610355, 'weighted_R_T': 1.6381912347343233, 'weighted_R_P': 1.112805684407552, 'cost_balance': np.float64(0.983543120217326), 'R_T_ratio': 4.9238739534622646e-05, 'R_P_ratio': 4.945977113584669e-05}
Training Iteration 437
Collecting Episode 0
Collecting Episode 10
Collecting Episode 20
Collecting Episode 30
Collecting Episode 40
Collecting Episode 50
Collecting Episode 60
Finish Collecting Episodes in 89.62 seconds
avg value loss 422.2643699645996
Iteration 438/2000 - Average Reward: 6.417631659779646
{'AREA': np.float64(185523.8681522107), 'weighted_R_M': 4.280196352342159, 'weighted_R_T': 1.8045192377434836, 'weighted_R_P': 1.3593745761447482, 'cost_balance': np.float64(1.0264585100855128), 'R_T_ratio': 5.424812210134503e-05, 'R_P_ratio': 6.0452569065761524e-05}
Training Iteration 438
Collecting Episode 0
Collecting Episode 10
Collecting Episode 20
Collecting Episode 30
Collecting Episode 40
Collecting Episode 50
Collecting Episode 60
Finish Collecting Episodes in 89.51 seconds
avg value loss 563.2021959092882
Iteration 439/2000 - Average Reward: 6.342585472228368
{'AREA': np.float64(194747.62320860557), 'weighted_R_M': 4.4125389317353365, 'weighted_R_T': 1.7937976453039381, 'weighted_R_P': 1.1310085720486112, 'cost_balance': np.float64(0.9947596807508448), 'R_T_ratio': 5.391992856068309e-05, 'R_P_ratio': 5.031262339048418e-05}
Training Iteration 439
Collecting Episode 0
Collecting Episode 10
Collecting Episode 20
Collecting Episode 30
Collecting Episode 40
Collecting Episode 50
Collecting Episode 60
Finish Collecting Episodes in 89.48 seconds
avg value loss 587.8473137749565
Iteration 440/2000 - Average Reward: 6.371895454222492
{'AREA': np.float64(196718.2396230202), 'weighted_R_M': 4.243373821182053, 'weighted_R_T': 1.8118104586998622, 'weighted_R_P': 1.169737074110243, 'cost_balance': np.float64(0.8530259000040055), 'R_T_ratio': 5.4463490602802175e-05, 'R_P_ratio': 5.203838810429061e-05}
Checkpoint saved to checkpoints/ckpt_single_shared_attention_440_6.37.pt
Training Iteration 440
Collecting Episode 0
Collecting Episode 10
Collecting Episode 20
Collecting Episode 30
Collecting Episode 40
Collecting Episode 50
Collecting Episode 60
Finish Collecting Episodes in 89.38 seconds
avg value loss 297.7735989888509
Iteration 441/2000 - Average Reward: 6.012781721429848
{'AREA': np.float64(191338.8202666428), 'weighted_R_M': 4.227809736916722, 'weighted_R_T': 1.7677635575334232, 'weighted_R_P': 1.0910513136121962, 'cost_balance': np.float64(1.0738428950707286), 'R_T_ratio': 5.3135385574028406e-05, 'R_P_ratio': 4.851785750634163e-05}
Training Iteration 441
Collecting Episode 0
Collecting Episode 10
Collecting Episode 20
Collecting Episode 30
Collecting Episode 40
Collecting Episode 50
Collecting Episode 60
Finish Collecting Episodes in 89.47 seconds
avg value loss 433.83838738335504
Iteration 442/2000 - Average Reward: 6.2592848789257305
{'AREA': np.float64(189512.47877936193), 'weighted_R_M': 4.250702090438962, 'weighted_R_T': 1.7708157085710101, 'weighted_R_P': 1.2163458930121527, 'cost_balance': np.float64(0.978578814583332), 'R_T_ratio': 5.32326615506818e-05, 'R_P_ratio': 5.408516169035865e-05}
Training Iteration 442
Collecting Episode 0
Collecting Episode 10
Collecting Episode 20
Collecting Episode 30
Collecting Episode 40
Collecting Episode 50
Collecting Episode 60
Finish Collecting Episodes in 89.67 seconds
avg value loss 755.7475285000271
Iteration 443/2000 - Average Reward: 6.668815843250034
{'AREA': np.float64(192018.87475088384), 'weighted_R_M': 4.317822318253308, 'weighted_R_T': 1.9105917049778833, 'weighted_R_P': 1.4321204291449652, 'cost_balance': np.float64(0.9917185999197667), 'R_T_ratio': 5.7444355982355336e-05, 'R_P_ratio': 6.36898426478846e-05}
Training Iteration 443
Collecting Episode 0
Collecting Episode 10
Collecting Episode 20
Collecting Episode 30
Collecting Episode 40
Collecting Episode 50
Collecting Episode 60
Finish Collecting Episodes in 89.66 seconds
avg value loss 563.8319392734104
Iteration 444/2000 - Average Reward: 6.5515286575278475
{'AREA': np.float64(188298.13198359575), 'weighted_R_M': 4.135917832398466, 'weighted_R_T': 1.865542597240872, 'weighted_R_P': 1.5637630886501737, 'cost_balance': np.float64(1.0136948370189842), 'R_T_ratio': 5.60879432125106e-05, 'R_P_ratio': 6.954736994310397e-05}
Training Iteration 444
Collecting Episode 0
Collecting Episode 10
Collecting Episode 20
Collecting Episode 30
Collecting Episode 40
Collecting Episode 50
Collecting Episode 60
Finish Collecting Episodes in 89.53 seconds
avg value loss 443.0923012627496
Iteration 445/2000 - Average Reward: 6.46604947993506
{'AREA': np.float64(187891.99183955175), 'weighted_R_M': 4.230719773172243, 'weighted_R_T': 1.8294062473707728, 'weighted_R_P': 1.3900960286458333, 'cost_balance': np.float64(0.9841725784262958), 'R_T_ratio': 5.4996559600992145e-05, 'R_P_ratio': 6.181672422206043e-05}
Training Iteration 445
Collecting Episode 0
Collecting Episode 10
Collecting Episode 20
Collecting Episode 30
Collecting Episode 40
Collecting Episode 50
Collecting Episode 60
Finish Collecting Episodes in 89.65 seconds
avg value loss 352.9657317267524
Iteration 446/2000 - Average Reward: 6.199148944850701
{'AREA': np.float64(189194.79764939065), 'weighted_R_M': 4.112280457758869, 'weighted_R_T': 1.782552960018317, 'weighted_R_P': 1.3945155673556857, 'cost_balance': np.float64(1.0902000320998608), 'R_T_ratio': 5.358660818849084e-05, 'R_P_ratio': 6.201120895484025e-05}
Training Iteration 446
Collecting Episode 0
Collecting Episode 10
Collecting Episode 20
Collecting Episode 30
Collecting Episode 40
Collecting Episode 50
Collecting Episode 60
Finish Collecting Episodes in 89.50 seconds
avg value loss 298.88515345255536
Iteration 447/2000 - Average Reward: 6.364728043877727
{'AREA': np.float64(193522.97599055775), 'weighted_R_M': 4.2160713279490665, 'weighted_R_T': 1.8183271297150188, 'weighted_R_P': 1.2685936821831598, 'cost_balance': np.float64(0.9382640915608579), 'R_T_ratio': 5.465873362972088e-05, 'R_P_ratio': 5.642496614705216e-05}
Training Iteration 447
Collecting Episode 0
Collecting Episode 10
Collecting Episode 20
Collecting Episode 30
Collecting Episode 40
Collecting Episode 50
Collecting Episode 60
Finish Collecting Episodes in 89.54 seconds
avg value loss 319.3676537407769
Iteration 448/2000 - Average Reward: 6.688827914147017
{'AREA': np.float64(190610.64912750537), 'weighted_R_M': 4.383559765108885, 'weighted_R_T': 1.8692063175969653, 'weighted_R_P': 1.3732859293619792, 'cost_balance': np.float64(0.9372240907305426), 'R_T_ratio': 5.618856184199291e-05, 'R_P_ratio': 6.108628683520868e-05}
Training Iteration 448
Collecting Episode 0
Collecting Episode 10
Collecting Episode 20
Collecting Episode 30
Collecting Episode 40
Collecting Episode 50
Collecting Episode 60
Finish Collecting Episodes in 89.63 seconds
avg value loss 355.2948243882921
Iteration 449/2000 - Average Reward: 6.278797322923007
{'AREA': np.float64(188977.35070527432), 'weighted_R_M': 4.367352616927103, 'weighted_R_T': 1.7668399959802628, 'weighted_R_P': 1.180127461751302, 'cost_balance': np.float64(1.0355227437536192), 'R_T_ratio': 5.311383195348882e-05, 'R_P_ratio': 5.248586454926732e-05}
Training Iteration 449
Collecting Episode 0
Collecting Episode 10
Collecting Episode 20
Collecting Episode 30
Collecting Episode 40
Collecting Episode 50
Collecting Episode 60
Finish Collecting Episodes in 89.38 seconds
avg value loss 619.5224240620931
Iteration 450/2000 - Average Reward: 6.061807964482189
{'AREA': np.float64(193943.12445574813), 'weighted_R_M': 4.107323270116568, 'weighted_R_T': 1.658438188334306, 'weighted_R_P': 1.248568640814887, 'cost_balance': np.float64(0.9525221439778419), 'R_T_ratio': 4.9842315180854196e-05, 'R_P_ratio': 5.554967739687666e-05}
Training Iteration 450
Collecting Episode 0
Collecting Episode 10
Collecting Episode 20
Collecting Episode 30
Collecting Episode 40
Collecting Episode 50
Collecting Episode 60
Finish Collecting Episodes in 89.46 seconds
avg value loss 577.7396697998047
Iteration 451/2000 - Average Reward: 6.178751196815735
{'AREA': np.float64(188850.053303108), 'weighted_R_M': 4.061989743307208, 'weighted_R_T': 1.766728237271309, 'weighted_R_P': 1.419228023952908, 'cost_balance': np.float64(1.0691948115074483), 'R_T_ratio': 5.310932957330409e-05, 'R_P_ratio': 6.311755235589239e-05}
Training Iteration 451
Collecting Episode 0
Collecting Episode 10
Collecting Episode 20
Collecting Episode 30
Collecting Episode 40
Collecting Episode 50
Collecting Episode 60
Finish Collecting Episodes in 89.39 seconds
avg value loss 420.14455880059137
Iteration 452/2000 - Average Reward: 6.3546689537082175
{'AREA': np.float64(189876.13063046563), 'weighted_R_M': 4.267530805448587, 'weighted_R_T': 1.768394786450598, 'weighted_R_P': 1.259654574924045, 'cost_balance': np.float64(0.940911226435932), 'R_T_ratio': 5.316095645136218e-05, 'R_P_ratio': 5.6012277703174074e-05}
Training Iteration 452
Collecting Episode 0
Collecting Episode 10
Collecting Episode 20
Collecting Episode 30
Collecting Episode 40
Collecting Episode 50
Collecting Episode 60
Finish Collecting Episodes in 89.45 seconds
avg value loss 302.5585657755534
Iteration 453/2000 - Average Reward: 6.552852221518858
{'AREA': np.float64(188917.23248215334), 'weighted_R_M': 4.276762476285664, 'weighted_R_T': 1.8855887982580397, 'weighted_R_P': 1.3905355665418837, 'cost_balance': np.float64(1.0000346288904103), 'R_T_ratio': 5.669057264716393e-05, 'R_P_ratio': 6.184225294051753e-05}
Training Iteration 453
Collecting Episode 0
Collecting Episode 10
Collecting Episode 20
Collecting Episode 30
Collecting Episode 40
Collecting Episode 50
Collecting Episode 60
Finish Collecting Episodes in 89.37 seconds
avg value loss 427.0237863328722
Iteration 454/2000 - Average Reward: 6.452947296984752
{'AREA': np.float64(186830.20457260587), 'weighted_R_M': 3.862912373435582, 'weighted_R_T': 1.9251669032706156, 'weighted_R_P': 1.736177232530382, 'cost_balance': np.float64(1.0713092256981382), 'R_T_ratio': 5.788139211933737e-05, 'R_P_ratio': 7.721193211695294e-05}
Training Iteration 454
Collecting Episode 0
Collecting Episode 10
Collecting Episode 20
Collecting Episode 30
Collecting Episode 40
Collecting Episode 50
Collecting Episode 60
Finish Collecting Episodes in 89.44 seconds
avg value loss 664.1621276007759
Iteration 455/2000 - Average Reward: 6.352560842603755
{'AREA': np.float64(182522.9844441075), 'weighted_R_M': 3.9405586341259524, 'weighted_R_T': 1.9036507647898462, 'weighted_R_P': 1.648814731174045, 'cost_balance': np.float64(1.1404632815810791), 'R_T_ratio': 5.723376632354541e-05, 'R_P_ratio': 7.33125271516585e-05}
Training Iteration 455
Collecting Episode 0
Collecting Episode 10
Collecting Episode 20
Collecting Episode 30
Collecting Episode 40
Collecting Episode 50
Collecting Episode 60
Finish Collecting Episodes in 89.37 seconds
avg value loss 2139.0491065979004
Iteration 456/2000 - Average Reward: 6.351103924020815
{'AREA': np.float64(189589.53477464593), 'weighted_R_M': 3.970170630909302, 'weighted_R_T': 1.884985508190261, 'weighted_R_P': 1.5912327236599393, 'cost_balance': np.float64(1.0952849382374064), 'R_T_ratio': 5.666797568235534e-05, 'R_P_ratio': 7.075878808512749e-05}
Training Iteration 456
Collecting Episode 0
Collecting Episode 10
Collecting Episode 20
Collecting Episode 30
Collecting Episode 40
Collecting Episode 50
Collecting Episode 60
Finish Collecting Episodes in 89.48 seconds
avg value loss 555.6768069797092
Iteration 457/2000 - Average Reward: 6.84674604178872
{'AREA': np.float64(188602.39285306016), 'weighted_R_M': 4.154143108201159, 'weighted_R_T': 1.8891247196329966, 'weighted_R_P': 1.6926646762424045, 'cost_balance': np.float64(0.8891864697246769), 'R_T_ratio': 5.678991547196674e-05, 'R_P_ratio': 7.528003823702322e-05}
Training Iteration 457
Collecting Episode 0
Collecting Episode 10
Collecting Episode 20
Collecting Episode 30
Collecting Episode 40
Collecting Episode 50
Collecting Episode 60
Finish Collecting Episodes in 89.37 seconds
avg value loss 1056.7300253974067
Iteration 458/2000 - Average Reward: 6.941025141587791
{'AREA': np.float64(191277.25116855925), 'weighted_R_M': 4.282144555544316, 'weighted_R_T': 1.9889614648289151, 'weighted_R_P': 1.5983560350206163, 'cost_balance': np.float64(0.9284369184918911), 'R_T_ratio': 5.9804863916336335e-05, 'R_P_ratio': 7.109358510562953e-05}
Training Iteration 458
Collecting Episode 0
Collecting Episode 10
Collecting Episode 20
Collecting Episode 30
Collecting Episode 40
Collecting Episode 50
Collecting Episode 60
Finish Collecting Episodes in 89.45 seconds
avg value loss 394.8185340033637
Iteration 459/2000 - Average Reward: 6.490270836349939
{'AREA': np.float64(188369.9739639528), 'weighted_R_M': 4.141902398013674, 'weighted_R_T': 1.8634905831681357, 'weighted_R_P': 1.4581222534179688, 'cost_balance': np.float64(0.9732444010531811), 'R_T_ratio': 5.601760676345972e-05, 'R_P_ratio': 6.48574287384814e-05}
Training Iteration 459
Collecting Episode 0
Collecting Episode 10
Collecting Episode 20
Collecting Episode 30
Collecting Episode 40
Collecting Episode 50
Collecting Episode 60
Finish Collecting Episodes in 89.37 seconds
avg value loss 348.36139636569555
Iteration 460/2000 - Average Reward: 6.279062341620577
{'AREA': np.float64(184178.65523993335), 'weighted_R_M': 4.0368805997996, 'weighted_R_T': 1.838280198474725, 'weighted_R_P': 1.539937761094835, 'cost_balance': np.float64(1.1360362333308425), 'R_T_ratio': 5.5262206956287354e-05, 'R_P_ratio': 6.849957535237495e-05}
Training Iteration 460
Collecting Episode 0
Collecting Episode 10
Collecting Episode 20
Collecting Episode 30
Collecting Episode 40
Collecting Episode 50
Collecting Episode 60
Finish Collecting Episodes in 89.37 seconds
avg value loss 251.24381934271918
Iteration 461/2000 - Average Reward: 6.740183983463794
{'AREA': np.float64(184135.03114742937), 'weighted_R_M': 4.206250802646246, 'weighted_R_T': 1.9972968018717236, 'weighted_R_P': 1.5797793070475261, 'cost_balance': np.float64(1.043142938231616), 'R_T_ratio': 6.0057683181994705e-05, 'R_P_ratio': 7.024696555919962e-05}
Training Iteration 461
Collecting Episode 0
Collecting Episode 10
Collecting Episode 20
Collecting Episode 30
Collecting Episode 40
Collecting Episode 50
Collecting Episode 60
Finish Collecting Episodes in 89.48 seconds
avg value loss 293.9504568311903
Iteration 462/2000 - Average Reward: 6.757931031836455
{'AREA': np.float64(188848.53860579804), 'weighted_R_M': 4.185451754527106, 'weighted_R_T': 1.942870310611195, 'weighted_R_P': 1.783988528781467, 'cost_balance': np.float64(1.1543795598331497), 'R_T_ratio': 5.8414320159118814e-05, 'R_P_ratio': 7.931297544142784e-05}
Training Iteration 462
Collecting Episode 0
Collecting Episode 10
Collecting Episode 20
Collecting Episode 30
Collecting Episode 40
Collecting Episode 50
Collecting Episode 60
Finish Collecting Episodes in 89.34 seconds
avg value loss 328.2291726006402
Iteration 463/2000 - Average Reward: 6.499821173150041
{'AREA': np.float64(188775.5318661087), 'weighted_R_M': 4.12561492464887, 'weighted_R_T': 1.808151395784484, 'weighted_R_P': 1.6399481031629775, 'cost_balance': np.float64(1.0738932335817786), 'R_T_ratio': 5.435280711974583e-05, 'R_P_ratio': 7.293793788194318e-05}
Training Iteration 463
Collecting Episode 0
Collecting Episode 10
Collecting Episode 20
Collecting Episode 30
Collecting Episode 40
Collecting Episode 50
Collecting Episode 60
Finish Collecting Episodes in 89.48 seconds
avg value loss 483.0308681064182
Iteration 464/2000 - Average Reward: 6.9366212009141845
{'AREA': np.float64(185208.26068516183), 'weighted_R_M': 4.333774148032514, 'weighted_R_T': 2.0435416243142552, 'weighted_R_P': 1.571928236219618, 'cost_balance': np.float64(1.0126228004877638), 'R_T_ratio': 6.145016778975887e-05, 'R_P_ratio': 6.990444853288085e-05}
Training Iteration 464
Collecting Episode 0
Collecting Episode 10
Collecting Episode 20
Collecting Episode 30
Collecting Episode 40
Collecting Episode 50
Collecting Episode 60
Finish Collecting Episodes in 89.35 seconds
avg value loss 783.0571500990126
Iteration 465/2000 - Average Reward: 6.433816692811281
{'AREA': np.float64(179915.98947167635), 'weighted_R_M': 3.9854236285297397, 'weighted_R_T': 2.0171039634280734, 'weighted_R_P': 1.7767952813042536, 'cost_balance': np.float64(1.3455061777707484), 'R_T_ratio': 6.065207534181204e-05, 'R_P_ratio': 7.902723013974063e-05}
Training Iteration 465
Collecting Episode 0
Collecting Episode 10
Collecting Episode 20
Collecting Episode 30
Collecting Episode 40
Collecting Episode 50
Collecting Episode 60
Finish Collecting Episodes in 89.47 seconds
avg value loss 688.9243236117893
Iteration 466/2000 - Average Reward: 6.405107457462388
{'AREA': np.float64(182546.6031930867), 'weighted_R_M': 4.124601881173779, 'weighted_R_T': 1.8575922068622377, 'weighted_R_P': 1.5974566141764324, 'cost_balance': np.float64(1.1745432537670135), 'R_T_ratio': 5.584373618034957e-05, 'R_P_ratio': 7.104842733201031e-05}
Training Iteration 466
Collecting Episode 0
Collecting Episode 10
Collecting Episode 20
Collecting Episode 30
Collecting Episode 40
Collecting Episode 50
Collecting Episode 60
Finish Collecting Episodes in 89.35 seconds
avg value loss 443.6717258029514
Iteration 467/2000 - Average Reward: 6.112019700709627
{'AREA': np.float64(182321.9634497504), 'weighted_R_M': 3.9538160553984705, 'weighted_R_T': 1.7756756593783696, 'weighted_R_P': 1.5865970187717013, 'cost_balance': np.float64(1.2040690403759515), 'R_T_ratio': 5.337726190957379e-05, 'R_P_ratio': 7.053799780145271e-05}
Training Iteration 467
Collecting Episode 0
Collecting Episode 10
Collecting Episode 20
Collecting Episode 30
Collecting Episode 40
Collecting Episode 50
Collecting Episode 60
Finish Collecting Episodes in 89.47 seconds
avg value loss 592.8302968343099
Iteration 468/2000 - Average Reward: 6.067692924109805
{'AREA': np.float64(182264.06759146933), 'weighted_R_M': 3.9256818863161445, 'weighted_R_T': 1.69396193491088, 'weighted_R_P': 1.5916938781738281, 'cost_balance': np.float64(1.1436447776163012), 'R_T_ratio': 5.091778957706023e-05, 'R_P_ratio': 7.079982883884888e-05}
Training Iteration 468
Collecting Episode 0
Collecting Episode 10
Collecting Episode 20
Collecting Episode 30
Collecting Episode 40
Collecting Episode 50
Collecting Episode 60
Finish Collecting Episodes in 89.34 seconds
avg value loss 505.65288670857746
Iteration 469/2000 - Average Reward: 7.121822810796504
{'AREA': np.float64(179794.60590750276), 'weighted_R_M': 4.203554231328275, 'weighted_R_T': 2.0613661035895348, 'weighted_R_P': 1.889695061577691, 'cost_balance': np.float64(1.0327925788716152), 'R_T_ratio': 6.198704721449412e-05, 'R_P_ratio': 8.401571947372035e-05}
Training Iteration 469
Collecting Episode 0
Collecting Episode 10
Collecting Episode 20
Collecting Episode 30
Collecting Episode 40
Collecting Episode 50
Collecting Episode 60
Finish Collecting Episodes in 89.51 seconds
avg value loss 385.36950895521375
Iteration 470/2000 - Average Reward: 6.538547340398913
{'AREA': np.float64(176597.88570055552), 'weighted_R_M': 4.148381924348895, 'weighted_R_T': 1.972556735906336, 'weighted_R_P': 1.6835077073838975, 'cost_balance': np.float64(1.2658990207563858), 'R_T_ratio': 5.9307323393920394e-05, 'R_P_ratio': 7.486954045741857e-05}
Training Iteration 470
Collecting Episode 0
Collecting Episode 10
Collecting Episode 20
Collecting Episode 30
Collecting Episode 40
Collecting Episode 50
Collecting Episode 60
Finish Collecting Episodes in 89.41 seconds
avg value loss 461.3367758856879
Iteration 471/2000 - Average Reward: 6.090501905625893
{'AREA': np.float64(182430.57343641497), 'weighted_R_M': 3.8167776941194864, 'weighted_R_T': 1.7917999575535457, 'weighted_R_P': 1.6354700724283855, 'cost_balance': np.float64(1.1535458105156549), 'R_T_ratio': 5.386283754021485e-05, 'R_P_ratio': 7.272221793202465e-05}
Training Iteration 471
Collecting Episode 0
Collecting Episode 10
Collecting Episode 20
Collecting Episode 30
Collecting Episode 40
Collecting Episode 50
Collecting Episode 60
Finish Collecting Episodes in 89.37 seconds
avg value loss 478.07225799560547
Iteration 472/2000 - Average Reward: 6.245093521474498
{'AREA': np.float64(181285.21642319896), 'weighted_R_M': 3.7134255248159382, 'weighted_R_T': 1.8652906227442954, 'weighted_R_P': 1.7946336534288194, 'cost_balance': np.float64(1.1282562759821015), 'R_T_ratio': 5.60741429970171e-05, 'R_P_ratio': 7.980293985099868e-05}
Training Iteration 472
Collecting Episode 0
Collecting Episode 10
Collecting Episode 20
Collecting Episode 30
Collecting Episode 40
Collecting Episode 50
Collecting Episode 60
Finish Collecting Episodes in 89.42 seconds
avg value loss 650.5563528272841
Iteration 473/2000 - Average Reward: 6.348201899427092
{'AREA': np.float64(182803.4224271212), 'weighted_R_M': 3.86254279996764, 'weighted_R_T': 1.9118960739837751, 'weighted_R_P': 1.8091710408528645, 'cost_balance': np.float64(1.2354080201483455), 'R_T_ratio': 5.74825858566031e-05, 'R_P_ratio': 8.04440107241736e-05}
Training Iteration 473
Collecting Episode 0
Collecting Episode 10
Collecting Episode 20
Collecting Episode 30
Collecting Episode 40
Collecting Episode 50
Collecting Episode 60
Finish Collecting Episodes in 89.67 seconds
avg value loss 1210.794725206163
Iteration 474/2000 - Average Reward: 6.410820228720291
{'AREA': np.float64(187277.0228635329), 'weighted_R_M': 4.0568667658273325, 'weighted_R_T': 1.825012473596467, 'weighted_R_P': 1.6410391065809462, 'cost_balance': np.float64(1.112098114727094), 'R_T_ratio': 5.486447776346474e-05, 'R_P_ratio': 7.296651928857195e-05}
Training Iteration 474
Collecting Episode 0
Collecting Episode 10
Collecting Episode 20
Collecting Episode 30
Collecting Episode 40
Collecting Episode 50
Collecting Episode 60
Finish Collecting Episodes in 89.60 seconds
avg value loss 759.1147448221842
Iteration 475/2000 - Average Reward: 6.480864453414041
{'AREA': np.float64(181419.8682447402), 'weighted_R_M': 4.141759299637164, 'weighted_R_T': 1.9376787046591442, 'weighted_R_P': 1.6716189914279513, 'cost_balance': np.float64(1.2701925306844117), 'R_T_ratio': 5.826090764319188e-05, 'R_P_ratio': 7.433805545015314e-05}
Training Iteration 475
Collecting Episode 0
Collecting Episode 10
Collecting Episode 20
Collecting Episode 30
Collecting Episode 40
Collecting Episode 50
Collecting Episode 60
Finish Collecting Episodes in 89.54 seconds
avg value loss 478.75478023952905
Iteration 476/2000 - Average Reward: 6.455963953896167
{'AREA': np.float64(184869.78547520546), 'weighted_R_M': 4.299967839381275, 'weighted_R_T': 1.8926394275493093, 'weighted_R_P': 1.5152778625488281, 'cost_balance': np.float64(1.251921165457064), 'R_T_ratio': 5.6898252996385855e-05, 'R_P_ratio': 6.738568705323534e-05}
Training Iteration 476
Collecting Episode 0
Collecting Episode 10
Collecting Episode 20
Collecting Episode 30
Collecting Episode 40
Collecting Episode 50
Collecting Episode 60
Finish Collecting Episodes in 89.62 seconds
avg value loss 451.6284539964464
Iteration 477/2000 - Average Reward: 6.77506457899128
{'AREA': np.float64(183233.06574621386), 'weighted_R_M': 4.425036707396026, 'weighted_R_T': 1.9770560570889049, 'weighted_R_P': 1.526314205593533, 'cost_balance': np.float64(1.153342397389492), 'R_T_ratio': 5.9447415288301715e-05, 'R_P_ratio': 6.787476185416943e-05}
Training Iteration 477
Collecting Episode 0
Collecting Episode 10
Collecting Episode 20
Collecting Episode 30
Collecting Episode 40
Collecting Episode 50
Collecting Episode 60
Finish Collecting Episodes in 89.53 seconds
avg value loss 576.197161356608
Iteration 478/2000 - Average Reward: 6.531794671486649
{'AREA': np.float64(179826.55569363054), 'weighted_R_M': 4.6524272085916, 'weighted_R_T': 1.8855370581150055, 'weighted_R_P': 1.275833977593316, 'cost_balance': np.float64(1.28200356438417), 'R_T_ratio': 5.668138440542548e-05, 'R_P_ratio': 5.675480456787519e-05}
Training Iteration 478
Collecting Episode 0
Collecting Episode 10
Collecting Episode 20
Collecting Episode 30
Collecting Episode 40
Collecting Episode 50
Collecting Episode 60
Finish Collecting Episodes in 89.63 seconds
avg value loss 963.9371944003635
Iteration 479/2000 - Average Reward: 6.53820315529851
{'AREA': np.float64(182086.4071747401), 'weighted_R_M': 4.487722141264903, 'weighted_R_T': 1.844667001730866, 'weighted_R_P': 1.3171785142686632, 'cost_balance': np.float64(1.1113645042648317), 'R_T_ratio': 5.545457921348843e-05, 'R_P_ratio': 5.8607060029400304e-05}
Training Iteration 479
Collecting Episode 0
Collecting Episode 10
Collecting Episode 20
Collecting Episode 30
Collecting Episode 40
Collecting Episode 50
Collecting Episode 60
Finish Collecting Episodes in 89.53 seconds
avg value loss 390.1834721035427
Iteration 480/2000 - Average Reward: 6.869980878979226
{'AREA': np.float64(185058.3623940238), 'weighted_R_M': 4.7412737025189, 'weighted_R_T': 2.0005062429441347, 'weighted_R_P': 1.245308346218533, 'cost_balance': np.float64(1.1171074150837907), 'R_T_ratio': 6.015132972204345e-05, 'R_P_ratio': 5.5373966291852624e-05}
Checkpoint saved to checkpoints/ckpt_single_shared_attention_480_6.87.pt
Training Iteration 480
Collecting Episode 0
Collecting Episode 10
Collecting Episode 20
Collecting Episode 30
Collecting Episode 40
Collecting Episode 50
Collecting Episode 60
Finish Collecting Episodes in 89.61 seconds
avg value loss 369.95325978597003
Iteration 481/2000 - Average Reward: 6.817716857586573
{'AREA': np.float64(183557.59789009797), 'weighted_R_M': 4.592039080201882, 'weighted_R_T': 2.061133790347311, 'weighted_R_P': 1.4194221496582031, 'cost_balance': np.float64(1.2548781587544087), 'R_T_ratio': 6.19779241942305e-05, 'R_P_ratio': 6.312662860310298e-05}
Training Iteration 481
Collecting Episode 0
Collecting Episode 10
Collecting Episode 20
Collecting Episode 30
Collecting Episode 40
Collecting Episode 50
Collecting Episode 60
Finish Collecting Episodes in 89.55 seconds
avg value loss 694.963744269477
Iteration 482/2000 - Average Reward: 6.894229902478401
{'AREA': np.float64(180809.6253080874), 'weighted_R_M': 4.841729036368368, 'weighted_R_T': 1.969616860151291, 'weighted_R_P': 1.228761461046007, 'cost_balance': np.float64(1.1458774524540383), 'R_T_ratio': 5.9224047975806664e-05, 'R_P_ratio': 5.463344227909136e-05}
Training Iteration 482
Collecting Episode 0
Collecting Episode 10
Collecting Episode 20
Collecting Episode 30
Collecting Episode 40
Collecting Episode 50
Collecting Episode 60
Finish Collecting Episodes in 89.55 seconds
avg value loss 534.2381159464518
Iteration 483/2000 - Average Reward: 6.9684611489711745
{'AREA': np.float64(183656.93696876446), 'weighted_R_M': 4.611984397776193, 'weighted_R_T': 2.0565056345529027, 'weighted_R_P': 1.5113966200086806, 'cost_balance': np.float64(1.2114254919508254), 'R_T_ratio': 6.183718996471656e-05, 'R_P_ratio': 6.721079095177595e-05}
Training Iteration 483
Collecting Episode 0
Collecting Episode 10
Collecting Episode 20
Collecting Episode 30
Collecting Episode 40
Collecting Episode 50
Collecting Episode 60
Finish Collecting Episodes in 89.54 seconds
avg value loss 416.645329369439
Iteration 484/2000 - Average Reward: 6.549450683252265
{'AREA': np.float64(182060.8645815042), 'weighted_R_M': 4.260046385367951, 'weighted_R_T': 1.954203988942835, 'weighted_R_P': 1.5293502807617188, 'cost_balance': np.float64(1.194149952896034), 'R_T_ratio': 5.8755208311987874e-05, 'R_P_ratio': 6.803535760332836e-05}
Training Iteration 484
Collecting Episode 0
Collecting Episode 10
Collecting Episode 20
Collecting Episode 30
Collecting Episode 40
Collecting Episode 50
Collecting Episode 60
Finish Collecting Episodes in 89.53 seconds
avg value loss 505.9794676038954
Iteration 485/2000 - Average Reward: 6.593655960744298
{'AREA': np.float64(184229.54817391274), 'weighted_R_M': 4.448653408806637, 'weighted_R_T': 1.8917898544006877, 'weighted_R_P': 1.379378424750434, 'cost_balance': np.float64(1.1261657086845043), 'R_T_ratio': 5.687040823699721e-05, 'R_P_ratio': 6.135866493358406e-05}
Training Iteration 485
Collecting Episode 0
Collecting Episode 10
Collecting Episode 20
Collecting Episode 30
Collecting Episode 40
Collecting Episode 50
Collecting Episode 60
Finish Collecting Episodes in 89.65 seconds
avg value loss 533.9649764166938
Iteration 486/2000 - Average Reward: 7.052233666369123
{'AREA': np.float64(182783.2073890371), 'weighted_R_M': 4.414352684834638, 'weighted_R_T': 2.145622856914997, 'weighted_R_P': 1.6875356038411458, 'cost_balance': np.float64(1.195277486435182), 'R_T_ratio': 6.45206382232875e-05, 'R_P_ratio': 7.505627096116635e-05}
Training Iteration 486
Collecting Episode 0
Collecting Episode 10
Collecting Episode 20
Collecting Episode 30
Collecting Episode 40
Collecting Episode 50
Collecting Episode 60
Finish Collecting Episodes in 89.53 seconds
avg value loss 463.0982042948405
Iteration 487/2000 - Average Reward: 7.241121412804609
{'AREA': np.float64(183443.000555062), 'weighted_R_M': 4.487331974982327, 'weighted_R_T': 2.2477972217732005, 'weighted_R_P': 1.6932801140679254, 'cost_balance': np.float64(1.1872879017321114), 'R_T_ratio': 6.76091761036449e-05, 'R_P_ratio': 7.529536396376953e-05}
Training Iteration 487
Collecting Episode 0
Collecting Episode 10
Collecting Episode 20
Collecting Episode 30
Collecting Episode 40
Collecting Episode 50
Collecting Episode 60
Finish Collecting Episodes in 89.63 seconds
avg value loss 903.1540497673882
Iteration 488/2000 - Average Reward: 7.051692388149807
{'AREA': np.float64(180882.11879038258), 'weighted_R_M': 4.5128194729455045, 'weighted_R_T': 2.110490264991919, 'weighted_R_P': 1.5549803839789496, 'cost_balance': np.float64(1.1265977273173942), 'R_T_ratio': 6.346313670952304e-05, 'R_P_ratio': 6.917468434199412e-05}
Training Iteration 488
Collecting Episode 0
Collecting Episode 10
Collecting Episode 20
Collecting Episode 30
Collecting Episode 40
Collecting Episode 50
Collecting Episode 60
Finish Collecting Episodes in 89.52 seconds
avg value loss 352.80819108751086
Iteration 489/2000 - Average Reward: 7.004323170067639
{'AREA': np.float64(187871.75217393218), 'weighted_R_M': 4.519984824811319, 'weighted_R_T': 2.043380712469419, 'weighted_R_P': 1.4980282253689237, 'cost_balance': np.float64(1.057070577325063), 'R_T_ratio': 6.144515399387731e-05, 'R_P_ratio': 6.662397085291063e-05}
Training Iteration 489
Collecting Episode 0
Collecting Episode 10
Collecting Episode 20
Collecting Episode 30
Collecting Episode 40
Collecting Episode 50
Collecting Episode 60
Finish Collecting Episodes in 89.67 seconds
avg value loss 517.2222896152073
Iteration 490/2000 - Average Reward: 7.506720866173661
{'AREA': np.float64(192046.99174919166), 'weighted_R_M': 4.648983662880103, 'weighted_R_T': 2.1643672759334245, 'weighted_R_P': 1.6392055087619357, 'cost_balance': np.float64(0.9458355879377811), 'R_T_ratio': 6.508753626997975e-05, 'R_P_ratio': 7.290394059597836e-05}
Training Iteration 490
Collecting Episode 0
Collecting Episode 10
Collecting Episode 20
Collecting Episode 30
Collecting Episode 40
Collecting Episode 50
Collecting Episode 60
Finish Collecting Episodes in 89.54 seconds
avg value loss 362.4146622551812
Iteration 491/2000 - Average Reward: 7.282362798668651
{'AREA': np.float64(187704.64652616612), 'weighted_R_M': 4.517881968066212, 'weighted_R_T': 2.0480864784783788, 'weighted_R_P': 1.7277327643500433, 'cost_balance': np.float64(1.0113384195744706), 'R_T_ratio': 6.158333742618353e-05, 'R_P_ratio': 7.682681891450617e-05}
Training Iteration 491
Collecting Episode 0
Collecting Episode 10
Collecting Episode 20
Collecting Episode 30
Collecting Episode 40
Collecting Episode 50
Collecting Episode 60
Finish Collecting Episodes in 89.63 seconds
avg value loss 342.5742378234863
Iteration 492/2000 - Average Reward: 6.616730139952981
{'AREA': np.float64(188038.62249777638), 'weighted_R_M': 4.340057473637241, 'weighted_R_T': 1.9129857213960753, 'weighted_R_P': 1.4946975708007812, 'cost_balance': np.float64(1.1310106201593004), 'R_T_ratio': 5.7511614132537324e-05, 'R_P_ratio': 6.648423013593746e-05}
Training Iteration 492
Collecting Episode 0
Collecting Episode 10
Collecting Episode 20
Collecting Episode 30
Collecting Episode 40
Collecting Episode 50
Collecting Episode 60
Finish Collecting Episodes in 89.50 seconds
avg value loss 533.723130967882
Iteration 493/2000 - Average Reward: 7.086411071106947
{'AREA': np.float64(190953.56077398412), 'weighted_R_M': 4.46766667830674, 'weighted_R_T': 1.9779304663340251, 'weighted_R_P': 1.538258022732205, 'cost_balance': np.float64(0.8974440968546296), 'R_T_ratio': 5.947341505630076e-05, 'R_P_ratio': 6.840441184198675e-05}
Training Iteration 493
Collecting Episode 0
Collecting Episode 10
Collecting Episode 20
Collecting Episode 30
Collecting Episode 40
Collecting Episode 50
Collecting Episode 60
Finish Collecting Episodes in 89.46 seconds
avg value loss 432.7513410780165
Iteration 494/2000 - Average Reward: 6.9251142787753555
{'AREA': np.float64(188689.64591807764), 'weighted_R_M': 4.343363299469413, 'weighted_R_T': 2.007757623990377, 'weighted_R_P': 1.5431459214952257, 'cost_balance': np.float64(0.9691525757234625), 'R_T_ratio': 6.0368122382280696e-05, 'R_P_ratio': 6.862472871620944e-05}
Training Iteration 494
Collecting Episode 0
Collecting Episode 10
Collecting Episode 20
Collecting Episode 30
Collecting Episode 40
Collecting Episode 50
Collecting Episode 60
Finish Collecting Episodes in 89.35 seconds
avg value loss 1002.2545390658909
Iteration 495/2000 - Average Reward: 6.861872721004248
{'AREA': np.float64(183697.4749364691), 'weighted_R_M': 4.52366607637364, 'weighted_R_T': 1.9169221114781168, 'weighted_R_P': 1.519621107313368, 'cost_balance': np.float64(1.09833656238586), 'R_T_ratio': 5.763485699746767e-05, 'R_P_ratio': 6.758549237026766e-05}
Training Iteration 495
Collecting Episode 0
Collecting Episode 10
Collecting Episode 20
Collecting Episode 30
Collecting Episode 40
Collecting Episode 50
Collecting Episode 60
Finish Collecting Episodes in 89.37 seconds
avg value loss 299.5606994628906
Iteration 496/2000 - Average Reward: 6.95959594303147
{'AREA': np.float64(188587.12046490307), 'weighted_R_M': 4.493688880445284, 'weighted_R_T': 2.0034626747171083, 'weighted_R_P': 1.5295884874131944, 'cost_balance': np.float64(1.0671440774385446), 'R_T_ratio': 6.023604819650135e-05, 'R_P_ratio': 6.803801520750984e-05}
Training Iteration 496
Collecting Episode 0
Collecting Episode 10
Collecting Episode 20
Collecting Episode 30
Collecting Episode 40
Collecting Episode 50
Collecting Episode 60
Finish Collecting Episodes in 89.34 seconds
avg value loss 348.2379570007324
Iteration 497/2000 - Average Reward: 7.136624674707289
{'AREA': np.float64(190716.32941107155), 'weighted_R_M': 4.555141979525337, 'weighted_R_T': 2.008888146115674, 'weighted_R_P': 1.5052337646484375, 'cost_balance': np.float64(0.9326392041998199), 'R_T_ratio': 6.0401661304301494e-05, 'R_P_ratio': 6.696040271867955e-05}
Training Iteration 497
Collecting Episode 0
Collecting Episode 10
Collecting Episode 20
Collecting Episode 30
Collecting Episode 40
Collecting Episode 50
Collecting Episode 60
Finish Collecting Episodes in 89.34 seconds
avg value loss 345.2536129421658
Iteration 498/2000 - Average Reward: 7.398632094128213
{'AREA': np.float64(188351.60046478198), 'weighted_R_M': 4.406936044015828, 'weighted_R_T': 2.1854886362950006, 'weighted_R_P': 1.721413082546658, 'cost_balance': np.float64(0.9152056582564987), 'R_T_ratio': 6.57277159198157e-05, 'R_P_ratio': 7.656430339246357e-05}
Training Iteration 498
Collecting Episode 0
Collecting Episode 10
Collecting Episode 20
Collecting Episode 30
Collecting Episode 40
Collecting Episode 50
Collecting Episode 60
Finish Collecting Episodes in 89.42 seconds
avg value loss 773.8360421922472
Iteration 499/2000 - Average Reward: 6.664449304484555
{'AREA': np.float64(185008.27966735733), 'weighted_R_M': 4.282103404138095, 'weighted_R_T': 1.9329584514101346, 'weighted_R_P': 1.5263137817382812, 'cost_balance': np.float64(1.0769263408564038), 'R_T_ratio': 5.8113025622447134e-05, 'R_P_ratio': 6.78866200274723e-05}
Training Iteration 499
Collecting Episode 0
Collecting Episode 10
Collecting Episode 20
Collecting Episode 30
Collecting Episode 40
Collecting Episode 50
Collecting Episode 60
Finish Collecting Episodes in 89.34 seconds
avg value loss 430.8153199089898
Iteration 500/2000 - Average Reward: 7.172825726195394
{'AREA': np.float64(183962.09687922697), 'weighted_R_M': 4.451706940805378, 'weighted_R_T': 2.12194656746255, 'weighted_R_P': 1.676979488796658, 'cost_balance': np.float64(1.0778072641011593), 'R_T_ratio': 6.38168330119562e-05, 'R_P_ratio': 7.458580377257829e-05}
Training Iteration 500
Collecting Episode 0
Collecting Episode 10
Collecting Episode 20
Collecting Episode 30
Collecting Episode 40
Collecting Episode 50
Collecting Episode 60
Finish Collecting Episodes in 89.58 seconds
avg value loss 1105.5176391601562
Iteration 501/2000 - Average Reward: 7.205565780388294
{'AREA': np.float64(183013.6407169525), 'weighted_R_M': 4.5260648505301715, 'weighted_R_T': 2.066118953128656, 'weighted_R_P': 1.7020140753851996, 'cost_balance': np.float64(1.0886320929610698), 'R_T_ratio': 6.213190387887067e-05, 'R_P_ratio': 7.569469102071711e-05}
Training Iteration 501
Collecting Episode 0
Collecting Episode 10
Collecting Episode 20
Collecting Episode 30
Collecting Episode 40
Collecting Episode 50
Collecting Episode 60
Finish Collecting Episodes in 89.34 seconds
avg value loss 259.43964682685004
Iteration 502/2000 - Average Reward: 7.559526568906019
{'AREA': np.float64(185507.99219146182), 'weighted_R_M': 4.460476844101929, 'weighted_R_T': 2.2502502219544516, 'weighted_R_P': 1.901548597547743, 'cost_balance': np.float64(1.0527490923556948), 'R_T_ratio': 6.768221884393318e-05, 'R_P_ratio': 8.45484535631121e-05}
Training Iteration 502
Collecting Episode 0
Collecting Episode 10
Collecting Episode 20
Collecting Episode 30
Collecting Episode 40
Collecting Episode 50
Collecting Episode 60
Finish Collecting Episodes in 89.41 seconds
avg value loss 267.5319073994954
Iteration 503/2000 - Average Reward: 6.93096049419061
{'AREA': np.float64(187890.8037100216), 'weighted_R_M': 4.374762575176545, 'weighted_R_T': 2.004659424225489, 'weighted_R_P': 1.676439921061198, 'cost_balance': np.float64(1.1249014227671732), 'R_T_ratio': 6.028081281581363e-05, 'R_P_ratio': 7.455447732060107e-05}
Training Iteration 503
Collecting Episode 0
Collecting Episode 10
Collecting Episode 20
Collecting Episode 30
Collecting Episode 40
Collecting Episode 50
Collecting Episode 60
Finish Collecting Episodes in 89.36 seconds
avg value loss 265.9477543301052
Iteration 504/2000 - Average Reward: 6.950162251117742
{'AREA': np.float64(179576.71420989456), 'weighted_R_M': 4.595914732934842, 'weighted_R_T': 1.9814358610245917, 'weighted_R_P': 1.5505828857421875, 'cost_balance': np.float64(1.1777712180783113), 'R_T_ratio': 5.958015537501576e-05, 'R_P_ratio': 6.896388158569393e-05}
Training Iteration 504
Collecting Episode 0
Collecting Episode 10
Collecting Episode 20
Collecting Episode 30
Collecting Episode 40
Collecting Episode 50
Collecting Episode 60
Finish Collecting Episodes in 89.38 seconds
avg value loss 353.0742607116699
Iteration 505/2000 - Average Reward: 6.954803749168706
{'AREA': np.float64(181298.9278330167), 'weighted_R_M': 4.279395699322675, 'weighted_R_T': 2.1306870298253164, 'weighted_R_P': 1.7016080220540364, 'cost_balance': np.float64(1.156887007003302), 'R_T_ratio': 6.407303915402969e-05, 'R_P_ratio': 7.568257068378702e-05}
Training Iteration 505
Collecting Episode 0
Collecting Episode 10
Collecting Episode 20
Collecting Episode 30
Collecting Episode 40
Collecting Episode 50
Collecting Episode 60
Finish Collecting Episodes in 89.39 seconds
avg value loss 413.4208170572917
Iteration 506/2000 - Average Reward: 6.705213616925499
{'AREA': np.float64(185023.68180290275), 'weighted_R_M': 4.4859730366274055, 'weighted_R_T': 1.9671773124072287, 'weighted_R_P': 1.4414973788791232, 'cost_balance': np.float64(1.1894341058867859), 'R_T_ratio': 5.91495940705881e-05, 'R_P_ratio': 6.41121925698941e-05}
Training Iteration 506
Collecting Episode 0
Collecting Episode 10
Collecting Episode 20
Collecting Episode 30
Collecting Episode 40
Collecting Episode 50
Collecting Episode 60
Finish Collecting Episodes in 89.38 seconds
avg value loss 455.3517769707574
Iteration 507/2000 - Average Reward: 7.366682059487276
{'AREA': np.float64(181387.79173631305), 'weighted_R_M': 4.7487783502590695, 'weighted_R_T': 2.115037188761764, 'weighted_R_P': 1.5942420959472656, 'cost_balance': np.float64(1.0913755742751128), 'R_T_ratio': 6.360025449100397e-05, 'R_P_ratio': 7.093042748072049e-05}
Training Iteration 507
Collecting Episode 0
Collecting Episode 10
Collecting Episode 20
Collecting Episode 30
Collecting Episode 40
Collecting Episode 50
Collecting Episode 60
Finish Collecting Episodes in 89.36 seconds
avg value loss 299.7179137335883
Iteration 508/2000 - Average Reward: 7.1160777629378975
{'AREA': np.float64(180085.11750295467), 'weighted_R_M': 4.624430108628581, 'weighted_R_T': 2.1451308081547418, 'weighted_R_P': 1.4919696384006076, 'cost_balance': np.float64(1.1454528046534505), 'R_T_ratio': 6.451056442582771e-05, 'R_P_ratio': 6.634980473365575e-05}
Training Iteration 508
Collecting Episode 0
Collecting Episode 10
Collecting Episode 20
Collecting Episode 30
Collecting Episode 40
Collecting Episode 50
Collecting Episode 60
Finish Collecting Episodes in 89.32 seconds
avg value loss 1113.5367249382866
Iteration 509/2000 - Average Reward: 7.671260634146165
{'AREA': np.float64(185282.57639106768), 'weighted_R_M': 4.7148044064215355, 'weighted_R_T': 2.290675313108497, 'weighted_R_P': 1.705619388156467, 'cost_balance': np.float64(1.0398384802366991), 'R_T_ratio': 6.889849405852954e-05, 'R_P_ratio': 7.585560636975809e-05}
Training Iteration 509
Collecting Episode 0
Collecting Episode 10
Collecting Episode 20
Collecting Episode 30
Collecting Episode 40
Collecting Episode 50
Collecting Episode 60
Finish Collecting Episodes in 89.33 seconds
avg value loss 1784.937936147054
Iteration 510/2000 - Average Reward: 7.459469484404609
{'AREA': np.float64(180007.96942858552), 'weighted_R_M': 5.0015804913962505, 'weighted_R_T': 2.176492578453488, 'weighted_R_P': 1.4755011664496527, 'cost_balance': np.float64(1.1941047602323587), 'R_T_ratio': 6.545598000437834e-05, 'R_P_ratio': 6.563772823831489e-05}
Training Iteration 510
Collecting Episode 0
Collecting Episode 10
Collecting Episode 20
Collecting Episode 30
Collecting Episode 40
Collecting Episode 50
Collecting Episode 60
Finish Collecting Episodes in 89.33 seconds
avg value loss 251.72956212361655
Iteration 511/2000 - Average Reward: 7.610810550440672
{'AREA': np.float64(180069.86879540363), 'weighted_R_M': 4.668722028274008, 'weighted_R_T': 2.28141951892111, 'weighted_R_P': 1.7692926194932725, 'cost_balance': np.float64(1.1086236156035536), 'R_T_ratio': 6.862048596073224e-05, 'R_P_ratio': 7.869513062123658e-05}
Training Iteration 511
Collecting Episode 0
Collecting Episode 10
Collecting Episode 20
Collecting Episode 30
Collecting Episode 40
Collecting Episode 50
Collecting Episode 60
Finish Collecting Episodes in 89.40 seconds
avg value loss 348.528801812066
Iteration 512/2000 - Average Reward: 7.283916655688598
{'AREA': np.float64(177722.0079270237), 'weighted_R_M': 4.729542882806729, 'weighted_R_T': 2.1690249227815204, 'weighted_R_P': 1.6622704399956598, 'cost_balance': np.float64(1.2769215940322158), 'R_T_ratio': 6.523346219074498e-05, 'R_P_ratio': 7.393456257936044e-05}
Training Iteration 512
Collecting Episode 0
Collecting Episode 10
Collecting Episode 20
Collecting Episode 30
Collecting Episode 40
Collecting Episode 50
Collecting Episode 60
Finish Collecting Episodes in 89.33 seconds
avg value loss 397.9617758856879
Iteration 513/2000 - Average Reward: 7.565596513760586
{'AREA': np.float64(180864.71666511512), 'weighted_R_M': 4.813610108540337, 'weighted_R_T': 2.2923325498898826, 'weighted_R_P': 1.6012488471137152, 'cost_balance': np.float64(1.1415949979248048), 'R_T_ratio': 6.895027853376213e-05, 'R_P_ratio': 7.122519994013427e-05}
Training Iteration 513
Collecting Episode 0
Collecting Episode 10
Collecting Episode 20
Collecting Episode 30
Collecting Episode 40
Collecting Episode 50
Collecting Episode 60
Finish Collecting Episodes in 89.38 seconds
avg value loss 387.3249583774143
Iteration 514/2000 - Average Reward: 7.358335689622133
{'AREA': np.float64(178729.31370500193), 'weighted_R_M': 4.660632148094616, 'weighted_R_T': 2.224535888267888, 'weighted_R_P': 1.6599735683865018, 'cost_balance': np.float64(1.186805906841066), 'R_T_ratio': 6.690761736330122e-05, 'R_P_ratio': 7.384370690014273e-05}
Training Iteration 514
Collecting Episode 0
Collecting Episode 10
Collecting Episode 20
Collecting Episode 30
Collecting Episode 40
Collecting Episode 50
Collecting Episode 60
Finish Collecting Episodes in 89.28 seconds
avg value loss 385.9925015767415
Iteration 515/2000 - Average Reward: 7.383866312460871
{'AREA': np.float64(182943.7773560468), 'weighted_R_M': 4.732202270083475, 'weighted_R_T': 2.147883383764161, 'weighted_R_P': 1.5516573588053386, 'cost_balance': np.float64(1.0478767020425168), 'R_T_ratio': 6.459414948494256e-05, 'R_P_ratio': 6.90349469695678e-05}
Training Iteration 515
Collecting Episode 0
Collecting Episode 10
Collecting Episode 20
Collecting Episode 30
Collecting Episode 40
Collecting Episode 50
Collecting Episode 60
Finish Collecting Episodes in 89.47 seconds
avg value loss 426.5138562520345
Iteration 516/2000 - Average Reward: 6.9248414616967136
{'AREA': np.float64(177884.29616082122), 'weighted_R_M': 4.506835187962149, 'weighted_R_T': 2.1636558489667044, 'weighted_R_P': 1.629408942328559, 'cost_balance': np.float64(1.3750585213404245), 'R_T_ratio': 6.506658586233493e-05, 'R_P_ratio': 7.24815292587626e-05}
Training Iteration 516
Collecting Episode 0
Collecting Episode 10
Collecting Episode 20
Collecting Episode 30
Collecting Episode 40
Collecting Episode 50
Collecting Episode 60
Finish Collecting Episodes in 89.27 seconds
avg value loss 473.50000805324976
Iteration 517/2000 - Average Reward: 7.814702635527485
{'AREA': np.float64(184720.80322741796), 'weighted_R_M': 4.956686748215564, 'weighted_R_T': 2.317712124851015, 'weighted_R_P': 1.5878982543945312, 'cost_balance': np.float64(1.0475944978073246), 'R_T_ratio': 6.971950592751334e-05, 'R_P_ratio': 7.06238420904371e-05}
Training Iteration 517
Collecting Episode 0
Collecting Episode 10
Collecting Episode 20
Collecting Episode 30
Collecting Episode 40
Collecting Episode 50
Collecting Episode 60
Finish Collecting Episodes in 89.42 seconds
avg value loss 300.3296199374729
Iteration 518/2000 - Average Reward: 7.1392235571143425
{'AREA': np.float64(183635.89561009817), 'weighted_R_M': 4.900020545371364, 'weighted_R_T': 2.1684894131289587, 'weighted_R_P': 1.2504251268174913, 'cost_balance': np.float64(1.17971153423615), 'R_T_ratio': 6.521368158054424e-05, 'R_P_ratio': 5.562468904907192e-05}
Training Iteration 518
Collecting Episode 0
Collecting Episode 10
Collecting Episode 20
Collecting Episode 30
Collecting Episode 40
Collecting Episode 50
Collecting Episode 60
Finish Collecting Episodes in 89.27 seconds
avg value loss 291.4675301445855
Iteration 519/2000 - Average Reward: 7.49763083803959
{'AREA': np.float64(181107.66832559873), 'weighted_R_M': 4.771756424247138, 'weighted_R_T': 2.2351188171241017, 'weighted_R_P': 1.6181594000922308, 'cost_balance': np.float64(1.1274037856057724), 'R_T_ratio': 6.722353766601408e-05, 'R_P_ratio': 7.197158258234748e-05}
Training Iteration 519
Collecting Episode 0
Collecting Episode 10
Collecting Episode 20
Collecting Episode 30
Collecting Episode 40
Collecting Episode 50
Collecting Episode 60
Finish Collecting Episodes in 89.46 seconds
avg value loss 430.66455374823676
Iteration 520/2000 - Average Reward: 7.664720878431884
{'AREA': np.float64(183436.85449311475), 'weighted_R_M': 4.839461324742944, 'weighted_R_T': 2.3426089642776384, 'weighted_R_P': 1.6396721733940973, 'cost_balance': np.float64(1.1570215947330267), 'R_T_ratio': 7.046228974010644e-05, 'R_P_ratio': 7.291271031628941e-05}
Checkpoint saved to checkpoints/ckpt_single_shared_attention_520_7.66.pt
Training Iteration 520
Collecting Episode 0
Collecting Episode 10
Collecting Episode 20
Collecting Episode 30
Collecting Episode 40
Collecting Episode 50
Collecting Episode 60
Finish Collecting Episodes in 89.28 seconds
avg value loss 561.8838793436686
Iteration 521/2000 - Average Reward: 7.664108852319057
{'AREA': np.float64(181741.90869629386), 'weighted_R_M': 4.901282979575386, 'weighted_R_T': 2.2836634889245033, 'weighted_R_P': 1.6524747212727864, 'cost_balance': np.float64(1.1733123438253086), 'R_T_ratio': 6.868788256422324e-05, 'R_P_ratio': 7.349079119442492e-05}
Training Iteration 521
Collecting Episode 0
Collecting Episode 10
Collecting Episode 20
Collecting Episode 30
Collecting Episode 40
Collecting Episode 50
Collecting Episode 60
Finish Collecting Episodes in 89.34 seconds
avg value loss 333.9218686421712
Iteration 522/2000 - Average Reward: 7.453748588443785
{'AREA': np.float64(181442.42833350765), 'weighted_R_M': 4.59154633022283, 'weighted_R_T': 2.3142279436190925, 'weighted_R_P': 1.696134779188368, 'cost_balance': np.float64(1.148160470240326), 'R_T_ratio': 6.960594458334863e-05, 'R_P_ratio': 7.545556921695494e-05}
Training Iteration 522
Collecting Episode 0
Collecting Episode 10
Collecting Episode 20
Collecting Episode 30
Collecting Episode 40
Collecting Episode 50
Collecting Episode 60
Finish Collecting Episodes in 89.43 seconds
avg value loss 495.21834988064234
Iteration 523/2000 - Average Reward: 7.368330416638249
{'AREA': np.float64(181224.14237544057), 'weighted_R_M': 4.679500518419445, 'weighted_R_T': 2.1721308843957052, 'weighted_R_P': 1.613557603624132, 'cost_balance': np.float64(1.096858597376739), 'R_T_ratio': 6.532686419742177e-05, 'R_P_ratio': 7.175786197405023e-05}
Training Iteration 523
Collecting Episode 0
Collecting Episode 10
Collecting Episode 20
Collecting Episode 30
Collecting Episode 40
Collecting Episode 50
Collecting Episode 60
Finish Collecting Episodes in 89.28 seconds
avg value loss 290.7526406182183
Iteration 524/2000 - Average Reward: 7.476860433571144
{'AREA': np.float64(184867.49503932326), 'weighted_R_M': 4.691754733449645, 'weighted_R_T': 2.2981207196911178, 'weighted_R_P': 1.6821903652615018, 'cost_balance': np.float64(1.1952053966800849), 'R_T_ratio': 6.912827842184586e-05, 'R_P_ratio': 7.481931640542412e-05}
Training Iteration 524
Collecting Episode 0
Collecting Episode 10
Collecting Episode 20
Collecting Episode 30
Collecting Episode 40
Collecting Episode 50
Collecting Episode 60
Finish Collecting Episodes in 89.41 seconds
avg value loss 337.0913903978136
Iteration 525/2000 - Average Reward: 7.23461721177187
{'AREA': np.float64(184092.474166422), 'weighted_R_M': 4.8142089085290785, 'weighted_R_T': 2.124671720796161, 'weighted_R_P': 1.4378017849392362, 'cost_balance': np.float64(1.142065194426713), 'R_T_ratio': 6.389573292788251e-05, 'R_P_ratio': 6.394683533353836e-05}
Training Iteration 525
Collecting Episode 0
Collecting Episode 10
Collecting Episode 20
Collecting Episode 30
Collecting Episode 40
Collecting Episode 50
Collecting Episode 60
Finish Collecting Episodes in 89.27 seconds
avg value loss 863.0613878038195
Iteration 526/2000 - Average Reward: 7.421804319498026
{'AREA': np.float64(182664.89264491585), 'weighted_R_M': 4.644120891122737, 'weighted_R_T': 2.227495941850874, 'weighted_R_P': 1.6580484178331163, 'cost_balance': np.float64(1.1078609276860103), 'R_T_ratio': 6.699381564413532e-05, 'R_P_ratio': 7.375739786299092e-05}
Training Iteration 526
Collecting Episode 0
Collecting Episode 10
Collecting Episode 20
Collecting Episode 30
Collecting Episode 40
Collecting Episode 50
Collecting Episode 60
Finish Collecting Episodes in 89.44 seconds
avg value loss 554.3374536302355
Iteration 527/2000 - Average Reward: 7.713994668208114
{'AREA': np.float64(185796.63510976697), 'weighted_R_M': 4.701515343309893, 'weighted_R_T': 2.3898730675379434, 'weighted_R_P': 1.6846050686306424, 'cost_balance': np.float64(1.0619988116015828), 'R_T_ratio': 7.189157274775494e-05, 'R_P_ratio': 7.493238626501049e-05}
Training Iteration 527
Collecting Episode 0
Collecting Episode 10
Collecting Episode 20
Collecting Episode 30
Collecting Episode 40
Collecting Episode 50
Collecting Episode 60
Finish Collecting Episodes in 89.28 seconds
avg value loss 486.37151590983075
Iteration 528/2000 - Average Reward: 7.680554049180096
{'AREA': np.float64(182014.4881734455), 'weighted_R_M': 4.74477281038455, 'weighted_R_T': 2.277879975736141, 'weighted_R_P': 1.7772776285807292, 'cost_balance': np.float64(1.1193763645070396), 'R_T_ratio': 6.851341726700797e-05, 'R_P_ratio': 7.904600136423979e-05}
Training Iteration 528
Collecting Episode 0
Collecting Episode 10
Collecting Episode 20
Collecting Episode 30
Collecting Episode 40
Collecting Episode 50
Collecting Episode 60
Finish Collecting Episodes in 89.36 seconds
avg value loss 487.5949829949273
Iteration 529/2000 - Average Reward: 7.485379345805591
{'AREA': np.float64(183334.95765445151), 'weighted_R_M': 4.776167863109549, 'weighted_R_T': 2.1384294248289533, 'weighted_R_P': 1.6693255106608074, 'cost_balance': np.float64(1.0985434441114155), 'R_T_ratio': 6.430399616401868e-05, 'R_P_ratio': 7.424433741404686e-05}
Training Iteration 529
Collecting Episode 0
Collecting Episode 10
Collecting Episode 20
Collecting Episode 30
Collecting Episode 40
Collecting Episode 50
Collecting Episode 60
Finish Collecting Episodes in 89.39 seconds
avg value loss 371.5190895928277
Iteration 530/2000 - Average Reward: 7.9116119229972055
{'AREA': np.float64(178686.7695018188), 'weighted_R_M': 4.741763639923698, 'weighted_R_T': 2.40338086667988, 'weighted_R_P': 1.8922657436794705, 'cost_balance': np.float64(1.12579832129616), 'R_T_ratio': 7.229961988874471e-05, 'R_P_ratio': 8.415798461458877e-05}
Training Iteration 530
Collecting Episode 0
Collecting Episode 10
Collecting Episode 20
Collecting Episode 30
Collecting Episode 40
Collecting Episode 50
Collecting Episode 60
Finish Collecting Episodes in 89.36 seconds
avg value loss 749.3931172688802
Iteration 531/2000 - Average Reward: 7.585105336723952
{'AREA': np.float64(183526.78746978726), 'weighted_R_M': 4.485362678900426, 'weighted_R_T': 2.302017269863023, 'weighted_R_P': 1.9526451958550348, 'cost_balance': np.float64(1.1549197938380869), 'R_T_ratio': 6.924093317933755e-05, 'R_P_ratio': 8.68216030095351e-05}
Training Iteration 531
Collecting Episode 0
Collecting Episode 10
Collecting Episode 20
Collecting Episode 30
Collecting Episode 40
Collecting Episode 50
Collecting Episode 60
Finish Collecting Episodes in 89.29 seconds
avg value loss 677.1466852823893
Iteration 532/2000 - Average Reward: 7.7283692043921395
{'AREA': np.float64(184009.099550807), 'weighted_R_M': 4.687816402590922, 'weighted_R_T': 2.323056881626447, 'weighted_R_P': 1.7901301913791232, 'cost_balance': np.float64(1.0726342731557392), 'R_T_ratio': 6.98783845221796e-05, 'R_P_ratio': 7.962383082821576e-05}
Training Iteration 532
Collecting Episode 0
Collecting Episode 10
Collecting Episode 20
Collecting Episode 30
Collecting Episode 40
Collecting Episode 50
Collecting Episode 60
Finish Collecting Episodes in 89.33 seconds
avg value loss 428.63853454589844
Iteration 533/2000 - Average Reward: 6.865063726578632
{'AREA': np.float64(183964.40006166758), 'weighted_R_M': 4.358950018861441, 'weighted_R_T': 1.9774896403153737, 'weighted_R_P': 1.72902340359158, 'cost_balance': np.float64(1.2003993369681862), 'R_T_ratio': 5.945576611772937e-05, 'R_P_ratio': 7.688538202492589e-05}
Training Iteration 533
Collecting Episode 0
Collecting Episode 10
Collecting Episode 20
Collecting Episode 30
Collecting Episode 40
Collecting Episode 50
Collecting Episode 60
Finish Collecting Episodes in 89.28 seconds
avg value loss 443.20073233710394
Iteration 534/2000 - Average Reward: 7.868233537780018
{'AREA': np.float64(179402.58239599178), 'weighted_R_M': 4.8441574400827045, 'weighted_R_T': 2.4804860974351564, 'weighted_R_P': 1.7952469719780817, 'cost_balance': np.float64(1.2516569660988273), 'R_T_ratio': 7.462196608229289e-05, 'R_P_ratio': 7.984961924984342e-05}
Training Iteration 534
Collecting Episode 0
Collecting Episode 10
Collecting Episode 20
Collecting Episode 30
Collecting Episode 40
Collecting Episode 50
Collecting Episode 60
Finish Collecting Episodes in 89.31 seconds
avg value loss 817.3408516777886
Iteration 535/2000 - Average Reward: 7.378320936197674
{'AREA': np.float64(184061.77111454113), 'weighted_R_M': 4.619171357716267, 'weighted_R_T': 2.2128038108348846, 'weighted_R_P': 1.6932029724121094, 'cost_balance': np.float64(1.146857204571402), 'R_T_ratio': 6.654833573636578e-05, 'R_P_ratio': 7.532371663045002e-05}
Training Iteration 535
Collecting Episode 0
Collecting Episode 10
Collecting Episode 20
Collecting Episode 30
Collecting Episode 40
Collecting Episode 50
Collecting Episode 60
Finish Collecting Episodes in 89.35 seconds
avg value loss 746.5641356574165
Iteration 536/2000 - Average Reward: 7.066776022470246
{'AREA': np.float64(177478.3065243847), 'weighted_R_M': 4.347346707772279, 'weighted_R_T': 2.2366673996051154, 'weighted_R_P': 1.7553465101453993, 'cost_balance': np.float64(1.2725845791654926), 'R_T_ratio': 6.727513497246157e-05, 'R_P_ratio': 7.805804093061197e-05}
Training Iteration 536
Collecting Episode 0
Collecting Episode 10
Collecting Episode 20
Collecting Episode 30
Collecting Episode 40
Collecting Episode 50
Collecting Episode 60
Finish Collecting Episodes in 89.33 seconds
avg value loss 983.4203872680664
Iteration 537/2000 - Average Reward: 7.403086968704075
{'AREA': np.float64(178579.95288101272), 'weighted_R_M': 4.5144105258168565, 'weighted_R_T': 2.254537410206265, 'weighted_R_P': 1.8826573689778645, 'cost_balance': np.float64(1.2485183376059112), 'R_T_ratio': 6.78115155129481e-05, 'R_P_ratio': 8.372784697245154e-05}
Training Iteration 537
Collecting Episode 0
Collecting Episode 10
Collecting Episode 20
Collecting Episode 30
Collecting Episode 40
Collecting Episode 50
Collecting Episode 60
Finish Collecting Episodes in 89.40 seconds
avg value loss 458.4046139187283
Iteration 538/2000 - Average Reward: 7.381601576272967
{'AREA': np.float64(175550.45012052436), 'weighted_R_M': 4.592798187356696, 'weighted_R_T': 2.285442832443449, 'weighted_R_P': 1.6708632575141058, 'cost_balance': np.float64(1.1675027075780897), 'R_T_ratio': 6.874075151799675e-05, 'R_P_ratio': 7.432541904668016e-05}
Training Iteration 538
Collecting Episode 0
Collecting Episode 10
Collecting Episode 20
Collecting Episode 30
Collecting Episode 40
Collecting Episode 50
Collecting Episode 60
Finish Collecting Episodes in 89.33 seconds
avg value loss 1195.0666164822048
Iteration 539/2000 - Average Reward: 7.034566839296733
{'AREA': np.float64(181032.1650145464), 'weighted_R_M': 4.727989937195667, 'weighted_R_T': 2.10498304416736, 'weighted_R_P': 1.411471472846137, 'cost_balance': np.float64(1.2098776056012162), 'R_T_ratio': 6.330325324546538e-05, 'R_P_ratio': 6.278317767521395e-05}
Training Iteration 539
Collecting Episode 0
Collecting Episode 10
Collecting Episode 20
Collecting Episode 30
Collecting Episode 40
Collecting Episode 50
Collecting Episode 60
Finish Collecting Episodes in 89.38 seconds
avg value loss 524.1785676744249
Iteration 540/2000 - Average Reward: 7.176237332278914
{'AREA': np.float64(179536.64913401162), 'weighted_R_M': 4.543485639533135, 'weighted_R_T': 2.0767412044935756, 'weighted_R_P': 1.7060487535264757, 'cost_balance': np.float64(1.1500382881620128), 'R_T_ratio': 6.2450974464197e-05, 'R_P_ratio': 7.586972305359695e-05}
Training Iteration 540
Collecting Episode 0
Collecting Episode 10
Collecting Episode 20
Collecting Episode 30
Collecting Episode 40
Collecting Episode 50
Collecting Episode 60
Finish Collecting Episodes in 89.24 seconds
avg value loss 731.9021928575304
Iteration 541/2000 - Average Reward: 7.199432578351763
{'AREA': np.float64(180870.34943176276), 'weighted_R_M': 4.684310534310498, 'weighted_R_T': 2.139218462010225, 'weighted_R_P': 1.5800866021050348, 'cost_balance': np.float64(1.2041830219699197), 'R_T_ratio': 6.433237746550512e-05, 'R_P_ratio': 7.028881909415992e-05}
Training Iteration 541
Collecting Episode 0
Collecting Episode 10
Collecting Episode 20
Collecting Episode 30
Collecting Episode 40
Collecting Episode 50
Collecting Episode 60
Finish Collecting Episodes in 89.38 seconds
avg value loss 580.3219460381401
Iteration 542/2000 - Average Reward: 7.837948689832249
{'AREA': np.float64(183657.3731218232), 'weighted_R_M': 4.509373904195475, 'weighted_R_T': 2.4294118500418134, 'weighted_R_P': 1.8876999749077692, 'cost_balance': np.float64(0.9885370435125134), 'R_T_ratio': 7.308379990060565e-05, 'R_P_ratio': 8.395194162073387e-05}
Training Iteration 542
Collecting Episode 0
Collecting Episode 10
Collecting Episode 20
Collecting Episode 30
Collecting Episode 40
Collecting Episode 50
Collecting Episode 60
Finish Collecting Episodes in 89.32 seconds
avg value loss 702.812638176812
Iteration 543/2000 - Average Reward: 7.129352089748459
{'AREA': np.float64(181898.9268682797), 'weighted_R_M': 4.6719601700075755, 'weighted_R_T': 2.12309623344077, 'weighted_R_P': 1.6198132832845051, 'cost_balance': np.float64(1.285517583287339), 'R_T_ratio': 6.384618474125327e-05, 'R_P_ratio': 7.203234763757116e-05}
Training Iteration 543
Collecting Episode 0
Collecting Episode 10
Collecting Episode 20
Collecting Episode 30
Collecting Episode 40
Collecting Episode 50
Collecting Episode 60
Finish Collecting Episodes in 89.41 seconds
avg value loss 1201.583212958442
Iteration 544/2000 - Average Reward: 7.507617628460543
{'AREA': np.float64(183574.1559384138), 'weighted_R_M': 4.855235387976033, 'weighted_R_T': 2.1817550684014955, 'weighted_R_P': 1.6012547810872395, 'cost_balance': np.float64(1.13062760143547), 'R_T_ratio': 6.561963018665264e-05, 'R_P_ratio': 7.120438419314399e-05}
Training Iteration 544
Collecting Episode 0
Collecting Episode 10
Collecting Episode 20
Collecting Episode 30
Collecting Episode 40
Collecting Episode 50
Collecting Episode 60
Finish Collecting Episodes in 89.26 seconds
avg value loss 1618.6989144219292
Iteration 545/2000 - Average Reward: 7.801205487857159
{'AREA': np.float64(185047.46825004226), 'weighted_R_M': 4.74890244708062, 'weighted_R_T': 2.252255669898457, 'weighted_R_P': 1.7982614305284288, 'cost_balance': np.float64(0.9982140611603404), 'R_T_ratio': 6.774602199753466e-05, 'R_P_ratio': 7.998196326522279e-05}
Training Iteration 545
Collecting Episode 0
Collecting Episode 10
Collecting Episode 20
Collecting Episode 30
Collecting Episode 40
Collecting Episode 50
Collecting Episode 60
Finish Collecting Episodes in 89.45 seconds
avg value loss 625.6139797634548
Iteration 546/2000 - Average Reward: 7.658131596231316
{'AREA': np.float64(182662.51557149368), 'weighted_R_M': 4.671890157933376, 'weighted_R_T': 2.2966425038046308, 'weighted_R_P': 1.7943344116210938, 'cost_balance': np.float64(1.1047354774530802), 'R_T_ratio': 6.908108364192688e-05, 'R_P_ratio': 7.980070853298561e-05}
Training Iteration 546
Collecting Episode 0
Collecting Episode 10
Collecting Episode 20
Collecting Episode 30
Collecting Episode 40
Collecting Episode 50
Collecting Episode 60
Finish Collecting Episodes in 89.28 seconds
avg value loss 676.7450968424479
Iteration 547/2000 - Average Reward: 7.372451506141159
{'AREA': np.float64(182323.42100564818), 'weighted_R_M': 4.644666342635231, 'weighted_R_T': 2.2688254507051573, 'weighted_R_P': 1.6647495693630643, 'cost_balance': np.float64(1.205789863503651), 'R_T_ratio': 6.823884889886302e-05, 'R_P_ratio': 7.404112047945666e-05}
Training Iteration 547
Collecting Episode 0
Collecting Episode 10
Collecting Episode 20
Collecting Episode 30
Collecting Episode 40
Collecting Episode 50
Collecting Episode 60
Finish Collecting Episodes in 89.36 seconds
avg value loss 639.7207260131836
Iteration 548/2000 - Average Reward: 6.958626987302624
{'AREA': np.float64(168268.8483518593), 'weighted_R_M': 5.511003953439007, 'weighted_R_T': 2.18770828925901, 'weighted_R_P': 0.9757152133517795, 'cost_balance': np.float64(1.7158004681371777), 'R_T_ratio': 6.57944775683909e-05, 'R_P_ratio': 4.3407239756251825e-05}
Training Iteration 548
Collecting Episode 0
Collecting Episode 10
Collecting Episode 20
Collecting Episode 30
Collecting Episode 40
Collecting Episode 50
Collecting Episode 60
Finish Collecting Episodes in 89.35 seconds
avg value loss 703.625128004286
Iteration 549/2000 - Average Reward: 6.814839848711724
{'AREA': np.float64(178357.7826673132), 'weighted_R_M': 6.107619443770091, 'weighted_R_T': 2.0374502572748394, 'weighted_R_P': 0.08995564778645833, 'cost_balance': np.float64(1.4201854873896176), 'R_T_ratio': 6.126770091530793e-05, 'R_P_ratio': 3.88288252415387e-06}
Training Iteration 549
Collecting Episode 0
Collecting Episode 10
Collecting Episode 20
Collecting Episode 30
Collecting Episode 40
Collecting Episode 50
Collecting Episode 60
Finish Collecting Episodes in 89.33 seconds
avg value loss 703.1300328572592
Iteration 550/2000 - Average Reward: 6.646056339733251
{'AREA': np.float64(173445.56323071534), 'weighted_R_M': 5.498055765755731, 'weighted_R_T': 1.9811161069406404, 'weighted_R_P': 0.536332024468316, 'cost_balance': np.float64(1.3694475523718554), 'R_T_ratio': 5.956489236364246e-05, 'R_P_ratio': 2.3805370433722477e-05}
Training Iteration 550
Collecting Episode 0
Collecting Episode 10
Collecting Episode 20
Collecting Episode 30
Collecting Episode 40
Collecting Episode 50
Collecting Episode 60
Finish Collecting Episodes in 89.41 seconds
avg value loss 504.9455278184679
Iteration 551/2000 - Average Reward: 5.35339446689856
{'AREA': np.float64(167312.78120049607), 'weighted_R_M': 4.999017359398092, 'weighted_R_T': 1.6249426537089877, 'weighted_R_P': 0.28995344373914933, 'cost_balance': np.float64(1.56051898158762), 'R_T_ratio': 4.884011395674126e-05, 'R_P_ratio': 1.2835072373017694e-05}
Training Iteration 551
Collecting Episode 0
Collecting Episode 10
Collecting Episode 20
Collecting Episode 30
Collecting Episode 40
Collecting Episode 50
Collecting Episode 60
Finish Collecting Episodes in 89.27 seconds
avg value loss 666.3453873528374
Iteration 552/2000 - Average Reward: 2.195088935957756
{'AREA': np.float64(152083.9995256028), 'weighted_R_M': 2.6055772966152895, 'weighted_R_T': 0.9421673094232877, 'weighted_R_P': 0.9109293619791666, 'cost_balance': np.float64(2.2635850467877097), 'R_T_ratio': 2.8296090117904067e-05, 'R_P_ratio': 4.051135636555051e-05}
Training Iteration 552
Collecting Episode 0
Collecting Episode 10
Collecting Episode 20
Collecting Episode 30
Collecting Episode 40
Collecting Episode 50
Collecting Episode 60
Finish Collecting Episodes in 89.39 seconds
avg value loss 491.3029301961263
Iteration 553/2000 - Average Reward: 2.2124683485987284
{'AREA': np.float64(155290.17830131634), 'weighted_R_M': 2.743463977971727, 'weighted_R_T': 0.8433710576759444, 'weighted_R_P': 0.9132537841796875, 'cost_balance': np.float64(2.2876204447108957), 'R_T_ratio': 2.532425492896469e-05, 'R_P_ratio': 4.062927260424972e-05}
Training Iteration 553
Collecting Episode 0
Collecting Episode 10
Collecting Episode 20
Collecting Episode 30
Collecting Episode 40
Collecting Episode 50
Collecting Episode 60
Finish Collecting Episodes in 89.32 seconds
avg value loss 989.9632848103842
Iteration 554/2000 - Average Reward: 2.210406646009586
{'AREA': np.float64(161432.01422712722), 'weighted_R_M': 2.6567418496569086, 'weighted_R_T': 0.7803510477145513, 'weighted_R_P': 0.8377719455295138, 'cost_balance': np.float64(2.064458186022039), 'R_T_ratio': 2.342928514247827e-05, 'R_P_ratio': 3.726687493488565e-05}
Training Iteration 554
Collecting Episode 0
Collecting Episode 10
Collecting Episode 20
Collecting Episode 30
Collecting Episode 40
Collecting Episode 50
Collecting Episode 60
Finish Collecting Episodes in 89.33 seconds
avg value loss 325.68871180216473
Iteration 555/2000 - Average Reward: 2.6089214990368217
{'AREA': np.float64(160385.704268857), 'weighted_R_M': 3.036579660314197, 'weighted_R_T': 0.9383105983336767, 'weighted_R_P': 0.6892136467827691, 'cost_balance': np.float64(2.0551824215429053), 'R_T_ratio': 2.8178935489798897e-05, 'R_P_ratio': 3.063863192676813e-05}
Training Iteration 555
Collecting Episode 0
Collecting Episode 10
Collecting Episode 20
Collecting Episode 30
Collecting Episode 40
Collecting Episode 50
Collecting Episode 60
Finish Collecting Episodes in 89.36 seconds
avg value loss 935.7768618265787
Iteration 556/2000 - Average Reward: 2.6819948164144685
{'AREA': np.float64(163453.11131785667), 'weighted_R_M': 2.901763809404315, 'weighted_R_T': 0.8842307668593195, 'weighted_R_P': 0.8484458923339844, 'cost_balance': np.float64(1.9524456503931107), 'R_T_ratio': 2.655390096186082e-05, 'R_P_ratio': 3.7701832636861786e-05}
Training Iteration 556
Collecting Episode 0
Collecting Episode 10
Collecting Episode 20
Collecting Episode 30
Collecting Episode 40
Collecting Episode 50
Collecting Episode 60
Finish Collecting Episodes in 89.43 seconds
avg value loss 460.18627039591473
Iteration 557/2000 - Average Reward: 3.147329112252919
{'AREA': np.float64(164571.5019398053), 'weighted_R_M': 3.0940501701049166, 'weighted_R_T': 1.0050434826148882, 'weighted_R_P': 0.9050170050726997, 'cost_balance': np.float64(1.8567815406040136), 'R_T_ratio': 3.018676670614605e-05, 'R_P_ratio': 4.024691574701212e-05}
Training Iteration 557
Collecting Episode 0
Collecting Episode 10
Collecting Episode 20
Collecting Episode 30
Collecting Episode 40
Collecting Episode 50
Collecting Episode 60
Finish Collecting Episodes in 89.27 seconds
avg value loss 620.7797414991591
Iteration 558/2000 - Average Reward: 3.2706391786470905
{'AREA': np.float64(168387.59023302895), 'weighted_R_M': 3.065901166342883, 'weighted_R_T': 0.9677616043223275, 'weighted_R_P': 0.9744894239637587, 'cost_balance': np.float64(1.7375130187168044), 'R_T_ratio': 2.9064701344423836e-05, 'R_P_ratio': 4.331576500401902e-05}
Training Iteration 558
Collecting Episode 0
Collecting Episode 10
Collecting Episode 20
Collecting Episode 30
Collecting Episode 40
Collecting Episode 50
Collecting Episode 60
Finish Collecting Episodes in 89.39 seconds
avg value loss 489.2401712205675
Iteration 559/2000 - Average Reward: 2.9369406241522586
{'AREA': np.float64(164922.67211941894), 'weighted_R_M': 2.7731348300191407, 'weighted_R_T': 0.9887898340821266, 'weighted_R_P': 1.0657179090711806, 'cost_balance': np.float64(1.8907019407722976), 'R_T_ratio': 2.9693771641140262e-05, 'R_P_ratio': 4.74134784499764e-05}
Training Iteration 559
Collecting Episode 0
Collecting Episode 10
Collecting Episode 20
Collecting Episode 30
Collecting Episode 40
Collecting Episode 50
Collecting Episode 60
Finish Collecting Episodes in 89.28 seconds
avg value loss 367.9387558831109
Iteration 560/2000 - Average Reward: 2.9259616004225486
{'AREA': np.float64(165951.3301438134), 'weighted_R_M': 2.4940661501429227, 'weighted_R_T': 0.9834574949410226, 'weighted_R_P': 1.3287823994954426, 'cost_balance': np.float64(1.8803444273271925), 'R_T_ratio': 2.9542416694252863e-05, 'R_P_ratio': 5.910655131007642e-05}
Checkpoint saved to checkpoints/ckpt_single_shared_attention_560_2.93.pt
Training Iteration 560
Collecting Episode 0
Collecting Episode 10
Collecting Episode 20
Collecting Episode 30
Collecting Episode 40
Collecting Episode 50
Collecting Episode 60
Finish Collecting Episodes in 89.30 seconds
avg value loss 670.6957024468315
Iteration 561/2000 - Average Reward: 3.143242173598588
{'AREA': np.float64(167360.6874987719), 'weighted_R_M': 2.95094383516587, 'weighted_R_T': 0.8943904596898291, 'weighted_R_P': 1.0429653591579862, 'cost_balance': np.float64(1.7450574647929225), 'R_T_ratio': 2.6856682552483153e-05, 'R_P_ratio': 4.638034308587471e-05}
Training Iteration 561
Collecting Episode 0
Collecting Episode 10
Collecting Episode 20
Collecting Episode 30
Collecting Episode 40
Collecting Episode 50
Collecting Episode 60
Finish Collecting Episodes in 89.35 seconds
avg value loss 665.3061290317112
Iteration 562/2000 - Average Reward: 2.773494670361591
{'AREA': np.float64(167136.7356822751), 'weighted_R_M': 2.604256477220992, 'weighted_R_T': 0.8930545300245285, 'weighted_R_P': 1.1909073723687067, 'cost_balance': np.float64(1.914723708059622), 'R_T_ratio': 2.681721624759387e-05, 'R_P_ratio': 5.29643543313847e-05}
Training Iteration 562
Collecting Episode 0
Collecting Episode 10
Collecting Episode 20
Collecting Episode 30
Collecting Episode 40
Collecting Episode 50
Collecting Episode 60
Finish Collecting Episodes in 89.27 seconds
avg value loss 326.66146638658313
Iteration 563/2000 - Average Reward: 3.008193884665767
{'AREA': np.float64(165865.52877825632), 'weighted_R_M': 2.747844074393672, 'weighted_R_T': 1.01161344597737, 'weighted_R_P': 1.0632472568088107, 'cost_balance': np.float64(1.8145108973738888), 'R_T_ratio': 3.0381210926596253e-05, 'R_P_ratio': 4.730277015659651e-05}
Training Iteration 563
Collecting Episode 0
Collecting Episode 10
Collecting Episode 20
Collecting Episode 30
Collecting Episode 40
Collecting Episode 50
Collecting Episode 60
Finish Collecting Episodes in 89.42 seconds
avg value loss 505.5264587402344
Iteration 564/2000 - Average Reward: 2.694066177620294
{'AREA': np.float64(168733.46385408315), 'weighted_R_M': 2.8983677346814907, 'weighted_R_T': 0.8952477938599057, 'weighted_R_P': 0.9463030497233073, 'cost_balance': np.float64(2.045852402509269), 'R_T_ratio': 2.6882287968643978e-05, 'R_P_ratio': 4.208422184864064e-05}
Training Iteration 564
Collecting Episode 0
Collecting Episode 10
Collecting Episode 20
Collecting Episode 30
Collecting Episode 40
Collecting Episode 50
Collecting Episode 60
Finish Collecting Episodes in 89.27 seconds
avg value loss 323.82704671223956
Iteration 565/2000 - Average Reward: 3.25960887625115
{'AREA': np.float64(173590.20278764435), 'weighted_R_M': 3.111783226484653, 'weighted_R_T': 0.832129992544651, 'weighted_R_P': 0.9999521043565538, 'cost_balance': np.float64(1.6842564513858065), 'R_T_ratio': 2.4984528420855954e-05, 'R_P_ratio': 4.445080533550188e-05}
Training Iteration 565
Collecting Episode 0
Collecting Episode 10
Collecting Episode 20
Collecting Episode 30
Collecting Episode 40
Collecting Episode 50
Collecting Episode 60
Finish Collecting Episodes in 89.44 seconds
avg value loss 314.7466684977214
Iteration 566/2000 - Average Reward: 3.343493893089342
{'AREA': np.float64(169239.49021900757), 'weighted_R_M': 2.95275673206571, 'weighted_R_T': 1.0854383524921205, 'weighted_R_P': 1.013826158311632, 'cost_balance': np.float64(1.7085273482940986), 'R_T_ratio': 3.260468778291639e-05, 'R_P_ratio': 4.508160880947588e-05}
Training Iteration 566
Collecting Episode 0
Collecting Episode 10
Collecting Episode 20
Collecting Episode 30
Collecting Episode 40
Collecting Episode 50
Collecting Episode 60
Finish Collecting Episodes in 89.26 seconds
avg value loss 424.61800977918836
Iteration 567/2000 - Average Reward: 3.244869567350381
{'AREA': np.float64(172927.6015181548), 'weighted_R_M': 2.96681273169381, 'weighted_R_T': 0.890876270002789, 'weighted_R_P': 0.9852922227647569, 'cost_balance': np.float64(1.598111664933019), 'R_T_ratio': 2.675308359675271e-05, 'R_P_ratio': 4.3786461268018516e-05}
Training Iteration 567
Collecting Episode 0
Collecting Episode 10
Collecting Episode 20
Collecting Episode 30
Collecting Episode 40
Collecting Episode 50
Collecting Episode 60
Finish Collecting Episodes in 89.41 seconds
avg value loss 598.0295202467177
Iteration 568/2000 - Average Reward: 3.2792647332923175
{'AREA': np.float64(163195.94725027704), 'weighted_R_M': 2.89447298339615, 'weighted_R_T': 1.0501981410715315, 'weighted_R_P': 1.163148668077257, 'cost_balance': np.float64(1.8285550689507428), 'R_T_ratio': 3.154205949573873e-05, 'R_P_ratio': 5.171877381424414e-05}
Training Iteration 568
Collecting Episode 0
Collecting Episode 10
Collecting Episode 20
Collecting Episode 30
Collecting Episode 40
Collecting Episode 50
Collecting Episode 60
Finish Collecting Episodes in 89.31 seconds
avg value loss 269.22849061754016
Iteration 569/2000 - Average Reward: 3.1493923808189317
{'AREA': np.float64(164258.99170973134), 'weighted_R_M': 2.9210396597874126, 'weighted_R_T': 1.0090678309400876, 'weighted_R_P': 1.1137992011176214, 'cost_balance': np.float64(1.8945142917632358), 'R_T_ratio': 3.0308959567725156e-05, 'R_P_ratio': 4.9537828628672585e-05}
Training Iteration 569
Collecting Episode 0
Collecting Episode 10
Collecting Episode 20
Collecting Episode 30
Collecting Episode 40
Collecting Episode 50
Collecting Episode 60
Finish Collecting Episodes in 89.46 seconds
avg value loss 261.69440205891925
Iteration 570/2000 - Average Reward: 2.87026523749551
{'AREA': np.float64(170679.8258422292), 'weighted_R_M': 2.8004032989660015, 'weighted_R_T': 0.865585170686245, 'weighted_R_P': 0.9731352064344618, 'cost_balance': np.float64(1.7688584398943028), 'R_T_ratio': 2.5992070741962585e-05, 'R_P_ratio': 4.328009548166472e-05}
Training Iteration 570
Collecting Episode 0
Collecting Episode 10
Collecting Episode 20
Collecting Episode 30
Collecting Episode 40
Collecting Episode 50
Collecting Episode 60
Finish Collecting Episodes in 89.08 seconds
avg value loss 250.72292370266385
Iteration 571/2000 - Average Reward: 3.2576943966560066
{'AREA': np.float64(166234.7860077134), 'weighted_R_M': 3.1152751619281265, 'weighted_R_T': 0.9656180101964209, 'weighted_R_P': 0.9669884575737847, 'cost_balance': np.float64(1.7901872378061914), 'R_T_ratio': 2.8996352915269807e-05, 'R_P_ratio': 4.298904072351043e-05}
Training Iteration 571
Collecting Episode 0
Collecting Episode 10
Collecting Episode 20
Collecting Episode 30
Collecting Episode 40
Collecting Episode 50
Collecting Episode 60
Finish Collecting Episodes in 89.15 seconds
avg value loss 369.9198354085286
Iteration 572/2000 - Average Reward: 3.2331327846881726
{'AREA': np.float64(171441.73882514224), 'weighted_R_M': 3.1739252277166847, 'weighted_R_T': 0.8900825753808022, 'weighted_R_P': 0.9184239705403646, 'cost_balance': np.float64(1.7492989881555254), 'R_T_ratio': 2.67269292211615e-05, 'R_P_ratio': 4.083272583749187e-05}
Training Iteration 572
Collecting Episode 0
Collecting Episode 10
Collecting Episode 20
Collecting Episode 30
Collecting Episode 40
Collecting Episode 50
Collecting Episode 60
Finish Collecting Episodes in 89.13 seconds
avg value loss 278.8383911980523
Iteration 573/2000 - Average Reward: 3.665827397949114
{'AREA': np.float64(172160.2106363749), 'weighted_R_M': 3.044186563056504, 'weighted_R_T': 1.0669748807946842, 'weighted_R_P': 1.106172349717882, 'cost_balance': np.float64(1.5515063778977671), 'R_T_ratio': 3.20429932748334e-05, 'R_P_ratio': 4.918999714867731e-05}
Training Iteration 573
Collecting Episode 0
Collecting Episode 10
Collecting Episode 20
Collecting Episode 30
Collecting Episode 40
Collecting Episode 50
Collecting Episode 60
Finish Collecting Episodes in 89.16 seconds
avg value loss 343.4928970336914
Iteration 574/2000 - Average Reward: 3.4545574017004888
{'AREA': np.float64(169974.1265309359), 'weighted_R_M': 3.14013880298939, 'weighted_R_T': 0.9884173042244382, 'weighted_R_P': 1.0004200405544705, 'cost_balance': np.float64(1.6744187500108785), 'R_T_ratio': 2.9680882328254733e-05, 'R_P_ratio': 4.450973623103415e-05}
Training Iteration 574
Collecting Episode 0
Collecting Episode 10
Collecting Episode 20
Collecting Episode 30
Collecting Episode 40
Collecting Episode 50
Collecting Episode 60
Finish Collecting Episodes in 89.25 seconds
avg value loss 854.5247018602159
Iteration 575/2000 - Average Reward: 3.165673019907748
{'AREA': np.float64(168587.89221680127), 'weighted_R_M': 3.0989117743716985, 'weighted_R_T': 1.0782723418540425, 'weighted_R_P': 0.8652526007758247, 'cost_balance': np.float64(1.8767636931539053), 'R_T_ratio': 3.2388144977969926e-05, 'R_P_ratio': 3.846917920970657e-05}
Training Iteration 575
Collecting Episode 0
Collecting Episode 10
Collecting Episode 20
Collecting Episode 30
Collecting Episode 40
Collecting Episode 50
Collecting Episode 60
Finish Collecting Episodes in 89.17 seconds
avg value loss 299.90463553534613
Iteration 576/2000 - Average Reward: 3.4643750858764784
{'AREA': np.float64(175390.45890887643), 'weighted_R_M': 3.1783354066183165, 'weighted_R_T': 0.972009470893277, 'weighted_R_P': 0.9107127719455295, 'cost_balance': np.float64(1.5966825605299888), 'R_T_ratio': 2.9188553300929202e-05, 'R_P_ratio': 4.048549575669555e-05}
Training Iteration 576
Collecting Episode 0
Collecting Episode 10
Collecting Episode 20
Collecting Episode 30
Collecting Episode 40
Collecting Episode 50
Collecting Episode 60
Finish Collecting Episodes in 89.23 seconds
avg value loss 564.7637197706434
Iteration 577/2000 - Average Reward: 3.399487500311807
{'AREA': np.float64(171449.06524190438), 'weighted_R_M': 3.2251711009187907, 'weighted_R_T': 1.0053151175379753, 'weighted_R_P': 0.93152830335829, 'cost_balance': np.float64(1.7625270076328967), 'R_T_ratio': 3.019374581095709e-05, 'R_P_ratio': 4.140697372027263e-05}
Training Iteration 577
Collecting Episode 0
Collecting Episode 10
Collecting Episode 20
Collecting Episode 30
Collecting Episode 40
Collecting Episode 50
Collecting Episode 60
Finish Collecting Episodes in 89.13 seconds
avg value loss 345.48687065972223
Iteration 578/2000 - Average Reward: 3.586324997949608
{'AREA': np.float64(168176.69065427792), 'weighted_R_M': 3.2703047778819987, 'weighted_R_T': 1.0444420476754506, 'weighted_R_P': 1.0027105543348525, 'cost_balance': np.float64(1.7311323851216753), 'R_T_ratio': 3.1367905854992606e-05, 'R_P_ratio': 4.4586093496393505e-05}
Training Iteration 578
Collecting Episode 0
Collecting Episode 10
Collecting Episode 20
Collecting Episode 30
Collecting Episode 40
Collecting Episode 50
Collecting Episode 60
Finish Collecting Episodes in 89.26 seconds
avg value loss 358.6233622233073
Iteration 579/2000 - Average Reward: 3.67287501726403
{'AREA': np.float64(172253.34599942432), 'weighted_R_M': 3.083896518169796, 'weighted_R_T': 1.0642942256397672, 'weighted_R_P': 0.9990933736165365, 'cost_balance': np.float64(1.4744090905188465), 'R_T_ratio': 3.1968958969662444e-05, 'R_P_ratio': 4.4421250428265826e-05}
Training Iteration 579
Collecting Episode 0
Collecting Episode 10
Collecting Episode 20
Collecting Episode 30
Collecting Episode 40
Collecting Episode 50
Collecting Episode 60
Finish Collecting Episodes in 89.12 seconds
avg value loss 904.8385344611274
Iteration 580/2000 - Average Reward: 3.5967151767464305
{'AREA': np.float64(175039.5698270129), 'weighted_R_M': 3.1539726446921907, 'weighted_R_T': 1.1001242730352614, 'weighted_R_P': 0.9568311903211806, 'cost_balance': np.float64(1.6142129317632659), 'R_T_ratio': 3.304575509661493e-05, 'R_P_ratio': 4.25457833678971e-05}
Training Iteration 580
Collecting Episode 0
Collecting Episode 10
Collecting Episode 20
Collecting Episode 30
Collecting Episode 40
Collecting Episode 50
Collecting Episode 60
Finish Collecting Episodes in 89.22 seconds
avg value loss 364.48118125067816
Iteration 581/2000 - Average Reward: 3.5409607704172634
{'AREA': np.float64(169123.5789563143), 'weighted_R_M': 3.261060645049838, 'weighted_R_T': 1.1198605514234967, 'weighted_R_P': 0.8857557508680556, 'cost_balance': np.float64(1.7257161702470762), 'R_T_ratio': 3.3642217194992325e-05, 'R_P_ratio': 3.936548511978339e-05}
Training Iteration 581
Collecting Episode 0
Collecting Episode 10
Collecting Episode 20
Collecting Episode 30
Collecting Episode 40
Collecting Episode 50
Collecting Episode 60
Finish Collecting Episodes in 89.18 seconds
avg value loss 514.6678254869249
Iteration 582/2000 - Average Reward: 3.9322129918404647
{'AREA': np.float64(169864.2225090145), 'weighted_R_M': 3.2047698853317446, 'weighted_R_T': 1.1750724580552843, 'weighted_R_P': 1.1496955023871527, 'cost_balance': np.float64(1.5973248611856397), 'R_T_ratio': 3.5297089812059514e-05, 'R_P_ratio': 5.1137229002781726e-05}
Training Iteration 582
Collecting Episode 0
Collecting Episode 10
Collecting Episode 20
Collecting Episode 30
Collecting Episode 40
Collecting Episode 50
Collecting Episode 60
Finish Collecting Episodes in 89.20 seconds
avg value loss 565.1376948886448
Iteration 583/2000 - Average Reward: 3.8474156069245913
{'AREA': np.float64(172579.49004097865), 'weighted_R_M': 3.088414770238185, 'weighted_R_T': 1.1135911991198857, 'weighted_R_P': 1.1190372043185763, 'cost_balance': np.float64(1.473627559802964), 'R_T_ratio': 3.344920807752302e-05, 'R_P_ratio': 4.974528125063771e-05}
Training Iteration 583
Collecting Episode 0
Collecting Episode 10
Collecting Episode 20
Collecting Episode 30
Collecting Episode 40
Collecting Episode 50
Collecting Episode 60
Finish Collecting Episodes in 89.14 seconds
avg value loss 679.5387119717068
Iteration 584/2000 - Average Reward: 3.895236123915917
{'AREA': np.float64(170600.95587201833), 'weighted_R_M': 3.095830784958202, 'weighted_R_T': 1.2178418959180515, 'weighted_R_P': 1.219898647732205, 'cost_balance': np.float64(1.638335214046088), 'R_T_ratio': 3.658689291677496e-05, 'R_P_ratio': 5.426226070630159e-05}
Training Iteration 584
Collecting Episode 0
Collecting Episode 10
Collecting Episode 20
Collecting Episode 30
Collecting Episode 40
Collecting Episode 50
Collecting Episode 60
Finish Collecting Episodes in 89.12 seconds
avg value loss 617.4025200737847
Iteration 585/2000 - Average Reward: 4.032179068450609
{'AREA': np.float64(173391.5674070284), 'weighted_R_M': 3.2129594545907216, 'weighted_R_T': 1.2052959460351202, 'weighted_R_P': 1.1743600633409288, 'cost_balance': np.float64(1.5604363880919572), 'R_T_ratio': 3.620496909125587e-05, 'R_P_ratio': 5.223540560496861e-05}
Training Iteration 585
Collecting Episode 0
Collecting Episode 10
Collecting Episode 20
Collecting Episode 30
Collecting Episode 40
Collecting Episode 50
Collecting Episode 60
Finish Collecting Episodes in 89.13 seconds
avg value loss 1577.0289238823784
Iteration 586/2000 - Average Reward: 3.9518695065699934
{'AREA': np.float64(173540.8748791995), 'weighted_R_M': 3.1509839006783094, 'weighted_R_T': 1.152636898888482, 'weighted_R_P': 1.1455052693684895, 'cost_balance': np.float64(1.4972565568651393), 'R_T_ratio': 3.4623477714868264e-05, 'R_P_ratio': 5.0913010578832215e-05}
Training Iteration 586
Collecting Episode 0
Collecting Episode 10
Collecting Episode 20
Collecting Episode 30
Collecting Episode 40
Collecting Episode 50
Collecting Episode 60
Finish Collecting Episodes in 89.13 seconds
avg value loss 336.89414511786566
Iteration 587/2000 - Average Reward: 4.134723040113588
{'AREA': np.float64(173313.02050203836), 'weighted_R_M': 3.18948957442424, 'weighted_R_T': 1.2851258118947346, 'weighted_R_P': 1.2625897725423176, 'cost_balance': np.float64(1.6024821154611977), 'R_T_ratio': 3.8609083706507406e-05, 'R_P_ratio': 5.615696378251686e-05}
Training Iteration 587
Collecting Episode 0
Collecting Episode 10
Collecting Episode 20
Collecting Episode 30
Collecting Episode 40
Collecting Episode 50
Collecting Episode 60
Finish Collecting Episodes in 89.24 seconds
avg value loss 354.6684667799208
Iteration 588/2000 - Average Reward: 3.7168446963640034
{'AREA': np.float64(171499.48622494788), 'weighted_R_M': 3.214699097541294, 'weighted_R_T': 1.0833123475313187, 'weighted_R_P': 1.0255843268500433, 'cost_balance': np.float64(1.6067510710221455), 'R_T_ratio': 3.253781871882491e-05, 'R_P_ratio': 4.5604726629338505e-05}
Training Iteration 588
Collecting Episode 0
Collecting Episode 10
Collecting Episode 20
Collecting Episode 30
Collecting Episode 40
Collecting Episode 50
Collecting Episode 60
Finish Collecting Episodes in 89.19 seconds
avg value loss 218.92074500189887
Iteration 589/2000 - Average Reward: 3.8504887153588547
{'AREA': np.float64(170525.76649091148), 'weighted_R_M': 3.4604366794226533, 'weighted_R_T': 1.0878722071647644, 'weighted_R_P': 0.9023272196451823, 'cost_balance': np.float64(1.6001473815929683), 'R_T_ratio': 3.267373865553338e-05, 'R_P_ratio': 4.011630471262141e-05}
Training Iteration 589
Collecting Episode 0
Collecting Episode 10
Collecting Episode 20
Collecting Episode 30
Collecting Episode 40
Collecting Episode 50
Collecting Episode 60
Finish Collecting Episodes in 89.27 seconds
avg value loss 234.9914813571506
Iteration 590/2000 - Average Reward: 4.316695020236592
{'AREA': np.float64(170286.26203135212), 'weighted_R_M': 3.144270858828248, 'weighted_R_T': 1.3115029376414087, 'weighted_R_P': 1.4210446675618489, 'cost_balance': np.float64(1.560123440411904), 'R_T_ratio': 3.94088799976797e-05, 'R_P_ratio': 6.319046028707852e-05}
Training Iteration 590
Collecting Episode 0
Collecting Episode 10
Collecting Episode 20
Collecting Episode 30
Collecting Episode 40
Collecting Episode 50
Collecting Episode 60
Finish Collecting Episodes in 89.11 seconds
avg value loss 348.3393889533149
Iteration 591/2000 - Average Reward: 3.771875898812949
{'AREA': np.float64(173185.0756089945), 'weighted_R_M': 3.2436498604050588, 'weighted_R_T': 1.0660259673992794, 'weighted_R_P': 0.9708442687988281, 'cost_balance': np.float64(1.5086441802300152), 'R_T_ratio': 3.20184795224736e-05, 'R_P_ratio': 4.315132240666054e-05}
Training Iteration 591
Collecting Episode 0
Collecting Episode 10
Collecting Episode 20
Collecting Episode 30
Collecting Episode 40
Collecting Episode 50
Collecting Episode 60
Finish Collecting Episodes in 89.27 seconds
avg value loss 388.6135949028863
Iteration 592/2000 - Average Reward: 3.955141445972711
{'AREA': np.float64(173864.4069432328), 'weighted_R_M': 3.100663827511198, 'weighted_R_T': 1.245539427631431, 'weighted_R_P': 1.212119632297092, 'cost_balance': np.float64(1.6031814423505233), 'R_T_ratio': 3.742074201868358e-05, 'R_P_ratio': 5.391712580602818e-05}
Training Iteration 592
Collecting Episode 0
Collecting Episode 10
Collecting Episode 20
Collecting Episode 30
Collecting Episode 40
Collecting Episode 50
Collecting Episode 60
Finish Collecting Episodes in 89.12 seconds
avg value loss 378.9602156745063
Iteration 593/2000 - Average Reward: 4.107876110602067
{'AREA': np.float64(168392.27256138588), 'weighted_R_M': 3.240704636823466, 'weighted_R_T': 1.329427274564902, 'weighted_R_P': 1.2361204359266493, 'cost_balance': np.float64(1.6983762410318712), 'R_T_ratio': 3.994561169938361e-05, 'R_P_ratio': 5.498435675898059e-05}
Training Iteration 593
Collecting Episode 0
Collecting Episode 10
Collecting Episode 20
Collecting Episode 30
Collecting Episode 40
Collecting Episode 50
Collecting Episode 60
Finish Collecting Episodes in 89.22 seconds
avg value loss 629.3228942023384
Iteration 594/2000 - Average Reward: 3.851452346186205
{'AREA': np.float64(170372.96363012042), 'weighted_R_M': 2.926043955711167, 'weighted_R_T': 1.2593892299466662, 'weighted_R_P': 1.289965311686198, 'cost_balance': np.float64(1.6239461561352966), 'R_T_ratio': 3.7833002720525426e-05, 'R_P_ratio': 5.737038979854633e-05}
Training Iteration 594
Collecting Episode 0
Collecting Episode 10
Collecting Episode 20
Collecting Episode 30
Collecting Episode 40
Collecting Episode 50
Collecting Episode 60
Finish Collecting Episodes in 89.14 seconds
avg value loss 257.6916618347168
Iteration 595/2000 - Average Reward: 4.391840722741715
{'AREA': np.float64(175331.72712368696), 'weighted_R_M': 3.2666199773106603, 'weighted_R_T': 1.2339511886239052, 'weighted_R_P': 1.24200439453125, 'cost_balance': np.float64(1.3507348399272754), 'R_T_ratio': 3.7070831504547476e-05, 'R_P_ratio': 5.5227793004649886e-05}
Training Iteration 595
Collecting Episode 0
Collecting Episode 10
Collecting Episode 20
Collecting Episode 30
Collecting Episode 40
Collecting Episode 50
Collecting Episode 60
Finish Collecting Episodes in 89.24 seconds
avg value loss 352.9459631178114
Iteration 596/2000 - Average Reward: 4.1905928396671595
{'AREA': np.float64(173372.2261663489), 'weighted_R_M': 3.252330861313365, 'weighted_R_T': 1.2261937898066309, 'weighted_R_P': 1.22498533460829, 'cost_balance': np.float64(1.512917156767644), 'R_T_ratio': 3.6840040070156475e-05, 'R_P_ratio': 5.447467583807412e-05}
Training Iteration 596
Collecting Episode 0
Collecting Episode 10
Collecting Episode 20
Collecting Episode 30
Collecting Episode 40
Collecting Episode 50
Collecting Episode 60
Finish Collecting Episodes in 89.12 seconds
avg value loss 800.4373893737793
Iteration 597/2000 - Average Reward: 4.20760742748583
{'AREA': np.float64(167374.82083448034), 'weighted_R_M': 3.176452974383311, 'weighted_R_T': 1.3471037770311038, 'weighted_R_P': 1.3687176174587674, 'cost_balance': np.float64(1.6846669401468504), 'R_T_ratio': 4.048044464710477e-05, 'R_P_ratio': 6.086970629397127e-05}
Training Iteration 597
Collecting Episode 0
Collecting Episode 10
Collecting Episode 20
Collecting Episode 30
Collecting Episode 40
Collecting Episode 50
Collecting Episode 60
Finish Collecting Episodes in 89.15 seconds
avg value loss 693.7270160251194
Iteration 598/2000 - Average Reward: 3.8379513428921603
{'AREA': np.float64(168569.65647627803), 'weighted_R_M': 3.209420891919864, 'weighted_R_T': 1.1357582286000252, 'weighted_R_P': 1.1265318128797743, 'cost_balance': np.float64(1.6337595867485575), 'R_T_ratio': 3.4118251873686676e-05, 'R_P_ratio': 5.0085492990340546e-05}
Training Iteration 598
Collecting Episode 0
Collecting Episode 10
Collecting Episode 20
Collecting Episode 30
Collecting Episode 40
Collecting Episode 50
Collecting Episode 60
Finish Collecting Episodes in 89.12 seconds
avg value loss 324.6533669365777
Iteration 599/2000 - Average Reward: 4.657829148672237
{'AREA': np.float64(169381.63153609505), 'weighted_R_M': 3.1834247484057414, 'weighted_R_T': 1.4747793070144124, 'weighted_R_P': 1.5419044494628906, 'cost_balance': np.float64(1.5422793522001335), 'R_T_ratio': 4.4317948127387293e-05, 'R_P_ratio': 6.856938821408414e-05}
Training Iteration 599
Collecting Episode 0
Collecting Episode 10
Collecting Episode 20
Collecting Episode 30
Collecting Episode 40
Collecting Episode 50
Collecting Episode 60
Finish Collecting Episodes in 89.15 seconds
avg value loss 610.9370566474067
Iteration 600/2000 - Average Reward: 4.020761589810718
{'AREA': np.float64(170072.18706821895), 'weighted_R_M': 3.119946139780849, 'weighted_R_T': 1.2758198297686048, 'weighted_R_P': 1.2621553209092882, 'cost_balance': np.float64(1.6371597018569561), 'R_T_ratio': 3.832624853413519e-05, 'R_P_ratio': 5.61356598519173e-05}
Checkpoint saved to checkpoints/ckpt_single_shared_attention_600_4.02.pt
Training Iteration 600
Collecting Episode 0
Collecting Episode 10
Collecting Episode 20
Collecting Episode 30
Collecting Episode 40
Collecting Episode 50
Collecting Episode 60
Finish Collecting Episodes in 89.21 seconds
avg value loss 201.5233942667643
Iteration 601/2000 - Average Reward: 3.7746928915617497
{'AREA': np.float64(170763.05693201127), 'weighted_R_M': 3.0515792286096257, 'weighted_R_T': 1.0966970067885187, 'weighted_R_P': 1.1981998019748263, 'cost_balance': np.float64(1.5717831477227557), 'R_T_ratio': 3.2940272209275004e-05, 'R_P_ratio': 5.33019317607251e-05}
Training Iteration 601
Collecting Episode 0
Collecting Episode 10
Collecting Episode 20
Collecting Episode 30
Collecting Episode 40
Collecting Episode 50
Collecting Episode 60
Finish Collecting Episodes in 89.18 seconds
avg value loss 377.35373984442816
Iteration 602/2000 - Average Reward: 4.1429244469359725
{'AREA': np.float64(172913.14811300553), 'weighted_R_M': 3.111062111898971, 'weighted_R_T': 1.1836608035696878, 'weighted_R_P': 1.47754881117079, 'cost_balance': np.float64(1.6293472848727166), 'R_T_ratio': 3.5559118829143875e-05, 'R_P_ratio': 6.570505712846169e-05}
Training Iteration 602
Collecting Episode 0
Collecting Episode 10
Collecting Episode 20
Collecting Episode 30
Collecting Episode 40
Collecting Episode 50
Collecting Episode 60
Finish Collecting Episodes in 89.21 seconds
avg value loss 414.81399790445965
Iteration 603/2000 - Average Reward: 3.9279829313228323
{'AREA': np.float64(167175.72715833003), 'weighted_R_M': 3.2768709381854126, 'weighted_R_T': 1.160500364171134, 'weighted_R_P': 1.2180760701497395, 'cost_balance': np.float64(1.7274644374004107), 'R_T_ratio': 3.485704421015176e-05, 'R_P_ratio': 5.4177497259894685e-05}
Training Iteration 603
Collecting Episode 0
Collecting Episode 10
Collecting Episode 20
Collecting Episode 30
Collecting Episode 40
Collecting Episode 50
Collecting Episode 60
Finish Collecting Episodes in 89.15 seconds
avg value loss 340.93235312567816
Iteration 604/2000 - Average Reward: 4.146326314418628
{'AREA': np.float64(173743.29379166258), 'weighted_R_M': 3.305289788833963, 'weighted_R_T': 1.2241324616803064, 'weighted_R_P': 1.1472350226508246, 'cost_balance': np.float64(1.5303309624880699), 'R_T_ratio': 3.6775266269003455e-05, 'R_P_ratio': 5.10203859428398e-05}
Training Iteration 604
Collecting Episode 0
Collecting Episode 10
Collecting Episode 20
Collecting Episode 30
Collecting Episode 40
Collecting Episode 50
Collecting Episode 60
Finish Collecting Episodes in 89.23 seconds
avg value loss 293.76667319403754
Iteration 605/2000 - Average Reward: 4.509023685920208
{'AREA': np.float64(171660.2267720543), 'weighted_R_M': 3.313619701785683, 'weighted_R_T': 1.35431945655081, 'weighted_R_P': 1.4120246039496527, 'cost_balance': np.float64(1.5709400742010025), 'R_T_ratio': 4.069239752794224e-05, 'R_P_ratio': 6.27928056412464e-05}
Training Iteration 605
Collecting Episode 0
Collecting Episode 10
Collecting Episode 20
Collecting Episode 30
Collecting Episode 40
Collecting Episode 50
Collecting Episode 60
Finish Collecting Episodes in 89.12 seconds
avg value loss 684.8432350158691
Iteration 606/2000 - Average Reward: 3.9993557878640584
{'AREA': np.float64(169703.25845391478), 'weighted_R_M': 3.131846216379939, 'weighted_R_T': 1.2571230116817687, 'weighted_R_P': 1.2430551317003038, 'cost_balance': np.float64(1.632668579227875), 'R_T_ratio': 3.776724475150329e-05, 'R_P_ratio': 5.5278202523847656e-05}
Training Iteration 606
Collecting Episode 0
Collecting Episode 10
Collecting Episode 20
Collecting Episode 30
Collecting Episode 40
Collecting Episode 50
Collecting Episode 60
Finish Collecting Episodes in 89.22 seconds
avg value loss 502.100225660536
Iteration 607/2000 - Average Reward: 3.8268667505795344
{'AREA': np.float64(172354.69121501507), 'weighted_R_M': 3.169940983356759, 'weighted_R_T': 1.2061584533916578, 'weighted_R_P': 1.1134380764431424, 'cost_balance': np.float64(1.6626707707229673), 'R_T_ratio': 3.6230437347415746e-05, 'R_P_ratio': 4.95184995813685e-05}
Training Iteration 607
Collecting Episode 0
Collecting Episode 10
Collecting Episode 20
Collecting Episode 30
Collecting Episode 40
Collecting Episode 50
Collecting Episode 60
Finish Collecting Episodes in 89.13 seconds
avg value loss 245.1660558912489
Iteration 608/2000 - Average Reward: 4.35303591571412
{'AREA': np.float64(170295.20699093002), 'weighted_R_M': 3.1821061405234, 'weighted_R_T': 1.351053619550334, 'weighted_R_P': 1.2729776170518663, 'cost_balance': np.float64(1.4531014484542337), 'R_T_ratio': 4.059302053657787e-05, 'R_P_ratio': 5.662227977400335e-05}
Training Iteration 608
Collecting Episode 0
Collecting Episode 10
Collecting Episode 20
Collecting Episode 30
Collecting Episode 40
Collecting Episode 50
Collecting Episode 60
Finish Collecting Episodes in 89.12 seconds
avg value loss 294.72749498155383
Iteration 609/2000 - Average Reward: 4.581327146708241
{'AREA': np.float64(167804.4304526873), 'weighted_R_M': 3.088768332865786, 'weighted_R_T': 1.4952094190650516, 'weighted_R_P': 1.6134253607855902, 'cost_balance': np.float64(1.6160759723152418), 'R_T_ratio': 4.492946689329474e-05, 'R_P_ratio': 7.176266042430157e-05}
Training Iteration 609
Collecting Episode 0
Collecting Episode 10
Collecting Episode 20
Collecting Episode 30
Collecting Episode 40
Collecting Episode 50
Collecting Episode 60
Finish Collecting Episodes in 89.21 seconds
avg value loss 995.8325716654459
Iteration 610/2000 - Average Reward: 4.1093144452574455
{'AREA': np.float64(168165.3521764654), 'weighted_R_M': 3.1731202721665692, 'weighted_R_T': 1.2607251596119669, 'weighted_R_P': 1.3192723592122395, 'cost_balance': np.float64(1.6438033473130078), 'R_T_ratio': 3.7874880990121373e-05, 'R_P_ratio': 5.8683972065772745e-05}
Training Iteration 610
Collecting Episode 0
Collecting Episode 10
Collecting Episode 20
Collecting Episode 30
Collecting Episode 40
Collecting Episode 50
Collecting Episode 60
Finish Collecting Episodes in 89.13 seconds
avg value loss 1131.6640502081978
Iteration 611/2000 - Average Reward: 4.588063130239283
{'AREA': np.float64(169773.3293240852), 'weighted_R_M': 3.155705463227807, 'weighted_R_T': 1.4360011037853029, 'weighted_R_P': 1.4931182861328125, 'cost_balance': np.float64(1.4967617292721738), 'R_T_ratio': 4.315059851782278e-05, 'R_P_ratio': 6.64096478026945e-05}
Training Iteration 611
Collecting Episode 0
Collecting Episode 10
Collecting Episode 20
Collecting Episode 30
Collecting Episode 40
Collecting Episode 50
Collecting Episode 60
Finish Collecting Episodes in 89.26 seconds
avg value loss 194.79601584540472
Iteration 612/2000 - Average Reward: 4.448169522019776
{'AREA': np.float64(167906.75872216426), 'weighted_R_M': 3.196819151499161, 'weighted_R_T': 1.387717203133636, 'weighted_R_P': 1.4555617438422308, 'cost_balance': np.float64(1.5919285654890414), 'R_T_ratio': 4.16984666881994e-05, 'R_P_ratio': 6.472860542447136e-05}
Training Iteration 612
Collecting Episode 0
Collecting Episode 10
Collecting Episode 20
Collecting Episode 30
Collecting Episode 40
Collecting Episode 50
Collecting Episode 60
Finish Collecting Episodes in 89.12 seconds
avg value loss 179.2287972768148
Iteration 613/2000 - Average Reward: 4.626139965490438
{'AREA': np.float64(170762.99362989067), 'weighted_R_M': 3.1791361825365434, 'weighted_R_T': 1.4971031099557877, 'weighted_R_P': 1.4553786383734808, 'cost_balance': np.float64(1.5054779618321097), 'R_T_ratio': 4.499257539604241e-05, 'R_P_ratio': 6.472145920832784e-05}
Training Iteration 613
Collecting Episode 0
Collecting Episode 10
Collecting Episode 20
Collecting Episode 30
Collecting Episode 40
Collecting Episode 50
Collecting Episode 60
Finish Collecting Episodes in 89.25 seconds
avg value loss 205.7695829603407
Iteration 614/2000 - Average Reward: 4.659514437180608
{'AREA': np.float64(173170.05828215208), 'weighted_R_M': 3.1318883109068136, 'weighted_R_T': 1.4146148338913918, 'weighted_R_P': 1.5454177856445312, 'cost_balance': np.float64(1.432406482410964), 'R_T_ratio': 4.2507901758371945e-05, 'R_P_ratio': 6.871262717057637e-05}
Training Iteration 614
Collecting Episode 0
Collecting Episode 10
Collecting Episode 20
Collecting Episode 30
Collecting Episode 40
Collecting Episode 50
Collecting Episode 60
Finish Collecting Episodes in 89.16 seconds
avg value loss 371.5232984754774
Iteration 615/2000 - Average Reward: 4.668615927787162
{'AREA': np.float64(171728.89782030636), 'weighted_R_M': 3.352357731581429, 'weighted_R_T': 1.3977325417929225, 'weighted_R_P': 1.3483488294813368, 'cost_balance': np.float64(1.4298231681524978), 'R_T_ratio': 4.199950386425214e-05, 'R_P_ratio': 5.996455242825777e-05}
Training Iteration 615
Collecting Episode 0
Collecting Episode 10
Collecting Episode 20
Collecting Episode 30
Collecting Episode 40
Collecting Episode 50
Collecting Episode 60
Finish Collecting Episodes in 89.25 seconds
avg value loss 208.49353705512152
Iteration 616/2000 - Average Reward: 4.423327410613031
{'AREA': np.float64(173999.33580245322), 'weighted_R_M': 3.332469986865059, 'weighted_R_T': 1.3150217839413219, 'weighted_R_P': 1.3064070807562933, 'cost_balance': np.float64(1.5305714304057636), 'R_T_ratio': 3.9506458715546366e-05, 'R_P_ratio': 5.811310344107522e-05}
Training Iteration 616
Collecting Episode 0
Collecting Episode 10
Collecting Episode 20
Collecting Episode 30
Collecting Episode 40
Collecting Episode 50
Collecting Episode 60
Finish Collecting Episodes in 89.13 seconds
avg value loss 333.3094639248318
Iteration 617/2000 - Average Reward: 4.43873420587301
{'AREA': np.float64(171388.7373811939), 'weighted_R_M': 3.248286136328463, 'weighted_R_T': 1.3935731525222461, 'weighted_R_P': 1.343701680501302, 'cost_balance': np.float64(1.5468267651163057), 'R_T_ratio': 4.187289186278876e-05, 'R_P_ratio': 5.97414190674109e-05}
Training Iteration 617
Collecting Episode 0
Collecting Episode 10
Collecting Episode 20
Collecting Episode 30
Collecting Episode 40
Collecting Episode 50
Collecting Episode 60
Finish Collecting Episodes in 89.21 seconds
avg value loss 603.8216196695963
Iteration 618/2000 - Average Reward: 4.587784797975069
{'AREA': np.float64(171736.06884038963), 'weighted_R_M': 3.280225395336351, 'weighted_R_T': 1.3991305596298642, 'weighted_R_P': 1.4574411180284288, 'cost_balance': np.float64(1.549012265620904), 'R_T_ratio': 4.204005640249469e-05, 'R_P_ratio': 6.482408012026264e-05}
Training Iteration 618
Collecting Episode 0
Collecting Episode 10
Collecting Episode 20
Collecting Episode 30
Collecting Episode 40
Collecting Episode 50
Collecting Episode 60
Finish Collecting Episodes in 89.16 seconds
avg value loss 208.79317156473795
Iteration 619/2000 - Average Reward: 4.576980187784001
{'AREA': np.float64(170500.6368014435), 'weighted_R_M': 3.2685382851672227, 'weighted_R_T': 1.4500868403249316, 'weighted_R_P': 1.394102308485243, 'cost_balance': np.float64(1.5357472434562132), 'R_T_ratio': 4.357796954335444e-05, 'R_P_ratio': 6.199390118003893e-05}
Training Iteration 619
Collecting Episode 0
Collecting Episode 10
Collecting Episode 20
Collecting Episode 30
Collecting Episode 40
Collecting Episode 50
Collecting Episode 60
Finish Collecting Episodes in 89.14 seconds
avg value loss 456.75171110365125
Iteration 620/2000 - Average Reward: 5.103375571126687
{'AREA': np.float64(174092.4426123194), 'weighted_R_M': 3.382567787215319, 'weighted_R_T': 1.6141061981519063, 'weighted_R_P': 1.4992807176378038, 'cost_balance': np.float64(1.3925791343428058), 'R_T_ratio': 4.851846725561585e-05, 'R_P_ratio': 6.666436580352659e-05}
Training Iteration 620
Collecting Episode 0
Collecting Episode 10
Collecting Episode 20
Collecting Episode 30
Collecting Episode 40
Collecting Episode 50
Collecting Episode 60
Finish Collecting Episodes in 89.14 seconds
avg value loss 450.8896412319607
Iteration 621/2000 - Average Reward: 4.409966406114917
{'AREA': np.float64(171969.90965942477), 'weighted_R_M': 3.143680297360637, 'weighted_R_T': 1.3946167503794034, 'weighted_R_P': 1.3531311882866754, 'cost_balance': np.float64(1.4814618312752823), 'R_T_ratio': 4.190420503890871e-05, 'R_P_ratio': 6.0185200103313186e-05}
Training Iteration 621
Collecting Episode 0
Collecting Episode 10
Collecting Episode 20
Collecting Episode 30
Collecting Episode 40
Collecting Episode 50
Collecting Episode 60
Finish Collecting Episodes in 89.19 seconds
avg value loss 350.36510382758246
Iteration 622/2000 - Average Reward: 4.290445754233385
{'AREA': np.float64(171456.58941850587), 'weighted_R_M': 3.399043390764847, 'weighted_R_T': 1.217353467312124, 'weighted_R_P': 1.1164923773871527, 'cost_balance': np.float64(1.4424434849993033), 'R_T_ratio': 3.6572486984759763e-05, 'R_P_ratio': 4.9654034243309634e-05}
Training Iteration 622
Collecting Episode 0
Collecting Episode 10
Collecting Episode 20
Collecting Episode 30
Collecting Episode 40
Collecting Episode 50
Collecting Episode 60
Finish Collecting Episodes in 89.26 seconds
avg value loss 425.2235925462511
Iteration 623/2000 - Average Reward: 4.659601715884896
{'AREA': np.float64(172491.91206484093), 'weighted_R_M': 3.1676601944511984, 'weighted_R_T': 1.4104368173413806, 'weighted_R_P': 1.4316334194607205, 'cost_balance': np.float64(1.3501287110068378), 'R_T_ratio': 4.23834731482883e-05, 'R_P_ratio': 6.365132835745486e-05}
Training Iteration 623
Collecting Episode 0
Collecting Episode 10
Collecting Episode 20
Collecting Episode 30
Collecting Episode 40
Collecting Episode 50
Collecting Episode 60
Finish Collecting Episodes in 89.14 seconds
avg value loss 818.8190731472439
Iteration 624/2000 - Average Reward: 4.83197886135248
{'AREA': np.float64(171963.23735273958), 'weighted_R_M': 3.2963587886911734, 'weighted_R_T': 1.487343365119563, 'weighted_R_P': 1.4708947075737848, 'cost_balance': np.float64(1.422618001337776), 'R_T_ratio': 4.469232380075677e-05, 'R_P_ratio': 6.542516548149746e-05}
Training Iteration 624
Collecting Episode 0
Collecting Episode 10
Collecting Episode 20
Collecting Episode 30
Collecting Episode 40
Collecting Episode 50
Collecting Episode 60
Finish Collecting Episodes in 89.23 seconds
avg value loss 259.64583079020184
Iteration 625/2000 - Average Reward: 4.400155277030232
{'AREA': np.float64(172234.53038941644), 'weighted_R_M': 3.255288715589005, 'weighted_R_T': 1.3180584121081564, 'weighted_R_P': 1.284688737657335, 'cost_balance': np.float64(1.4578805797070402), 'R_T_ratio': 3.959659145377461e-05, 'R_P_ratio': 5.714348792092458e-05}
Training Iteration 625
Collecting Episode 0
Collecting Episode 10
Collecting Episode 20
Collecting Episode 30
Collecting Episode 40
Collecting Episode 50
Collecting Episode 60
Finish Collecting Episodes in 89.13 seconds
avg value loss 218.04359605577258
Iteration 626/2000 - Average Reward: 4.624086094709734
{'AREA': np.float64(173562.29501939384), 'weighted_R_M': 3.473961737750364, 'weighted_R_T': 1.367459384103616, 'weighted_R_P': 1.2153138054741754, 'cost_balance': np.float64(1.4326488323562565), 'R_T_ratio': 4.108453639408643e-05, 'R_P_ratio': 5.405435225116587e-05}
Training Iteration 626
Collecting Episode 0
Collecting Episode 10
Collecting Episode 20
Collecting Episode 30
Collecting Episode 40
Collecting Episode 50
Collecting Episode 60
Finish Collecting Episodes in 89.27 seconds
avg value loss 197.83660125732422
Iteration 627/2000 - Average Reward: 5.0562430380959995
{'AREA': np.float64(169391.91126981578), 'weighted_R_M': 3.26497402692611, 'weighted_R_T': 1.5186989257733028, 'weighted_R_P': 1.6595022413465712, 'cost_balance': np.float64(1.3869321561703778), 'R_T_ratio': 4.563957099614707e-05, 'R_P_ratio': 7.382625450118462e-05}
Training Iteration 627
Collecting Episode 0
Collecting Episode 10
Collecting Episode 20
Collecting Episode 30
Collecting Episode 40
Collecting Episode 50
Collecting Episode 60
Finish Collecting Episodes in 89.16 seconds
avg value loss 743.8709873623318
Iteration 628/2000 - Average Reward: 4.5283418411595955
{'AREA': np.float64(171559.58618233423), 'weighted_R_M': 3.2647720406731526, 'weighted_R_T': 1.455203939643171, 'weighted_R_P': 1.3875071207682292, 'cost_balance': np.float64(1.5791412520169734), 'R_T_ratio': 4.3728259745802624e-05, 'R_P_ratio': 6.170701178066475e-05}
Training Iteration 628
Collecting Episode 0
Collecting Episode 10
Collecting Episode 20
Collecting Episode 30
Collecting Episode 40
Collecting Episode 50
Collecting Episode 60
Finish Collecting Episodes in 89.27 seconds
avg value loss 793.3933448791504
Iteration 629/2000 - Average Reward: 4.883290900020963
{'AREA': np.float64(175607.1440811781), 'weighted_R_M': 3.452457117095643, 'weighted_R_T': 1.4132644169860415, 'weighted_R_P': 1.398729960123698, 'cost_balance': np.float64(1.3811606069587397), 'R_T_ratio': 4.247107275313756e-05, 'R_P_ratio': 6.216934273299711e-05}
Training Iteration 629
Collecting Episode 0
Collecting Episode 10
Collecting Episode 20
Collecting Episode 30
Collecting Episode 40
Collecting Episode 50
Collecting Episode 60
Finish Collecting Episodes in 89.18 seconds
avg value loss 277.42022196451825
Iteration 630/2000 - Average Reward: 4.867497821726526
{'AREA': np.float64(172795.9220054415), 'weighted_R_M': 3.394934307767067, 'weighted_R_T': 1.4789547349015872, 'weighted_R_P': 1.5505833095974393, 'cost_balance': np.float64(1.5569745259275043), 'R_T_ratio': 4.444209520935377e-05, 'R_P_ratio': 6.896534258560449e-05}
Training Iteration 630
Collecting Episode 0
Collecting Episode 10
Collecting Episode 20
Collecting Episode 30
Collecting Episode 40
Collecting Episode 50
Collecting Episode 60
Finish Collecting Episodes in 89.24 seconds
avg value loss 448.05178281995984
Iteration 631/2000 - Average Reward: 4.732563286980924
{'AREA': np.float64(170824.54198808572), 'weighted_R_M': 3.299829309863526, 'weighted_R_T': 1.4805871380700006, 'weighted_R_P': 1.4848361545138888, 'cost_balance': np.float64(1.5326893145825873), 'R_T_ratio': 4.448820276618032e-05, 'R_P_ratio': 6.60421281107943e-05}
Training Iteration 631
Collecting Episode 0
Collecting Episode 10
Collecting Episode 20
Collecting Episode 30
Collecting Episode 40
Collecting Episode 50
Collecting Episode 60
Finish Collecting Episodes in 89.15 seconds
avg value loss 220.9591827392578
Iteration 632/2000 - Average Reward: 4.3725904450143895
{'AREA': np.float64(172217.1067291268), 'weighted_R_M': 3.3126243739771883, 'weighted_R_T': 1.2780596613883972, 'weighted_R_P': 1.2988332112630208, 'cost_balance': np.float64(1.5169267968447717), 'R_T_ratio': 3.839509765831787e-05, 'R_P_ratio': 5.7778358723801275e-05}
Training Iteration 632
Collecting Episode 0
Collecting Episode 10
Collecting Episode 20
Collecting Episode 30
Collecting Episode 40
Collecting Episode 50
Collecting Episode 60
Finish Collecting Episodes in 89.23 seconds
avg value loss 260.29682540893555
Iteration 633/2000 - Average Reward: 5.268336232402362
{'AREA': np.float64(174229.52315364563), 'weighted_R_M': 3.3546036869379727, 'weighted_R_T': 1.6207610153489642, 'weighted_R_P': 1.6752713521321614, 'cost_balance': np.float64(1.382299814927802), 'R_T_ratio': 4.87139835393175e-05, 'R_P_ratio': 7.451481543479614e-05}
Training Iteration 633
Collecting Episode 0
Collecting Episode 10
Collecting Episode 20
Collecting Episode 30
Collecting Episode 40
Collecting Episode 50
Collecting Episode 60
Finish Collecting Episodes in 89.15 seconds
avg value loss 270.69201278686523
Iteration 634/2000 - Average Reward: 4.961996302720056
{'AREA': np.float64(173674.7424000107), 'weighted_R_M': 3.4255770123027105, 'weighted_R_T': 1.5076472320490413, 'weighted_R_P': 1.3947007921006944, 'cost_balance': np.float64(1.3659287306221837), 'R_T_ratio': 4.531206331190924e-05, 'R_P_ratio': 6.202699298149077e-05}
Training Iteration 634
Collecting Episode 0
Collecting Episode 10
Collecting Episode 20
Collecting Episode 30
Collecting Episode 40
Collecting Episode 50
Collecting Episode 60
Finish Collecting Episodes in 89.19 seconds
avg value loss 338.76253424750433
Iteration 635/2000 - Average Reward: 4.971467926677885
{'AREA': np.float64(183722.3917471299), 'weighted_R_M': 3.4774172275894872, 'weighted_R_T': 1.3214194517996576, 'weighted_R_P': 1.3775948418511286, 'cost_balance': np.float64(1.2049635918310893), 'R_T_ratio': 3.969967616478264e-05, 'R_P_ratio': 6.123000637043513e-05}
Training Iteration 635
Collecting Episode 0
Collecting Episode 10
Collecting Episode 20
Collecting Episode 30
Collecting Episode 40
Collecting Episode 50
Collecting Episode 60
Finish Collecting Episodes in 89.25 seconds
avg value loss 1033.61743566725
Iteration 636/2000 - Average Reward: 5.063646636444092
{'AREA': np.float64(174528.23584118375), 'weighted_R_M': 3.3969622073015366, 'weighted_R_T': 1.3929941803216934, 'weighted_R_P': 1.5836465623643663, 'cost_balance': np.float64(1.3099563052213643), 'R_T_ratio': 4.186062526346759e-05, 'R_P_ratio': 7.040898018716312e-05}
Training Iteration 636
Collecting Episode 0
Collecting Episode 10
Collecting Episode 20
Collecting Episode 30
Collecting Episode 40
Collecting Episode 50
Collecting Episode 60
Finish Collecting Episodes in 89.15 seconds
avg value loss 370.72112867567273
Iteration 637/2000 - Average Reward: 4.5874102036209985
{'AREA': np.float64(175623.97101833706), 'weighted_R_M': 3.3280691822367063, 'weighted_R_T': 1.3441711473796103, 'weighted_R_P': 1.2957093980577257, 'cost_balance': np.float64(1.3805395265318483), 'R_T_ratio': 4.0385709294256854e-05, 'R_P_ratio': 5.762508526496426e-05}
Training Iteration 637
Collecting Episode 0
Collecting Episode 10
Collecting Episode 20
Collecting Episode 30
Collecting Episode 40
Collecting Episode 50
Collecting Episode 60
Finish Collecting Episodes in 89.27 seconds
avg value loss 194.88882319132486
Iteration 638/2000 - Average Reward: 5.029099760512407
{'AREA': np.float64(180264.51598162542), 'weighted_R_M': 3.4222713721044076, 'weighted_R_T': 1.4483959707948897, 'weighted_R_P': 1.4171922471788194, 'cost_balance': np.float64(1.2587598303391057), 'R_T_ratio': 4.3525509415714365e-05, 'R_P_ratio': 6.300269918270275e-05}
Training Iteration 638
Collecting Episode 0
Collecting Episode 10
Collecting Episode 20
Collecting Episode 30
Collecting Episode 40
Collecting Episode 50
Collecting Episode 60
Finish Collecting Episodes in 89.17 seconds
avg value loss 289.1558545430501
Iteration 639/2000 - Average Reward: 4.886582893888569
{'AREA': np.float64(175537.72328325798), 'weighted_R_M': 3.2962064378649907, 'weighted_R_T': 1.4852577199538548, 'weighted_R_P': 1.5195346408420138, 'cost_balance': np.float64(1.4144159213200878), 'R_T_ratio': 4.463723802599875e-05, 'R_P_ratio': 6.754304882407765e-05}
Training Iteration 639
Collecting Episode 0
Collecting Episode 10
Collecting Episode 20
Collecting Episode 30
Collecting Episode 40
Collecting Episode 50
Collecting Episode 60
Finish Collecting Episodes in 89.27 seconds
avg value loss 227.767761654324
Iteration 640/2000 - Average Reward: 4.645025113390552
{'AREA': np.float64(182807.81369522077), 'weighted_R_M': 3.2075282834450465, 'weighted_R_T': 1.299280362824599, 'weighted_R_P': 1.4005843268500433, 'cost_balance': np.float64(1.2623678481674971), 'R_T_ratio': 3.903203004542043e-05, 'R_P_ratio': 6.226997989441775e-05}
Checkpoint saved to checkpoints/ckpt_single_shared_attention_640_4.65.pt
Training Iteration 640
Collecting Episode 0
Collecting Episode 10
Collecting Episode 20
Collecting Episode 30
Collecting Episode 40
Collecting Episode 50
Collecting Episode 60
Finish Collecting Episodes in 89.14 seconds
avg value loss 238.8294826083713
Iteration 641/2000 - Average Reward: 4.8574384165242215
{'AREA': np.float64(178450.64088957402), 'weighted_R_M': 3.2140446816574695, 'weighted_R_T': 1.4196144847406282, 'weighted_R_P': 1.5371097988552518, 'cost_balance': np.float64(1.3133305577133687), 'R_T_ratio': 4.265823098335533e-05, 'R_P_ratio': 6.833978751998963e-05}
Training Iteration 641
Collecting Episode 0
Collecting Episode 10
Collecting Episode 20
Collecting Episode 30
Collecting Episode 40
Collecting Episode 50
Collecting Episode 60
Finish Collecting Episodes in 89.30 seconds
avg value loss 377.2468032836914
Iteration 642/2000 - Average Reward: 4.6968927732216095
{'AREA': np.float64(174058.38406650804), 'weighted_R_M': 3.4440716960703464, 'weighted_R_T': 1.4352932969729106, 'weighted_R_P': 1.2886509365505643, 'cost_balance': np.float64(1.471123158212166), 'R_T_ratio': 4.312723887008504e-05, 'R_P_ratio': 5.730628326092014e-05}
Training Iteration 642
Collecting Episode 0
Collecting Episode 10
Collecting Episode 20
Collecting Episode 30
Collecting Episode 40
Collecting Episode 50
Collecting Episode 60
Finish Collecting Episodes in 89.17 seconds
avg value loss 424.24214469061957
Iteration 643/2000 - Average Reward: 5.1807479448357805
{'AREA': np.float64(181172.37704215545), 'weighted_R_M': 3.625969888890116, 'weighted_R_T': 1.4534359789556928, 'weighted_R_P': 1.428243425157335, 'cost_balance': np.float64(1.3269013387786868), 'R_T_ratio': 4.367092526687729e-05, 'R_P_ratio': 6.352773013161407e-05}
Training Iteration 643
Collecting Episode 0
Collecting Episode 10
Collecting Episode 20
Collecting Episode 30
Collecting Episode 40
Collecting Episode 50
Collecting Episode 60
Finish Collecting Episodes in 89.27 seconds
avg value loss 856.7842008802626
Iteration 644/2000 - Average Reward: 4.693881174827563
{'AREA': np.float64(179068.04399575785), 'weighted_R_M': 3.287312626877489, 'weighted_R_T': 1.4114281576540735, 'weighted_R_P': 1.377900865342882, 'cost_balance': np.float64(1.3827604917507517), 'R_T_ratio': 4.2409037462091494e-05, 'R_P_ratio': 6.127473441983672e-05}
Training Iteration 644
Collecting Episode 0
Collecting Episode 10
Collecting Episode 20
Collecting Episode 30
Collecting Episode 40
Collecting Episode 50
Collecting Episode 60
Finish Collecting Episodes in 89.17 seconds
avg value loss 557.0578257242838
Iteration 645/2000 - Average Reward: 5.087646649924055
{'AREA': np.float64(182268.1987669705), 'weighted_R_M': 3.578083478685383, 'weighted_R_T': 1.4411399356193013, 'weighted_R_P': 1.3427297804090712, 'cost_balance': np.float64(1.2743065492718721), 'R_T_ratio': 4.330145082387074e-05, 'R_P_ratio': 5.971240246158138e-05}
Training Iteration 645
Collecting Episode 0
Collecting Episode 10
Collecting Episode 20
Collecting Episode 30
Collecting Episode 40
Collecting Episode 50
Collecting Episode 60
Finish Collecting Episodes in 89.26 seconds
avg value loss 652.9275788201226
Iteration 646/2000 - Average Reward: 4.763447781704599
{'AREA': np.float64(176160.0521524337), 'weighted_R_M': 3.3960931745097898, 'weighted_R_T': 1.3808797432316675, 'weighted_R_P': 1.35538821750217, 'cost_balance': np.float64(1.3689133573180674), 'R_T_ratio': 4.1489461653384766e-05, 'R_P_ratio': 6.0255947230164475e-05}
Training Iteration 646
Collecting Episode 0
Collecting Episode 10
Collecting Episode 20
Collecting Episode 30
Collecting Episode 40
Collecting Episode 50
Collecting Episode 60
Finish Collecting Episodes in 89.14 seconds
avg value loss 224.89694595336914
Iteration 647/2000 - Average Reward: 4.978766694697293
{'AREA': np.float64(178526.52016762958), 'weighted_R_M': 3.4909163294417644, 'weighted_R_T': 1.420040821035703, 'weighted_R_P': 1.3010779486762152, 'cost_balance': np.float64(1.233268405213032), 'R_T_ratio': 4.266575989991497e-05, 'R_P_ratio': 5.787223095817282e-05}
Training Iteration 647
Collecting Episode 0
Collecting Episode 10
Collecting Episode 20
Collecting Episode 30
Collecting Episode 40
Collecting Episode 50
Collecting Episode 60
Finish Collecting Episodes in 89.25 seconds
avg value loss 317.7666579352485
Iteration 648/2000 - Average Reward: 5.103473209090428
{'AREA': np.float64(180072.92042519714), 'weighted_R_M': 3.4951958582215514, 'weighted_R_T': 1.5092237525516086, 'weighted_R_P': 1.3905025058322482, 'cost_balance': np.float64(1.2914489114079777), 'R_T_ratio': 4.5354136666555155e-05, 'R_P_ratio': 6.183237360385396e-05}
Training Iteration 648
Collecting Episode 0
Collecting Episode 10
Collecting Episode 20
Collecting Episode 30
Collecting Episode 40
Collecting Episode 50
Collecting Episode 60
Finish Collecting Episodes in 89.37 seconds
avg value loss 377.4275932312012
Iteration 649/2000 - Average Reward: 5.056664599959428
{'AREA': np.float64(174565.6846005459), 'weighted_R_M': 3.375482511884305, 'weighted_R_T': 1.5014534186985757, 'weighted_R_P': 1.4734420776367188, 'cost_balance': np.float64(1.2937134084074253), 'R_T_ratio': 4.512000598475008e-05, 'R_P_ratio': 6.554422862239641e-05}
Training Iteration 649
Collecting Episode 0
Collecting Episode 10
Collecting Episode 20
Collecting Episode 30
Collecting Episode 40
Collecting Episode 50
Collecting Episode 60
Finish Collecting Episodes in 89.19 seconds
avg value loss 242.71185853746204
Iteration 650/2000 - Average Reward: 4.859374541495021
{'AREA': np.float64(180514.69776319803), 'weighted_R_M': 3.5031348192236087, 'weighted_R_T': 1.3301987192696996, 'weighted_R_P': 1.2963485717773438, 'cost_balance': np.float64(1.2703075718839865), 'R_T_ratio': 3.996180363350119e-05, 'R_P_ratio': 5.762379144454155e-05}
Training Iteration 650
Collecting Episode 0
Collecting Episode 10
Collecting Episode 20
Collecting Episode 30
Collecting Episode 40
Collecting Episode 50
Collecting Episode 60
Finish Collecting Episodes in 89.27 seconds
avg value loss 341.5353715684679
Iteration 651/2000 - Average Reward: 5.096901249470345
{'AREA': np.float64(179042.4932670122), 'weighted_R_M': 3.499270011837527, 'weighted_R_T': 1.501747819284598, 'weighted_R_P': 1.4645394219292536, 'cost_balance': np.float64(1.3686560171966604), 'R_T_ratio': 4.512347932310158e-05, 'R_P_ratio': 6.513304651067765e-05}
Training Iteration 651
Collecting Episode 0
Collecting Episode 10
Collecting Episode 20
Collecting Episode 30
Collecting Episode 40
Collecting Episode 50
Collecting Episode 60
Finish Collecting Episodes in 89.21 seconds
avg value loss 217.37085511949329
Iteration 652/2000 - Average Reward: 5.141086723862423
{'AREA': np.float64(178511.9190869827), 'weighted_R_M': 3.503272243445483, 'weighted_R_T': 1.5207442136274443, 'weighted_R_P': 1.4947090148925781, 'cost_balance': np.float64(1.3776387376723673), 'R_T_ratio': 4.569965691209352e-05, 'R_P_ratio': 6.647199483869295e-05}
Training Iteration 652
Collecting Episode 0
Collecting Episode 10
Collecting Episode 20
Collecting Episode 30
Collecting Episode 40
Collecting Episode 50
Collecting Episode 60
Finish Collecting Episodes in 89.27 seconds
avg value loss 371.57855860392254
Iteration 653/2000 - Average Reward: 5.121544530282133
{'AREA': np.float64(179866.38023226595), 'weighted_R_M': 3.4374119448514953, 'weighted_R_T': 1.453089837398794, 'weighted_R_P': 1.4618453979492188, 'cost_balance': np.float64(1.2308026482342673), 'R_T_ratio': 4.366587444487128e-05, 'R_P_ratio': 6.500905154212717e-05}
Training Iteration 653
Collecting Episode 0
Collecting Episode 10
Collecting Episode 20
Collecting Episode 30
Collecting Episode 40
Collecting Episode 50
Collecting Episode 60
Finish Collecting Episodes in 89.19 seconds
avg value loss 477.5704811943902
Iteration 654/2000 - Average Reward: 5.460086696140934
{'AREA': np.float64(180594.83521760267), 'weighted_R_M': 3.6661152584629995, 'weighted_R_T': 1.5216760536034901, 'weighted_R_P': 1.5468148125542536, 'cost_balance': np.float64(1.2745194294769475), 'R_T_ratio': 4.5733541232584945e-05, 'R_P_ratio': 6.87700461745137e-05}
Training Iteration 654
Collecting Episode 0
Collecting Episode 10
Collecting Episode 20
Collecting Episode 30
Collecting Episode 40
Collecting Episode 50
Collecting Episode 60
Finish Collecting Episodes in 89.28 seconds
avg value loss 451.5380677117242
Iteration 655/2000 - Average Reward: 5.045877256560036
{'AREA': np.float64(178015.4463349184), 'weighted_R_M': 3.773051889625094, 'weighted_R_T': 1.3869752478268411, 'weighted_R_P': 1.1160948011610243, 'cost_balance': np.float64(1.2302446736350199), 'R_T_ratio': 4.167133292255765e-05, 'R_P_ratio': 4.962352853267923e-05}
Training Iteration 655
Collecting Episode 0
Collecting Episode 10
Collecting Episode 20
Collecting Episode 30
Collecting Episode 40
Collecting Episode 50
Collecting Episode 60
Finish Collecting Episodes in 89.20 seconds
avg value loss 544.4967244466146
Iteration 656/2000 - Average Reward: 5.535469743691566
{'AREA': np.float64(176471.1481362836), 'weighted_R_M': 3.653234992102221, 'weighted_R_T': 1.6757897618744109, 'weighted_R_P': 1.4799474080403645, 'cost_balance': np.float64(1.2735024110123152), 'R_T_ratio': 5.036866153807865e-05, 'R_P_ratio': 6.583462690137259e-05}
Training Iteration 656
Collecting Episode 0
Collecting Episode 10
Collecting Episode 20
Collecting Episode 30
Collecting Episode 40
Collecting Episode 50
Collecting Episode 60
Finish Collecting Episodes in 89.23 seconds
avg value loss 727.2904260423448
Iteration 657/2000 - Average Reward: 4.855232803952983
{'AREA': np.float64(175936.8102811691), 'weighted_R_M': 3.5478172337181046, 'weighted_R_T': 1.3837802939944797, 'weighted_R_P': 1.3595297071668837, 'cost_balance': np.float64(1.4358944253613768), 'R_T_ratio': 4.1581379006320564e-05, 'R_P_ratio': 6.045267925258261e-05}
Training Iteration 657
Collecting Episode 0
Collecting Episode 10
Collecting Episode 20
Collecting Episode 30
Collecting Episode 40
Collecting Episode 50
Collecting Episode 60
Finish Collecting Episodes in 89.19 seconds
avg value loss 312.42309273613824
Iteration 658/2000 - Average Reward: 5.1745351643573185
{'AREA': np.float64(178791.8553713987), 'weighted_R_M': 3.712289320435098, 'weighted_R_T': 1.5774286455578275, 'weighted_R_P': 1.2852965460883246, 'cost_balance': np.float64(1.4004793628172205), 'R_T_ratio': 4.740657090509156e-05, 'R_P_ratio': 5.7160145454271086e-05}
Training Iteration 658
Collecting Episode 0
Collecting Episode 10
Collecting Episode 20
Collecting Episode 30
Collecting Episode 40
Collecting Episode 50
Collecting Episode 60
Finish Collecting Episodes in 89.24 seconds
avg value loss 540.0340648227268
Iteration 659/2000 - Average Reward: 5.148038151816258
{'AREA': np.float64(178278.11068269936), 'weighted_R_M': 3.8318890395686744, 'weighted_R_T': 1.4387205665310223, 'weighted_R_P': 1.2624850802951388, 'cost_balance': np.float64(1.3850565497342113), 'R_T_ratio': 4.322886839868176e-05, 'R_P_ratio': 5.614071134382571e-05}
Training Iteration 659
Collecting Episode 0
Collecting Episode 10
Collecting Episode 20
Collecting Episode 30
Collecting Episode 40
Collecting Episode 50
Collecting Episode 60
Finish Collecting Episodes in 89.20 seconds
avg value loss 303.2102165222168
Iteration 660/2000 - Average Reward: 5.525687064503371
{'AREA': np.float64(177131.21178936402), 'weighted_R_M': 3.7453837253698214, 'weighted_R_T': 1.6635340741939015, 'weighted_R_P': 1.4431885613335504, 'cost_balance': np.float64(1.3264192875260379), 'R_T_ratio': 5.0004248971923425e-05, 'R_P_ratio': 6.419376291821877e-05}
Training Iteration 660
Collecting Episode 0
Collecting Episode 10
Collecting Episode 20
Collecting Episode 30
Collecting Episode 40
Collecting Episode 50
Collecting Episode 60
Finish Collecting Episodes in 89.18 seconds
avg value loss 233.16068691677518
Iteration 661/2000 - Average Reward: 5.288130928898075
{'AREA': np.float64(176989.72829170883), 'weighted_R_M': 3.5928556391103887, 'weighted_R_T': 1.556867112716039, 'weighted_R_P': 1.4829983181423612, 'cost_balance': np.float64(1.3445901497667532), 'R_T_ratio': 4.678789981008322e-05, 'R_P_ratio': 6.595830993271706e-05}
Training Iteration 661
Collecting Episode 0
Collecting Episode 10
Collecting Episode 20
Collecting Episode 30
Collecting Episode 40
Collecting Episode 50
Collecting Episode 60
Finish Collecting Episodes in 89.32 seconds
avg value loss 576.8494775560167
Iteration 662/2000 - Average Reward: 5.115556115459185
{'AREA': np.float64(181188.1949821001), 'weighted_R_M': 3.6194446065390165, 'weighted_R_T': 1.4097579858369298, 'weighted_R_P': 1.418532477484809, 'cost_balance': np.float64(1.3321789551647716), 'R_T_ratio': 4.2354884347003655e-05, 'R_P_ratio': 6.307378875556695e-05}
Training Iteration 662
Collecting Episode 0
Collecting Episode 10
Collecting Episode 20
Collecting Episode 30
Collecting Episode 40
Collecting Episode 50
Collecting Episode 60
Finish Collecting Episodes in 89.15 seconds
avg value loss 1436.8048629760742
Iteration 663/2000 - Average Reward: 5.41628480391551
{'AREA': np.float64(180878.35691290966), 'weighted_R_M': 3.5986127334432845, 'weighted_R_T': 1.5540353746877775, 'weighted_R_P': 1.4997033013237848, 'cost_balance': np.float64(1.236066599207354), 'R_T_ratio': 4.670036191696999e-05, 'R_P_ratio': 6.669909680449992e-05}
Training Iteration 663
Collecting Episode 0
Collecting Episode 10
Collecting Episode 20
Collecting Episode 30
Collecting Episode 40
Collecting Episode 50
Collecting Episode 60
Finish Collecting Episodes in 89.27 seconds
avg value loss 299.7364256117079
Iteration 664/2000 - Average Reward: 5.382686412641003
{'AREA': np.float64(178552.50562351453), 'weighted_R_M': 3.689499128795938, 'weighted_R_T': 1.58242932955424, 'weighted_R_P': 1.5221905178493924, 'cost_balance': np.float64(1.4114325699668333), 'R_T_ratio': 4.755827513810059e-05, 'R_P_ratio': 6.767986110402709e-05}
Training Iteration 664
Collecting Episode 0
Collecting Episode 10
Collecting Episode 20
Collecting Episode 30
Collecting Episode 40
Collecting Episode 50
Collecting Episode 60
Finish Collecting Episodes in 89.17 seconds
avg value loss 199.25941636827258
Iteration 665/2000 - Average Reward: 5.390620022061436
{'AREA': np.float64(176873.9554371288), 'weighted_R_M': 3.6425732946404423, 'weighted_R_T': 1.6117991068296962, 'weighted_R_P': 1.491655985514323, 'cost_balance': np.float64(1.3554083776563424), 'R_T_ratio': 4.844390324562014e-05, 'R_P_ratio': 6.631460192975546e-05}
Training Iteration 665
Collecting Episode 0
Collecting Episode 10
Collecting Episode 20
Collecting Episode 30
Collecting Episode 40
Collecting Episode 50
Collecting Episode 60
Finish Collecting Episodes in 89.30 seconds
avg value loss 228.7648845248752
Iteration 666/2000 - Average Reward: 5.430611581991091
{'AREA': np.float64(178077.50866191453), 'weighted_R_M': 3.7253298906275125, 'weighted_R_T': 1.5852429585324392, 'weighted_R_P': 1.4373224046495225, 'cost_balance': np.float64(1.3172836872080045), 'R_T_ratio': 4.763894558986829e-05, 'R_P_ratio': 6.391495428739426e-05}
Training Iteration 666
Collecting Episode 0
Collecting Episode 10
Collecting Episode 20
Collecting Episode 30
Collecting Episode 40
Collecting Episode 50
Collecting Episode 60
Finish Collecting Episodes in 89.18 seconds
avg value loss 457.3896891276042
Iteration 667/2000 - Average Reward: 5.298996635842034
{'AREA': np.float64(181450.31771660887), 'weighted_R_M': 3.739774025165692, 'weighted_R_T': 1.4828926780157619, 'weighted_R_P': 1.3463605244954426, 'cost_balance': np.float64(1.2700305963630862), 'R_T_ratio': 4.4565323978362154e-05, 'R_P_ratio': 5.985417238599553e-05}
Training Iteration 667
Collecting Episode 0
Collecting Episode 10
Collecting Episode 20
Collecting Episode 30
Collecting Episode 40
Collecting Episode 50
Collecting Episode 60
Finish Collecting Episodes in 89.30 seconds
avg value loss 276.04269154866535
Iteration 668/2000 - Average Reward: 5.455822136702611
{'AREA': np.float64(177408.41344212956), 'weighted_R_M': 3.6140431531634425, 'weighted_R_T': 1.5980641659763124, 'weighted_R_P': 1.5704171922471788, 'cost_balance': np.float64(1.3267023818960435), 'R_T_ratio': 4.802526832285097e-05, 'R_P_ratio': 6.986232028343019e-05}
Training Iteration 668
Collecting Episode 0
Collecting Episode 10
Collecting Episode 20
Collecting Episode 30
Collecting Episode 40
Collecting Episode 50
Collecting Episode 60
Finish Collecting Episodes in 89.25 seconds
avg value loss 177.36282263861762
Iteration 669/2000 - Average Reward: 5.017347878326998
{'AREA': np.float64(176129.67885285153), 'weighted_R_M': 3.3174452356813617, 'weighted_R_T': 1.550323537654347, 'weighted_R_P': 1.5849600897894964, 'cost_balance': np.float64(1.4353809842283396), 'R_T_ratio': 4.659056733545244e-05, 'R_P_ratio': 7.048543677749973e-05}
Training Iteration 669
Collecting Episode 0
Collecting Episode 10
Collecting Episode 20
Collecting Episode 30
Collecting Episode 40
Collecting Episode 50
Collecting Episode 60
Finish Collecting Episodes in 89.26 seconds
avg value loss 244.60525300767688
Iteration 670/2000 - Average Reward: 5.453620705950824
{'AREA': np.float64(179723.08665053872), 'weighted_R_M': 3.515716193157358, 'weighted_R_T': 1.512779853410191, 'weighted_R_P': 1.6400973002115886, 'cost_balance': np.float64(1.2149726415278168), 'R_T_ratio': 4.5458818659209634e-05, 'R_P_ratio': 7.29452820962077e-05}
Training Iteration 670
Collecting Episode 0
Collecting Episode 10
Collecting Episode 20
Collecting Episode 30
Collecting Episode 40
Collecting Episode 50
Collecting Episode 60
Finish Collecting Episodes in 89.15 seconds
avg value loss 303.52239481608075
Iteration 671/2000 - Average Reward: 5.264298118088239
{'AREA': np.float64(185649.86627846732), 'weighted_R_M': 3.6000251988313416, 'weighted_R_T': 1.430298304392232, 'weighted_R_P': 1.4113214280870225, 'cost_balance': np.float64(1.177346816332453), 'R_T_ratio': 4.298142253284725e-05, 'R_P_ratio': 6.271885309719493e-05}
Training Iteration 671
Collecting Episode 0
Collecting Episode 10
Collecting Episode 20
Collecting Episode 30
Collecting Episode 40
Collecting Episode 50
Collecting Episode 60
Finish Collecting Episodes in 89.15 seconds
avg value loss 202.91419304741754
Iteration 672/2000 - Average Reward: 5.630264489491108
{'AREA': np.float64(176232.95945931654), 'weighted_R_M': 3.4238202645612748, 'weighted_R_T': 1.6957205832004547, 'weighted_R_P': 1.750960456000434, 'cost_balance': np.float64(1.2402368168480393), 'R_T_ratio': 5.097020588958828e-05, 'R_P_ratio': 7.784885974824709e-05}
Training Iteration 672
Collecting Episode 0
Collecting Episode 10
Collecting Episode 20
Collecting Episode 30
Collecting Episode 40
Collecting Episode 50
Collecting Episode 60
Finish Collecting Episodes in 89.25 seconds
avg value loss 564.0602077907986
Iteration 673/2000 - Average Reward: 5.464424081017366
{'AREA': np.float64(182022.45168642668), 'weighted_R_M': 3.769855684386812, 'weighted_R_T': 1.521207806136873, 'weighted_R_P': 1.4037301805284288, 'cost_balance': np.float64(1.2303696063535845), 'R_T_ratio': 4.5714283414118505e-05, 'R_P_ratio': 6.238889637675178e-05}
Training Iteration 673
Collecting Episode 0
Collecting Episode 10
Collecting Episode 20
Collecting Episode 30
Collecting Episode 40
Collecting Episode 50
Collecting Episode 60
Finish Collecting Episodes in 89.18 seconds
avg value loss 552.6303342183431
Iteration 674/2000 - Average Reward: 5.637854730183284
{'AREA': np.float64(181694.45423303626), 'weighted_R_M': 3.5825260685565024, 'weighted_R_T': 1.6685606299175157, 'weighted_R_P': 1.6321495903862848, 'cost_balance': np.float64(1.2453815556811112), 'R_T_ratio': 5.015479762333291e-05, 'R_P_ratio': 7.255782992570619e-05}
Training Iteration 674
Collecting Episode 0
Collecting Episode 10
Collecting Episode 20
Collecting Episode 30
Collecting Episode 40
Collecting Episode 50
Collecting Episode 60
Finish Collecting Episodes in 89.28 seconds
avg value loss 388.5120129055447
Iteration 675/2000 - Average Reward: 5.796285313709329
{'AREA': np.float64(178929.3671828835), 'weighted_R_M': 3.569492605208274, 'weighted_R_T': 1.6827601922882929, 'weighted_R_P': 1.7376831902398004, 'cost_balance': np.float64(1.1936506708886174), 'R_T_ratio': 5.057953304963805e-05, 'R_P_ratio': 7.726921635992861e-05}
Training Iteration 675
Collecting Episode 0
Collecting Episode 10
Collecting Episode 20
Collecting Episode 30
Collecting Episode 40
Collecting Episode 50
Collecting Episode 60
Finish Collecting Episodes in 89.20 seconds
avg value loss 187.05263985527887
Iteration 676/2000 - Average Reward: 5.705794247979712
{'AREA': np.float64(181899.44048662874), 'weighted_R_M': 3.6947986085578908, 'weighted_R_T': 1.6372200722495716, 'weighted_R_P': 1.6185264587402344, 'cost_balance': np.float64(1.2447508983212918), 'R_T_ratio': 4.920347340259102e-05, 'R_P_ratio': 7.19835653522411e-05}
Training Iteration 676
Collecting Episode 0
Collecting Episode 10
Collecting Episode 20
Collecting Episode 30
Collecting Episode 40
Collecting Episode 50
Collecting Episode 60
Finish Collecting Episodes in 89.29 seconds
avg value loss 205.24423832363553
Iteration 677/2000 - Average Reward: 5.876016904431809
{'AREA': np.float64(179959.9430664579), 'weighted_R_M': 3.5038461900819837, 'weighted_R_T': 1.7852610407604113, 'weighted_R_P': 1.7506777445475261, 'cost_balance': np.float64(1.163768056497475), 'R_T_ratio': 5.367089408307558e-05, 'R_P_ratio': 7.783545505891633e-05}
Training Iteration 677
Collecting Episode 0
Collecting Episode 10
Collecting Episode 20
Collecting Episode 30
Collecting Episode 40
Collecting Episode 50
Collecting Episode 60
Finish Collecting Episodes in 89.17 seconds
avg value loss 308.471558464898
Iteration 678/2000 - Average Reward: 5.508688386277451
{'AREA': np.float64(174613.77367521648), 'weighted_R_M': 3.6058390909866427, 'weighted_R_T': 1.6204521266950502, 'weighted_R_P': 1.5665660434299045, 'cost_balance': np.float64(1.2841688716530553), 'R_T_ratio': 4.870440925837537e-05, 'R_P_ratio': 6.965830873682337e-05}
Training Iteration 678
Collecting Episode 0
Collecting Episode 10
Collecting Episode 20
Collecting Episode 30
Collecting Episode 40
Collecting Episode 50
Collecting Episode 60
Finish Collecting Episodes in 89.26 seconds
avg value loss 893.4693340725369
Iteration 679/2000 - Average Reward: 5.822080035997917
{'AREA': np.float64(177280.29720537187), 'weighted_R_M': 3.5960815722964603, 'weighted_R_T': 1.8051349487569597, 'weighted_R_P': 1.7208188374837239, 'cost_balance': np.float64(1.2999553201831775), 'R_T_ratio': 5.42640440630617e-05, 'R_P_ratio': 7.654138506864922e-05}
Training Iteration 679
Collecting Episode 0
Collecting Episode 10
Collecting Episode 20
Collecting Episode 30
Collecting Episode 40
Collecting Episode 50
Collecting Episode 60
Finish Collecting Episodes in 89.17 seconds
avg value loss 653.7841016981337
Iteration 680/2000 - Average Reward: 5.319901918947128
{'AREA': np.float64(180347.06699962934), 'weighted_R_M': 3.4852469627285245, 'weighted_R_T': 1.5676026766498883, 'weighted_R_P': 1.6131180657280817, 'cost_balance': np.float64(1.3460657794707547), 'R_T_ratio': 4.7111913884032635e-05, 'R_P_ratio': 7.171225556324341e-05}
Checkpoint saved to checkpoints/ckpt_single_shared_attention_680_5.32.pt
Training Iteration 680
Collecting Episode 0
Collecting Episode 10
Collecting Episode 20
Collecting Episode 30
Collecting Episode 40
Collecting Episode 50
Collecting Episode 60
Finish Collecting Episodes in 89.33 seconds
avg value loss 363.7038417392307
Iteration 681/2000 - Average Reward: 6.24490456474531
{'AREA': np.float64(178382.01279669083), 'weighted_R_M': 3.7706593542287186, 'weighted_R_T': 1.7821918146477804, 'weighted_R_P': 1.7302042643229167, 'cost_balance': np.float64(1.0381508577095473), 'R_T_ratio': 5.357734942908507e-05, 'R_P_ratio': 7.692898700793298e-05}
Training Iteration 681
Collecting Episode 0
Collecting Episode 10
Collecting Episode 20
Collecting Episode 30
Collecting Episode 40
Collecting Episode 50
Collecting Episode 60
Finish Collecting Episodes in 89.20 seconds
avg value loss 240.31978183322482
Iteration 682/2000 - Average Reward: 5.744610935726087
{'AREA': np.float64(178071.33312077905), 'weighted_R_M': 3.5183117207907344, 'weighted_R_T': 1.6753184091713693, 'weighted_R_P': 1.7093798319498699, 'cost_balance': np.float64(1.1583990153682575), 'R_T_ratio': 5.0354848467500874e-05, 'R_P_ratio': 7.600777456118664e-05}
Training Iteration 682
Collecting Episode 0
Collecting Episode 10
Collecting Episode 20
Collecting Episode 30
Collecting Episode 40
Collecting Episode 50
Collecting Episode 60
Finish Collecting Episodes in 89.17 seconds
avg value loss 439.0370686848958
Iteration 683/2000 - Average Reward: 5.548649754595115
{'AREA': np.float64(176922.86233576265), 'weighted_R_M': 3.4527845163532525, 'weighted_R_T': 1.6545266326930788, 'weighted_R_P': 1.8862317403157551, 'cost_balance': np.float64(1.4448931305650157), 'R_T_ratio': 4.973074435727118e-05, 'R_P_ratio': 8.386166751973999e-05}
Training Iteration 683
Collecting Episode 0
Collecting Episode 10
Collecting Episode 20
Collecting Episode 30
Collecting Episode 40
Collecting Episode 50
Collecting Episode 60
Finish Collecting Episodes in 89.20 seconds
avg value loss 303.29541015625
Iteration 684/2000 - Average Reward: 5.679604936271466
{'AREA': np.float64(180384.48641398465), 'weighted_R_M': 3.5804686271667503, 'weighted_R_T': 1.686270245247417, 'weighted_R_P': 1.6296340094672308, 'cost_balance': np.float64(1.2167679477490219), 'R_T_ratio': 5.0684396681348174e-05, 'R_P_ratio': 7.247210145196501e-05}
Training Iteration 684
Collecting Episode 0
Collecting Episode 10
Collecting Episode 20
Collecting Episode 30
Collecting Episode 40
Collecting Episode 50
Collecting Episode 60
Finish Collecting Episodes in 89.16 seconds
avg value loss 382.16966353522406
Iteration 685/2000 - Average Reward: 5.69526974766955
{'AREA': np.float64(180112.45371906774), 'weighted_R_M': 3.6924446685463987, 'weighted_R_T': 1.671312687297662, 'weighted_R_P': 1.5636923048231337, 'cost_balance': np.float64(1.2321799151942952), 'R_T_ratio': 5.023090385859741e-05, 'R_P_ratio': 6.954476504827944e-05}
Training Iteration 685
Collecting Episode 0
Collecting Episode 10
Collecting Episode 20
Collecting Episode 30
Collecting Episode 40
Collecting Episode 50
Collecting Episode 60
Finish Collecting Episodes in 89.30 seconds
avg value loss 521.073902130127
Iteration 686/2000 - Average Reward: 5.947540056561896
{'AREA': np.float64(179073.05401142978), 'weighted_R_M': 3.782345153131448, 'weighted_R_T': 1.6842389264040523, 'weighted_R_P': 1.7005208333333333, 'cost_balance': np.float64(1.2195648525447438), 'R_T_ratio': 5.062268878074557e-05, 'R_P_ratio': 7.560269330712953e-05}
Training Iteration 686
Collecting Episode 0
Collecting Episode 10
Collecting Episode 20
Collecting Episode 30
Collecting Episode 40
Collecting Episode 50
Collecting Episode 60
Finish Collecting Episodes in 89.16 seconds
avg value loss 590.7100584242079
Iteration 687/2000 - Average Reward: 5.814016042046003
{'AREA': np.float64(177680.90279727682), 'weighted_R_M': 3.8242874609125264, 'weighted_R_T': 1.6596654653549194, 'weighted_R_P': 1.5191158718532987, 'cost_balance': np.float64(1.1890527565998592), 'R_T_ratio': 4.988099244129333e-05, 'R_P_ratio': 6.75664707034519e-05}
Training Iteration 687
Collecting Episode 0
Collecting Episode 10
Collecting Episode 20
Collecting Episode 30
Collecting Episode 40
Collecting Episode 50
Collecting Episode 60
Finish Collecting Episodes in 89.36 seconds
avg value loss 352.48469077216254
Iteration 688/2000 - Average Reward: 6.0142169678713095
{'AREA': np.float64(176977.32852888008), 'weighted_R_M': 3.590312836554707, 'weighted_R_T': 1.834377956059244, 'weighted_R_P': 1.8528149922688801, 'cost_balance': np.float64(1.2632888207064907), 'R_T_ratio': 5.514944650001722e-05, 'R_P_ratio': 8.236709929307979e-05}
Training Iteration 688
Collecting Episode 0
Collecting Episode 10
Collecting Episode 20
Collecting Episode 30
Collecting Episode 40
Collecting Episode 50
Collecting Episode 60
Finish Collecting Episodes in 89.30 seconds
avg value loss 732.5578668382433
Iteration 689/2000 - Average Reward: 6.396414641562539
{'AREA': np.float64(179239.23677825584), 'weighted_R_M': 3.9247833113208292, 'weighted_R_T': 1.872714297638999, 'weighted_R_P': 1.753096686469184, 'cost_balance': np.float64(1.154179659718625), 'R_T_ratio': 5.629709697017562e-05, 'R_P_ratio': 7.795671953794714e-05}
Training Iteration 689
Collecting Episode 0
Collecting Episode 10
Collecting Episode 20
Collecting Episode 30
Collecting Episode 40
Collecting Episode 50
Collecting Episode 60
Finish Collecting Episodes in 89.30 seconds
avg value loss 270.0197067260742
Iteration 690/2000 - Average Reward: 6.069647628904527
{'AREA': np.float64(179014.47146701842), 'weighted_R_M': 3.851289292502972, 'weighted_R_T': 1.7595725746618376, 'weighted_R_P': 1.6659550136990018, 'cost_balance': np.float64(1.2071692387004491), 'R_T_ratio': 5.28963664986846e-05, 'R_P_ratio': 7.406001234488517e-05}
Training Iteration 690
Collecting Episode 0
Collecting Episode 10
Collecting Episode 20
Collecting Episode 30
Collecting Episode 40
Collecting Episode 50
Collecting Episode 60
Finish Collecting Episodes in 89.13 seconds
avg value loss 398.829951816135
Iteration 691/2000 - Average Reward: 5.450194132979959
{'AREA': np.float64(180191.67799299158), 'weighted_R_M': 3.731201737517444, 'weighted_R_T': 1.5525747512777646, 'weighted_R_P': 1.4252989027235243, 'cost_balance': np.float64(1.258881271077383), 'R_T_ratio': 4.6655724730604616e-05, 'R_P_ratio': 6.338691379705978e-05}
Training Iteration 691
Collecting Episode 0
Collecting Episode 10
Collecting Episode 20
Collecting Episode 30
Collecting Episode 40
Collecting Episode 50
Collecting Episode 60
Finish Collecting Episodes in 89.28 seconds
avg value loss 255.1108661227756
Iteration 692/2000 - Average Reward: 6.047450579204855
{'AREA': np.float64(179375.85700086562), 'weighted_R_M': 3.7009136520013675, 'weighted_R_T': 1.8078606161806319, 'weighted_R_P': 1.7613199022081163, 'cost_balance': np.float64(1.2226435788460206), 'R_T_ratio': 5.4346867481939544e-05, 'R_P_ratio': 7.829117671043527e-05}
Training Iteration 692
Collecting Episode 0
Collecting Episode 10
Collecting Episode 20
Collecting Episode 30
Collecting Episode 40
Collecting Episode 50
Collecting Episode 60
Finish Collecting Episodes in 89.18 seconds
avg value loss 584.0591447618273
Iteration 693/2000 - Average Reward: 5.8677157260697435
{'AREA': np.float64(178133.00717696568), 'weighted_R_M': 3.7786881481095205, 'weighted_R_T': 1.762277548511823, 'weighted_R_P': 1.647688971625434, 'cost_balance': np.float64(1.3209389585560858), 'R_T_ratio': 5.297648194537183e-05, 'R_P_ratio': 7.325317476122552e-05}
Training Iteration 693
Collecting Episode 0
Collecting Episode 10
Collecting Episode 20
Collecting Episode 30
Collecting Episode 40
Collecting Episode 50
Collecting Episode 60
Finish Collecting Episodes in 89.28 seconds
avg value loss 297.77170753479004
Iteration 694/2000 - Average Reward: 6.0969962999645055
{'AREA': np.float64(179857.24483414297), 'weighted_R_M': 3.7649884422556474, 'weighted_R_T': 1.8003386341863208, 'weighted_R_P': 1.768135494656033, 'cost_balance': np.float64(1.2364662878527823), 'R_T_ratio': 5.411868546187976e-05, 'R_P_ratio': 7.864383643376192e-05}
Training Iteration 694
Collecting Episode 0
Collecting Episode 10
Collecting Episode 20
Collecting Episode 30
Collecting Episode 40
Collecting Episode 50
Collecting Episode 60
Finish Collecting Episodes in 89.21 seconds
avg value loss 868.0546069675022
Iteration 695/2000 - Average Reward: 6.2338716801411165
{'AREA': np.float64(177847.83557007177), 'weighted_R_M': 3.8757485498413695, 'weighted_R_T': 1.8080706803335085, 'weighted_R_P': 1.808850606282552, 'cost_balance': np.float64(1.2587981742476329), 'R_T_ratio': 5.435683631226096e-05, 'R_P_ratio': 8.042912673982766e-05}
Training Iteration 695
Collecting Episode 0
Collecting Episode 10
Collecting Episode 20
Collecting Episode 30
Collecting Episode 40
Collecting Episode 50
Collecting Episode 60
Finish Collecting Episodes in 89.16 seconds
avg value loss 327.3290566338433
Iteration 696/2000 - Average Reward: 5.868765804793737
{'AREA': np.float64(182993.11682713655), 'weighted_R_M': 3.751071159382213, 'weighted_R_T': 1.679423990348975, 'weighted_R_P': 1.5788565741644964, 'cost_balance': np.float64(1.1405859197480643), 'R_T_ratio': 5.0482207634568334e-05, 'R_P_ratio': 7.020444622212986e-05}
Training Iteration 696
Collecting Episode 0
Collecting Episode 10
Collecting Episode 20
Collecting Episode 30
Collecting Episode 40
Collecting Episode 50
Collecting Episode 60
Finish Collecting Episodes in 89.16 seconds
avg value loss 374.736393822564
Iteration 697/2000 - Average Reward: 5.927880642321219
{'AREA': np.float64(181807.12154794935), 'weighted_R_M': 3.9229465885069255, 'weighted_R_T': 1.6762564571367369, 'weighted_R_P': 1.538917965359158, 'cost_balance': np.float64(1.210240369790797), 'R_T_ratio': 5.037797524832922e-05, 'R_P_ratio': 6.843189266722869e-05}
Training Iteration 697
Collecting Episode 0
Collecting Episode 10
Collecting Episode 20
Collecting Episode 30
Collecting Episode 40
Collecting Episode 50
Collecting Episode 60
Finish Collecting Episodes in 89.16 seconds
avg value loss 388.15310202704535
Iteration 698/2000 - Average Reward: 6.123279171413742
{'AREA': np.float64(181364.31923704167), 'weighted_R_M': 3.959145174745471, 'weighted_R_T': 1.7482958104875352, 'weighted_R_P': 1.6240247090657551, 'cost_balance': np.float64(1.2081865146840853), 'R_T_ratio': 5.255157679748268e-05, 'R_P_ratio': 7.221811711216146e-05}
Training Iteration 698
Collecting Episode 0
Collecting Episode 10
Collecting Episode 20
Collecting Episode 30
Collecting Episode 40
Collecting Episode 50
Collecting Episode 60
Finish Collecting Episodes in 89.27 seconds
avg value loss 319.982421875
Iteration 699/2000 - Average Reward: 6.328616700102834
{'AREA': np.float64(184794.7268224144), 'weighted_R_M': 3.804393713263784, 'weighted_R_T': 1.8033074827657805, 'weighted_R_P': 1.8032396104600694, 'cost_balance': np.float64(1.0823241097703027), 'R_T_ratio': 5.4211927809571454e-05, 'R_P_ratio': 8.016794300790152e-05}
Training Iteration 699
Collecting Episode 0
Collecting Episode 10
Collecting Episode 20
Collecting Episode 30
Collecting Episode 40
Collecting Episode 50
Collecting Episode 60
Finish Collecting Episodes in 89.16 seconds
avg value loss 390.21227010091144
Iteration 700/2000 - Average Reward: 6.073757388629019
{'AREA': np.float64(185042.2991586607), 'weighted_R_M': 3.8886594467519697, 'weighted_R_T': 1.778706081211567, 'weighted_R_P': 1.6645664638943143, 'cost_balance': np.float64(1.2581746069753268), 'R_T_ratio': 5.34686252411669e-05, 'R_P_ratio': 7.401688262531163e-05}
Training Iteration 700
Collecting Episode 0
Collecting Episode 10
Collecting Episode 20
Collecting Episode 30
Collecting Episode 40
Collecting Episode 50
Collecting Episode 60
Finish Collecting Episodes in 89.28 seconds
avg value loss 599.5415666368273
Iteration 701/2000 - Average Reward: 6.398480357252993
{'AREA': np.float64(181966.81574088775), 'weighted_R_M': 3.813815622338047, 'weighted_R_T': 1.8822722534338634, 'weighted_R_P': 1.849763658311632, 'cost_balance': np.float64(1.147371162308689), 'R_T_ratio': 5.659110224268281e-05, 'R_P_ratio': 8.224438143702532e-05}
Training Iteration 701
Collecting Episode 0
Collecting Episode 10
Collecting Episode 20
Collecting Episode 30
Collecting Episode 40
Collecting Episode 50
Collecting Episode 60
Finish Collecting Episodes in 89.16 seconds
avg value loss 1510.7964981926812
Iteration 702/2000 - Average Reward: 5.951398544459759
{'AREA': np.float64(177334.52304816904), 'weighted_R_M': 3.655935616387271, 'weighted_R_T': 1.8393998559978273, 'weighted_R_P': 1.8628705342610676, 'cost_balance': np.float64(1.4068074655256966), 'R_T_ratio': 5.5294274449685684e-05, 'R_P_ratio': 8.284166078113214e-05}
Training Iteration 702
Collecting Episode 0
Collecting Episode 10
Collecting Episode 20
Collecting Episode 30
Collecting Episode 40
Collecting Episode 50
Collecting Episode 60
Finish Collecting Episodes in 89.24 seconds
avg value loss 303.4105517069499
Iteration 703/2000 - Average Reward: 5.807391311177828
{'AREA': np.float64(177651.26336105238), 'weighted_R_M': 3.6732187631185096, 'weighted_R_T': 1.6773393775026004, 'weighted_R_P': 1.7024019029405382, 'cost_balance': np.float64(1.2455687153365638), 'R_T_ratio': 5.041627059123372e-05, 'R_P_ratio': 7.565263326361451e-05}
Training Iteration 703
Collecting Episode 0
Collecting Episode 10
Collecting Episode 20
Collecting Episode 30
Collecting Episode 40
Collecting Episode 50
Collecting Episode 60
Finish Collecting Episodes in 89.15 seconds
avg value loss 299.13304222954645
Iteration 704/2000 - Average Reward: 6.560727233099493
{'AREA': np.float64(182488.39304435614), 'weighted_R_M': 3.7593178582539823, 'weighted_R_T': 1.9262674152851105, 'weighted_R_P': 1.916995154486762, 'cost_balance': np.float64(1.0418531759910676), 'R_T_ratio': 5.791591110397719e-05, 'R_P_ratio': 8.522913709596107e-05}
Training Iteration 704
Collecting Episode 0
Collecting Episode 10
Collecting Episode 20
Collecting Episode 30
Collecting Episode 40
Collecting Episode 50
Collecting Episode 60
Finish Collecting Episodes in 89.24 seconds
avg value loss 297.4985508388943
Iteration 705/2000 - Average Reward: 6.21017207026792
{'AREA': np.float64(182105.68534598604), 'weighted_R_M': 3.881587896638747, 'weighted_R_T': 1.7213314357731078, 'weighted_R_P': 1.7922715081108942, 'cost_balance': np.float64(1.1850187812501602), 'R_T_ratio': 5.174826103404121e-05, 'R_P_ratio': 7.966086892464049e-05}
Training Iteration 705
Collecting Episode 0
Collecting Episode 10
Collecting Episode 20
Collecting Episode 30
Collecting Episode 40
Collecting Episode 50
Collecting Episode 60
Finish Collecting Episodes in 89.18 seconds
avg value loss 474.8744405110677
Iteration 706/2000 - Average Reward: 6.276627784682205
{'AREA': np.float64(179681.91439658953), 'weighted_R_M': 3.629709004160822, 'weighted_R_T': 1.833767940600713, 'weighted_R_P': 1.953976525200738, 'cost_balance': np.float64(1.1408256940206194), 'R_T_ratio': 5.512900592659508e-05, 'R_P_ratio': 8.686051865914067e-05}
Training Iteration 706
Collecting Episode 0
Collecting Episode 10
Collecting Episode 20
Collecting Episode 30
Collecting Episode 40
Collecting Episode 50
Collecting Episode 60
Finish Collecting Episodes in 89.29 seconds
avg value loss 239.16785600450305
Iteration 707/2000 - Average Reward: 6.332158274980935
{'AREA': np.float64(181239.7080162358), 'weighted_R_M': 4.05520597298409, 'weighted_R_T': 1.7194113590651088, 'weighted_R_P': 1.7319988674587674, 'cost_balance': np.float64(1.1744579277224194), 'R_T_ratio': 5.1683623891495466e-05, 'R_P_ratio': 7.7001535422428e-05}
Training Iteration 707
Collecting Episode 0
Collecting Episode 10
Collecting Episode 20
Collecting Episode 30
Collecting Episode 40
Collecting Episode 50
Collecting Episode 60
Finish Collecting Episodes in 89.28 seconds
avg value loss 335.97647772894965
Iteration 708/2000 - Average Reward: 5.803813595945637
{'AREA': np.float64(182218.7590997968), 'weighted_R_M': 3.621932829660283, 'weighted_R_T': 1.7452343470520444, 'weighted_R_P': 1.677945031060113, 'cost_balance': np.float64(1.2412986052037487), 'R_T_ratio': 5.245697530863335e-05, 'R_P_ratio': 7.460984817499029e-05}
Training Iteration 708
Collecting Episode 0
Collecting Episode 10
Collecting Episode 20
Collecting Episode 30
Collecting Episode 40
Collecting Episode 50
Collecting Episode 60
Finish Collecting Episodes in 89.24 seconds
avg value loss 267.4419428507487
Iteration 709/2000 - Average Reward: 6.4710287854993815
{'AREA': np.float64(179940.25868462777), 'weighted_R_M': 3.7442396861837954, 'weighted_R_T': 1.9360587207807436, 'weighted_R_P': 1.9928643968370225, 'cost_balance': np.float64(1.2021340172216894), 'R_T_ratio': 5.820858945431964e-05, 'R_P_ratio': 8.860435937054551e-05}
Training Iteration 709
Collecting Episode 0
Collecting Episode 10
Collecting Episode 20
Collecting Episode 30
Collecting Episode 40
Collecting Episode 50
Collecting Episode 60
Finish Collecting Episodes in 89.18 seconds
avg value loss 321.2425265842014
Iteration 710/2000 - Average Reward: 6.18351809364847
{'AREA': np.float64(180020.18957807298), 'weighted_R_M': 3.835309543173935, 'weighted_R_T': 1.7652112162775464, 'weighted_R_P': 1.6814982096354167, 'cost_balance': np.float64(1.0985008831152916), 'R_T_ratio': 5.306563943565903e-05, 'R_P_ratio': 7.475488563926967e-05}
Training Iteration 710
Collecting Episode 0
Collecting Episode 10
Collecting Episode 20
Collecting Episode 30
Collecting Episode 40
Collecting Episode 50
Collecting Episode 60
Finish Collecting Episodes in 89.15 seconds
avg value loss 425.13462109035913
Iteration 711/2000 - Average Reward: 6.696389091270652
{'AREA': np.float64(179694.8853595184), 'weighted_R_M': 3.641236445910989, 'weighted_R_T': 2.0338610443803997, 'weighted_R_P': 2.2073694864908853, 'cost_balance': np.float64(1.1860778873679343), 'R_T_ratio': 6.115280752246198e-05, 'R_P_ratio': 9.812476115241307e-05}
Training Iteration 711
Collecting Episode 0
Collecting Episode 10
Collecting Episode 20
Collecting Episode 30
Collecting Episode 40
Collecting Episode 50
Collecting Episode 60
Finish Collecting Episodes in 89.25 seconds
avg value loss 271.1306521097819
Iteration 712/2000 - Average Reward: 6.692832463505005
{'AREA': np.float64(182941.37199338293), 'weighted_R_M': 3.7900932982032223, 'weighted_R_T': 1.9291446862949266, 'weighted_R_P': 1.9570706685384114, 'cost_balance': np.float64(0.9834761968758596), 'R_T_ratio': 5.799997712310304e-05, 'R_P_ratio': 8.701353439148475e-05}
Training Iteration 712
Collecting Episode 0
Collecting Episode 10
Collecting Episode 20
Collecting Episode 30
Collecting Episode 40
Collecting Episode 50
Collecting Episode 60
Finish Collecting Episodes in 89.18 seconds
avg value loss 575.3416006300184
Iteration 713/2000 - Average Reward: 6.451658037251844
{'AREA': np.float64(184355.97499112473), 'weighted_R_M': 3.7335115362527884, 'weighted_R_T': 1.838553903831376, 'weighted_R_P': 1.913338131374783, 'cost_balance': np.float64(1.03374552819717), 'R_T_ratio': 5.5269352328821746e-05, 'R_P_ratio': 8.508079320478861e-05}
Training Iteration 713
Collecting Episode 0
Collecting Episode 10
Collecting Episode 20
Collecting Episode 30
Collecting Episode 40
Collecting Episode 50
Collecting Episode 60
Finish Collecting Episodes in 89.29 seconds
avg value loss 810.1921641031901
Iteration 714/2000 - Average Reward: 6.124172886624971
{'AREA': np.float64(181216.38386303847), 'weighted_R_M': 3.6036801163805245, 'weighted_R_T': 1.8983567125267453, 'weighted_R_P': 1.94476318359375, 'cost_balance': np.float64(1.3226271257906026), 'R_T_ratio': 5.7073003642419774e-05, 'R_P_ratio': 8.646266382379852e-05}
Training Iteration 714
Collecting Episode 0
Collecting Episode 10
Collecting Episode 20
Collecting Episode 30
Collecting Episode 40
Collecting Episode 50
Collecting Episode 60
Finish Collecting Episodes in 89.15 seconds
avg value loss 999.7740181816948
Iteration 715/2000 - Average Reward: 6.066546081099659
{'AREA': np.float64(183729.08206098946), 'weighted_R_M': 3.615859578918174, 'weighted_R_T': 1.746036318441232, 'weighted_R_P': 1.7808282640245225, 'cost_balance': np.float64(1.076178069541303), 'R_T_ratio': 5.2481503382271875e-05, 'R_P_ratio': 7.917341428557835e-05}
Training Iteration 715
Collecting Episode 0
Collecting Episode 10
Collecting Episode 20
Collecting Episode 30
Collecting Episode 40
Collecting Episode 50
Collecting Episode 60
Finish Collecting Episodes in 89.26 seconds
avg value loss 417.58244196573895
Iteration 716/2000 - Average Reward: 6.588892603228386
{'AREA': np.float64(184004.85678116488), 'weighted_R_M': 3.884578517675638, 'weighted_R_T': 1.8053072401218944, 'weighted_R_P': 1.8654454549153645, 'cost_balance': np.float64(0.966438591099841), 'R_T_ratio': 5.4270742549233304e-05, 'R_P_ratio': 8.293407992087603e-05}
Training Iteration 716
Collecting Episode 0
Collecting Episode 10
Collecting Episode 20
Collecting Episode 30
Collecting Episode 40
Collecting Episode 50
Collecting Episode 60
Finish Collecting Episodes in 89.12 seconds
avg value loss 608.8566708034939
Iteration 717/2000 - Average Reward: 6.351040878384891
{'AREA': np.float64(184936.55954885902), 'weighted_R_M': 3.8751126735685375, 'weighted_R_T': 1.7640486144357257, 'weighted_R_P': 1.7347852918836806, 'cost_balance': np.float64(1.0229057025174972), 'R_T_ratio': 5.3023121678927e-05, 'R_P_ratio': 7.712758645844444e-05}
Training Iteration 717
Collecting Episode 0
Collecting Episode 10
Collecting Episode 20
Collecting Episode 30
Collecting Episode 40
Collecting Episode 50
Collecting Episode 60
Finish Collecting Episodes in 89.29 seconds
avg value loss 488.4520611233181
Iteration 718/2000 - Average Reward: 6.752230519428849
{'AREA': np.float64(184423.93025327788), 'weighted_R_M': 3.8959694624497083, 'weighted_R_T': 1.9565767910745409, 'weighted_R_P': 1.9919730292426214, 'cost_balance': np.float64(1.0922887684314786), 'R_T_ratio': 5.8826066855096555e-05, 'R_P_ratio': 8.855370207866574e-05}
Training Iteration 718
Collecting Episode 0
Collecting Episode 10
Collecting Episode 20
Collecting Episode 30
Collecting Episode 40
Collecting Episode 50
Collecting Episode 60
Finish Collecting Episodes in 89.13 seconds
avg value loss 501.56465996636285
Iteration 719/2000 - Average Reward: 6.742132087639119
{'AREA': np.float64(186889.58962331747), 'weighted_R_M': 3.6343921534964796, 'weighted_R_T': 2.03927513377534, 'weighted_R_P': 2.031895531548394, 'cost_balance': np.float64(0.9634307271489116), 'R_T_ratio': 6.132302307740774e-05, 'R_P_ratio': 9.030934168222093e-05}
Training Iteration 719
Collecting Episode 0
Collecting Episode 10
Collecting Episode 20
Collecting Episode 30
Collecting Episode 40
Collecting Episode 50
Collecting Episode 60
Finish Collecting Episodes in 89.28 seconds
avg value loss 1007.6770884195963
Iteration 720/2000 - Average Reward: 6.758449117064528
{'AREA': np.float64(187592.47141382514), 'weighted_R_M': 3.901315744926655, 'weighted_R_T': 1.9188028656774097, 'weighted_R_P': 1.9369188944498699, 'cost_balance': np.float64(0.9985883920706754), 'R_T_ratio': 5.7684995129009264e-05, 'R_P_ratio': 8.610469634790569e-05}
Checkpoint saved to checkpoints/ckpt_single_shared_attention_720_6.76.pt
Training Iteration 720
Collecting Episode 0
Collecting Episode 10
Collecting Episode 20
Collecting Episode 30
Collecting Episode 40
Collecting Episode 50
Collecting Episode 60
Finish Collecting Episodes in 89.19 seconds
avg value loss 626.3741086324056
Iteration 721/2000 - Average Reward: 6.226749663512844
{'AREA': np.float64(183256.9228336899), 'weighted_R_M': 3.855608840040026, 'weighted_R_T': 1.854487281706598, 'weighted_R_P': 1.742810567220052, 'cost_balance': np.float64(1.226157026885289), 'R_T_ratio': 5.575217560058496e-05, 'R_P_ratio': 7.750715325968407e-05}
Training Iteration 721
Collecting Episode 0
Collecting Episode 10
Collecting Episode 20
Collecting Episode 30
Collecting Episode 40
Collecting Episode 50
Collecting Episode 60
Finish Collecting Episodes in 89.20 seconds
avg value loss 453.8050600687663
Iteration 722/2000 - Average Reward: 6.794008284671388
{'AREA': np.float64(188172.87529788227), 'weighted_R_M': 4.066868021477578, 'weighted_R_T': 1.9958501466446452, 'weighted_R_P': 1.7830806308322482, 'cost_balance': np.float64(1.0517905043504276), 'R_T_ratio': 6.000799639754245e-05, 'R_P_ratio': 7.927827057228732e-05}
Training Iteration 722
Collecting Episode 0
Collecting Episode 10
Collecting Episode 20
Collecting Episode 30
Collecting Episode 40
Collecting Episode 50
Collecting Episode 60
Finish Collecting Episodes in 89.26 seconds
avg value loss 451.88658184475366
Iteration 723/2000 - Average Reward: 6.820838200969673
{'AREA': np.float64(187034.75270924185), 'weighted_R_M': 3.8207978942251026, 'weighted_R_T': 1.9560593912998836, 'weighted_R_P': 1.9988136291503906, 'cost_balance': np.float64(0.9548327297338237), 'R_T_ratio': 5.881121248748869e-05, 'R_P_ratio': 8.88541133856212e-05}
Training Iteration 723
Collecting Episode 0
Collecting Episode 10
Collecting Episode 20
Collecting Episode 30
Collecting Episode 40
Collecting Episode 50
Collecting Episode 60
Finish Collecting Episodes in 89.16 seconds
avg value loss 516.3772239685059
Iteration 724/2000 - Average Reward: 6.639009864903831
{'AREA': np.float64(187131.6432631559), 'weighted_R_M': 3.8665168035342705, 'weighted_R_T': 1.9373563643958833, 'weighted_R_P': 1.8064698113335504, 'cost_balance': np.float64(0.9713331069299491), 'R_T_ratio': 5.824505358647628e-05, 'R_P_ratio': 8.032152772733146e-05}
Training Iteration 724
Collecting Episode 0
Collecting Episode 10
Collecting Episode 20
Collecting Episode 30
Collecting Episode 40
Collecting Episode 50
Collecting Episode 60
Finish Collecting Episodes in 89.32 seconds
avg value loss 440.0019993252224
Iteration 725/2000 - Average Reward: 6.443581573516389
{'AREA': np.float64(177982.3503956421), 'weighted_R_M': 3.74695832788023, 'weighted_R_T': 1.9748353709777196, 'weighted_R_P': 1.9418712192111545, 'cost_balance': np.float64(1.2200833346979734), 'R_T_ratio': 5.9375300572752275e-05, 'R_P_ratio': 8.633311263050848e-05}
Training Iteration 725
Collecting Episode 0
Collecting Episode 10
Collecting Episode 20
Collecting Episode 30
Collecting Episode 40
Collecting Episode 50
Collecting Episode 60
Finish Collecting Episodes in 89.09 seconds
avg value loss 362.63518142700195
Iteration 726/2000 - Average Reward: 6.823025308420053
{'AREA': np.float64(187403.70694533165), 'weighted_R_M': 3.679942560758718, 'weighted_R_T': 2.0468917994035616, 'weighted_R_P': 2.1006414625379772, 'cost_balance': np.float64(1.0044505220524316), 'R_T_ratio': 6.154773364514439e-05, 'R_P_ratio': 9.339078263420928e-05}
Training Iteration 726
Collecting Episode 0
Collecting Episode 10
Collecting Episode 20
Collecting Episode 30
Collecting Episode 40
Collecting Episode 50
Collecting Episode 60
Finish Collecting Episodes in 89.18 seconds
avg value loss 244.80614047580295
Iteration 727/2000 - Average Reward: 6.58966852644355
{'AREA': np.float64(186307.99651309446), 'weighted_R_M': 3.7677368867421643, 'weighted_R_T': 1.9323479185501735, 'weighted_R_P': 1.9356973436143663, 'cost_balance': np.float64(1.046113636999413), 'R_T_ratio': 5.8097857706044314e-05, 'R_P_ratio': 8.605228462626704e-05}
Training Iteration 727
Collecting Episode 0
Collecting Episode 10
Collecting Episode 20
Collecting Episode 30
Collecting Episode 40
Collecting Episode 50
Collecting Episode 60
Finish Collecting Episodes in 89.14 seconds
avg value loss 433.4388813442654
Iteration 728/2000 - Average Reward: 6.8348579491010035
{'AREA': np.float64(189427.4720761349), 'weighted_R_M': 3.89475456911282, 'weighted_R_T': 1.997722623248895, 'weighted_R_P': 1.9266323513454862, 'cost_balance': np.float64(0.984251604185074), 'R_T_ratio': 6.0069360837738335e-05, 'R_P_ratio': 8.564168982800231e-05}
Training Iteration 728
Collecting Episode 0
Collecting Episode 10
Collecting Episode 20
Collecting Episode 30
Collecting Episode 40
Collecting Episode 50
Collecting Episode 60
Finish Collecting Episodes in 89.22 seconds
avg value loss 465.7848201327854
Iteration 729/2000 - Average Reward: 7.045409280386391
{'AREA': np.float64(189635.80419175737), 'weighted_R_M': 4.094137662878388, 'weighted_R_T': 1.9974183903800116, 'weighted_R_P': 1.9107805887858074, 'cost_balance': np.float64(0.9569273667493877), 'R_T_ratio': 6.0056550365294695e-05, 'R_P_ratio': 8.492529894831476e-05}
Training Iteration 729
Collecting Episode 0
Collecting Episode 10
Collecting Episode 20
Collecting Episode 30
Collecting Episode 40
Collecting Episode 50
Collecting Episode 60
Finish Collecting Episodes in 89.09 seconds
avg value loss 376.5493223402235
Iteration 730/2000 - Average Reward: 7.34093255823892
{'AREA': np.float64(187504.0382898493), 'weighted_R_M': 3.9956297208559084, 'weighted_R_T': 2.081680836776892, 'weighted_R_P': 2.1837730407714844, 'cost_balance': np.float64(0.9201510238191665), 'R_T_ratio': 6.259925862279408e-05, 'R_P_ratio': 9.704828238306219e-05}
Training Iteration 730
Collecting Episode 0
Collecting Episode 10
Collecting Episode 20
Collecting Episode 30
Collecting Episode 40
Collecting Episode 50
Collecting Episode 60
Finish Collecting Episodes in 89.17 seconds
avg value loss 650.8533130221897
Iteration 731/2000 - Average Reward: 7.034887724022458
{'AREA': np.float64(190268.54486384636), 'weighted_R_M': 4.199101536898234, 'weighted_R_T': 1.9748529634541936, 'weighted_R_P': 1.8916371663411458, 'cost_balance': np.float64(1.0307039276482528), 'R_T_ratio': 5.937265408490242e-05, 'R_P_ratio': 8.409274418686195e-05}
Training Iteration 731
Collecting Episode 0
Collecting Episode 10
Collecting Episode 20
Collecting Episode 30
Collecting Episode 40
Collecting Episode 50
Collecting Episode 60
Finish Collecting Episodes in 89.10 seconds
avg value loss 1342.512191772461
Iteration 732/2000 - Average Reward: 7.045862451215119
{'AREA': np.float64(189027.84999564016), 'weighted_R_M': 4.000150609005282, 'weighted_R_T': 2.019592664308018, 'weighted_R_P': 1.952145470513238, 'cost_balance': np.float64(0.9260263071135372), 'R_T_ratio': 6.072035926845317e-05, 'R_P_ratio': 8.67853387378924e-05}
Training Iteration 732
Collecting Episode 0
Collecting Episode 10
Collecting Episode 20
Collecting Episode 30
Collecting Episode 40
Collecting Episode 50
Collecting Episode 60
Finish Collecting Episodes in 89.20 seconds
avg value loss 535.5063501993815
Iteration 733/2000 - Average Reward: 6.825950251227671
{'AREA': np.float64(187838.1452128872), 'weighted_R_M': 3.81341973505702, 'weighted_R_T': 1.9498986916409597, 'weighted_R_P': 2.0364447699652777, 'cost_balance': np.float64(0.9738129480445706), 'R_T_ratio': 5.862627532289555e-05, 'R_P_ratio': 9.053740293071205e-05}
Training Iteration 733
Collecting Episode 0
Collecting Episode 10
Collecting Episode 20
Collecting Episode 30
Collecting Episode 40
Collecting Episode 50
Collecting Episode 60
Finish Collecting Episodes in 89.10 seconds
avg value loss 974.5927081637913
Iteration 734/2000 - Average Reward: 6.930298983015948
{'AREA': np.float64(187491.7153686197), 'weighted_R_M': 4.0556334079215555, 'weighted_R_T': 1.992247482140859, 'weighted_R_P': 1.8518799675835504, 'cost_balance': np.float64(0.969461864604275), 'R_T_ratio': 5.990252330886903e-05, 'R_P_ratio': 8.231264635519264e-05}
Training Iteration 734
Collecting Episode 0
Collecting Episode 10
Collecting Episode 20
Collecting Episode 30
Collecting Episode 40
Collecting Episode 50
Collecting Episode 60
Finish Collecting Episodes in 89.09 seconds
avg value loss 487.06944868299695
Iteration 735/2000 - Average Reward: 7.112327403755949
{'AREA': np.float64(190022.03853939858), 'weighted_R_M': 3.933400556467859, 'weighted_R_T': 2.077263262536791, 'weighted_R_P': 2.031004163953993, 'cost_balance': np.float64(0.9293405655931122), 'R_T_ratio': 6.246776373800926e-05, 'R_P_ratio': 9.025864332000576e-05}
Training Iteration 735
Collecting Episode 0
Collecting Episode 10
Collecting Episode 20
Collecting Episode 30
Collecting Episode 40
Collecting Episode 50
Collecting Episode 60
Finish Collecting Episodes in 89.11 seconds
avg value loss 524.4005491468641
Iteration 736/2000 - Average Reward: 6.557395872207255
{'AREA': np.float64(187926.3048967936), 'weighted_R_M': 3.985220104773867, 'weighted_R_T': 1.7836840003728867, 'weighted_R_P': 1.736329820421007, 'cost_balance': np.float64(0.9478380496111876), 'R_T_ratio': 5.361621253632357e-05, 'R_P_ratio': 7.720046809595038e-05}
Training Iteration 736
Collecting Episode 0
Collecting Episode 10
Collecting Episode 20
Collecting Episode 30
Collecting Episode 40
Collecting Episode 50
Collecting Episode 60
Finish Collecting Episodes in 89.10 seconds
avg value loss 519.3042907714844
Iteration 737/2000 - Average Reward: 7.197247814878614
{'AREA': np.float64(191048.00567856623), 'weighted_R_M': 4.11111434149148, 'weighted_R_T': 1.9954569199019008, 'weighted_R_P': 1.9510269165039062, 'cost_balance': np.float64(0.860350371789394), 'R_T_ratio': 5.999418924094847e-05, 'R_P_ratio': 8.673612854159796e-05}
Training Iteration 737
Collecting Episode 0
Collecting Episode 10
Collecting Episode 20
Collecting Episode 30
Collecting Episode 40
Collecting Episode 50
Collecting Episode 60
Finish Collecting Episodes in 89.17 seconds
avg value loss 644.1340357462565
Iteration 738/2000 - Average Reward: 6.900682152737216
{'AREA': np.float64(187237.90383942844), 'weighted_R_M': 3.7902200407909024, 'weighted_R_T': 1.9288746027482881, 'weighted_R_P': 2.104880862765842, 'cost_balance': np.float64(0.923293348610787), 'R_T_ratio': 5.7988475351896294e-05, 'R_P_ratio': 9.353512767847226e-05}
Training Iteration 738
Collecting Episode 0
Collecting Episode 10
Collecting Episode 20
Collecting Episode 30
Collecting Episode 40
Collecting Episode 50
Collecting Episode 60
Finish Collecting Episodes in 89.07 seconds
avg value loss 612.5493681165907
Iteration 739/2000 - Average Reward: 7.0871092600217604
{'AREA': np.float64(183385.7424092654), 'weighted_R_M': 3.9408566363286406, 'weighted_R_T': 2.1321476532353296, 'weighted_R_P': 1.955765618218316, 'cost_balance': np.float64(0.9416606453318772), 'R_T_ratio': 6.412470976607181e-05, 'R_P_ratio': 8.695632425263315e-05}
Training Iteration 739
Collecting Episode 0
Collecting Episode 10
Collecting Episode 20
Collecting Episode 30
Collecting Episode 40
Collecting Episode 50
Collecting Episode 60
Finish Collecting Episodes in 89.19 seconds
avg value loss 527.4567362467448
Iteration 740/2000 - Average Reward: 6.776714066897209
{'AREA': np.float64(187373.8129873512), 'weighted_R_M': 3.7202157234072124, 'weighted_R_T': 1.9713051401906543, 'weighted_R_P': 2.0903998480902777, 'cost_balance': np.float64(1.0052066403422044), 'R_T_ratio': 5.927686069056828e-05, 'R_P_ratio': 9.291561848821949e-05}
Training Iteration 740
Collecting Episode 0
Collecting Episode 10
Collecting Episode 20
Collecting Episode 30
Collecting Episode 40
Collecting Episode 50
Collecting Episode 60
Finish Collecting Episodes in 89.11 seconds
avg value loss 738.1052538553873
Iteration 741/2000 - Average Reward: 7.218690524427479
{'AREA': np.float64(187709.78681896155), 'weighted_R_M': 4.060083721283251, 'weighted_R_T': 2.060623632536994, 'weighted_R_P': 2.0191226535373263, 'cost_balance': np.float64(0.9211394909359168), 'R_T_ratio': 6.196223828691826e-05, 'R_P_ratio': 8.975415966981186e-05}
Training Iteration 741
Collecting Episode 0
Collecting Episode 10
Collecting Episode 20
Collecting Episode 30
Collecting Episode 40
Collecting Episode 50
Collecting Episode 60
Finish Collecting Episodes in 89.15 seconds
avg value loss 487.1579636467828
Iteration 742/2000 - Average Reward: 7.404032150386936
{'AREA': np.float64(189788.0638138716), 'weighted_R_M': 4.043032919480841, 'weighted_R_T': 2.1635942781964936, 'weighted_R_P': 2.216098361545139, 'cost_balance': np.float64(1.0186934182304315), 'R_T_ratio': 6.506790953986979e-05, 'R_P_ratio': 9.848157640857423e-05}
Training Iteration 742
Collecting Episode 0
Collecting Episode 10
Collecting Episode 20
Collecting Episode 30
Collecting Episode 40
Collecting Episode 50
Collecting Episode 60
Finish Collecting Episodes in 89.10 seconds
avg value loss 437.18455039130316
Iteration 743/2000 - Average Reward: 6.862700237717945
{'AREA': np.float64(185116.71671497787), 'weighted_R_M': 3.867771827127803, 'weighted_R_T': 2.0054696740375624, 'weighted_R_P': 1.9594514634874132, 'cost_balance': np.float64(0.9699927295336683), 'R_T_ratio': 6.0300653147089665e-05, 'R_P_ratio': 8.710739292283918e-05}
Training Iteration 743
Collecting Episode 0
Collecting Episode 10
Collecting Episode 20
Collecting Episode 30
Collecting Episode 40
Collecting Episode 50
Collecting Episode 60
Finish Collecting Episodes in 89.16 seconds
avg value loss 468.2123853895399
Iteration 744/2000 - Average Reward: 7.114780155120469
{'AREA': np.float64(187746.63605972228), 'weighted_R_M': 3.956049737524457, 'weighted_R_T': 2.1178870366679297, 'weighted_R_P': 2.0438914828830295, 'cost_balance': np.float64(1.0030481037481291), 'R_T_ratio': 6.368834069459446e-05, 'R_P_ratio': 9.084337790844467e-05}
Training Iteration 744
Collecting Episode 0
Collecting Episode 10
Collecting Episode 20
Collecting Episode 30
Collecting Episode 40
Collecting Episode 50
Collecting Episode 60
Finish Collecting Episodes in 89.10 seconds
avg value loss 365.6941201951769
Iteration 745/2000 - Average Reward: 7.3795451609184965
{'AREA': np.float64(187847.19025146656), 'weighted_R_M': 3.9558584521727322, 'weighted_R_T': 2.1675394632750087, 'weighted_R_P': 2.1849522060818143, 'cost_balance': np.float64(0.9288049751341494), 'R_T_ratio': 6.518078309483699e-05, 'R_P_ratio': 9.713563879088566e-05}
Training Iteration 745
Collecting Episode 0
Collecting Episode 10
Collecting Episode 20
Collecting Episode 30
Collecting Episode 40
Collecting Episode 50
Collecting Episode 60
Finish Collecting Episodes in 89.19 seconds
avg value loss 525.5524270799425
Iteration 746/2000 - Average Reward: 6.9352219966046205
{'AREA': np.float64(188227.81595064065), 'weighted_R_M': 3.903941961293236, 'weighted_R_T': 2.018338482413027, 'weighted_R_P': 2.038873460557726, 'cost_balance': np.float64(1.0259319031233625), 'R_T_ratio': 6.068784712220788e-05, 'R_P_ratio': 9.065225653738827e-05}
Training Iteration 746
Collecting Episode 0
Collecting Episode 10
Collecting Episode 20
Collecting Episode 30
Collecting Episode 40
Collecting Episode 50
Collecting Episode 60
Finish Collecting Episodes in 89.10 seconds
avg value loss 376.0139461093479
Iteration 747/2000 - Average Reward: 6.826730181230232
{'AREA': np.float64(188118.8587747129), 'weighted_R_M': 3.8647578343728433, 'weighted_R_T': 1.9721040096547868, 'weighted_R_P': 2.0137384202745228, 'cost_balance': np.float64(1.0238700782022827), 'R_T_ratio': 5.92964212245525e-05, 'R_P_ratio': 8.950409205694645e-05}
Training Iteration 747
Collecting Episode 0
Collecting Episode 10
Collecting Episode 20
Collecting Episode 30
Collecting Episode 40
Collecting Episode 50
Collecting Episode 60
Finish Collecting Episodes in 89.18 seconds
avg value loss 389.83212068345813
Iteration 748/2000 - Average Reward: 6.868829894004092
{'AREA': np.float64(190412.01283513807), 'weighted_R_M': 3.9925541663555526, 'weighted_R_T': 1.848295018904739, 'weighted_R_P': 1.9146749708387587, 'cost_balance': np.float64(0.8866942640160985), 'R_T_ratio': 5.556724074811454e-05, 'R_P_ratio': 8.509576955352692e-05}
Training Iteration 748
Collecting Episode 0
Collecting Episode 10
Collecting Episode 20
Collecting Episode 30
Collecting Episode 40
Collecting Episode 50
Collecting Episode 60
Finish Collecting Episodes in 89.11 seconds
avg value loss 390.6839900546604
Iteration 749/2000 - Average Reward: 7.194946407806128
{'AREA': np.float64(189811.12525335868), 'weighted_R_M': 4.049911628854817, 'weighted_R_T': 2.1556707926922374, 'weighted_R_P': 1.9441519843207464, 'cost_balance': np.float64(0.9547879864715161), 'R_T_ratio': 6.482974280813526e-05, 'R_P_ratio': 8.641717461786404e-05}
Training Iteration 749
Collecting Episode 0
Collecting Episode 10
Collecting Episode 20
Collecting Episode 30
Collecting Episode 40
Collecting Episode 50
Collecting Episode 60
Finish Collecting Episodes in 89.10 seconds
avg value loss 604.8143920898438
Iteration 750/2000 - Average Reward: 7.203581160037881
{'AREA': np.float64(191659.85919450794), 'weighted_R_M': 4.062164109851235, 'weighted_R_T': 2.0806553471419544, 'weighted_R_P': 1.9870134989420574, 'cost_balance': np.float64(0.926251800500327), 'R_T_ratio': 6.256449834216181e-05, 'R_P_ratio': 8.83523410811709e-05}
Training Iteration 750
Collecting Episode 0
Collecting Episode 10
Collecting Episode 20
Collecting Episode 30
Collecting Episode 40
Collecting Episode 50
Collecting Episode 60
Finish Collecting Episodes in 89.16 seconds
avg value loss 462.29594167073566
Iteration 751/2000 - Average Reward: 7.116033670919326
{'AREA': np.float64(185185.11055493855), 'weighted_R_M': 4.004380862619756, 'weighted_R_T': 2.0664888934956656, 'weighted_R_P': 2.0106993781195746, 'cost_balance': np.float64(0.9655354553284992), 'R_T_ratio': 6.214631946699202e-05, 'R_P_ratio': 8.937659652485324e-05}
Training Iteration 751
Collecting Episode 0
Collecting Episode 10
Collecting Episode 20
Collecting Episode 30
Collecting Episode 40
Collecting Episode 50
Collecting Episode 60
Finish Collecting Episodes in 89.09 seconds
avg value loss 404.2195748223199
Iteration 752/2000 - Average Reward: 6.871727116457704
{'AREA': np.float64(190890.14940579486), 'weighted_R_M': 3.8983676218172656, 'weighted_R_T': 1.9709502044651244, 'weighted_R_P': 1.9301749335394964, 'cost_balance': np.float64(0.9277656490312215), 'R_T_ratio': 5.9257216255753334e-05, 'R_P_ratio': 8.57799426032057e-05}
Training Iteration 752
Collecting Episode 0
Collecting Episode 10
